{"resourceType":"CodeSystem","id":"codesystem-network-type","text":{"status":"generated","div":"<div xmlns=\"http://www.w3.org/1999/xhtml\"><h2>VhDir Network Type Code System</h2><div><p>This code system contains codes for documenting network.</p>\n</div><p>This code system http://hl7.org/fhir/ig/vhdir/CodeSystem/codesystem-network-type defines the following codes:</p><table class=\"codes\"><tr><td style=\"white-space:nowrap\"><b>Code</b></td><td><b>Display</b></td><td><b>Definition</b></td></tr><tr><td style=\"white-space:nowrap\">ppo<a name=\"codesystem-network-type-ppo\"> </a></td><td>PPO</td><td>PPO</td></tr><tr><td style=\"white-space:nowrap\">hmo<a name=\"codesystem-network-type-hmo\"> </a></td><td>HMO</td><td>HMO</td></tr><tr><td style=\"white-space:nowrap\">aco<a name=\"codesystem-network-type-aco\"> </a></td><td>ACO</td><td>ACO</td></tr><tr><td style=\"white-space:nowrap\">specialty<a name=\"codesystem-network-type-specialty\"> </a></td><td>Specialty</td><td>Specialty</td></tr><tr><td style=\"white-space:nowrap\">dental<a name=\"codesystem-network-type-dental\"> </a></td><td>Dental</td><td>dental</td></tr><tr><td style=\"white-space:nowrap\">vision<a name=\"codesystem-network-type-vision\"> </a></td><td>Vision</td><td>Vision</td></tr><tr><td style=\"white-space:nowrap\">pharmacy<a name=\"codesystem-network-type-pharmacy\"> </a></td><td>Pharmacy</td><td>Pharmacy</td></tr><tr><td style=\"white-space:nowrap\">national<a name=\"codesystem-network-type-national\"> </a></td><td>National</td><td>National</td></tr><tr><td style=\"white-space:nowrap\">regional<a name=\"codesystem-network-type-regional\"> </a></td><td>Regional</td><td>Regional</td></tr><tr><td style=\"white-space:nowrap\">state<a name=\"codesystem-network-type-state\"> </a></td><td>State</td><td>State</td></tr></table></div>"},"url":"http://hl7.org/fhir/ig/vhdir/CodeSystem/codesystem-network-type","version":"0.2.0","name":"VhDir Network Type Code System","title":"VhDir Network Type Code System","status":"active","date":"2018-02-21","publisher":"HL7 - TBD","contact":[{"telecom":[{"system":"other","value":"http://hl7.org/fhir"}]}],"description":"This code system contains codes for documenting network.","caseSensitive":true,"valueSet":"http://hl7.org/fhir/ig/vhdir/ValueSet/valueset-network-type","content":"complete","concept":[{"code":"ppo","display":"PPO","definition":"PPO"},{"code":"hmo","display":"HMO","definition":"HMO"},{"code":"aco","display":"ACO","definition":"ACO"},{"code":"specialty","display":"Specialty","definition":"Specialty"},{"code":"dental","display":"Dental","definition":"dental"},{"code":"vision","display":"Vision","definition":"Vision"},{"code":"pharmacy","display":"Pharmacy","definition":"Pharmacy"},{"code":"national","display":"National","definition":"National"},{"code":"regional","display":"Regional","definition":"Regional"},{"code":"state","display":"State","definition":"State"}]}