{"resourceType":"ImplementationGuide","id":"ig","text":{"status":"generated","div":"<div xmlns=\"http://www.w3.org/1999/xhtml\"><h2>Validated Healthcare Directory</h2><p>The official URL for this implementation guide is: </p><pre>http://hl7.org/fhir/ig/vhdir/ImplementationGuide/ig</pre></div>"},"url":"http://hl7.org/fhir/ig/vhdir/ImplementationGuide/ig","version":"0.2.0","name":"Validated Healthcare Directory","status":"active","publisher":"HL7 Patient Administration Committee","copyright":"Used by permission of HL7 Patient Administration Committee, all rights reserved Creative Commons License","fhirVersion":"3.4.0","definition":{"resource":[{"extension":[{"url":"http://hl7.org/fhir/StructureDefinition/implementationguide-page","valueUri":"Bundle-womens-shelter.html"}],"reference":{"reference":"Bundle/womens-shelter"},"exampleBoolean":true},{"extension":[{"url":"http://hl7.org/fhir/StructureDefinition/implementationguide-page","valueUri":"VerificationResult-ver1.html"}],"reference":{"reference":"VerificationResult/ver1"},"exampleBoolean":true},{"extension":[{"url":"http://hl7.org/fhir/StructureDefinition/implementationguide-page","valueUri":"Practitioner-practitioner1.html"}],"reference":{"reference":"Practitioner/practitioner1"},"exampleBoolean":true},{"extension":[{"url":"http://hl7.org/fhir/StructureDefinition/implementationguide-page","valueUri":"PractitionerRole-practitionerrole1.html"}],"reference":{"reference":"PractitionerRole/practitionerrole1"},"exampleBoolean":true},{"extension":[{"url":"http://hl7.org/fhir/StructureDefinition/implementationguide-page","valueUri":"OrganizationRole-orgrole1.html"}],"reference":{"reference":"OrganizationRole/orgrole1"},"exampleBoolean":true},{"extension":[{"url":"http://hl7.org/fhir/StructureDefinition/implementationguide-page","valueUri":"OrganizationRole-orgrole2.html"}],"reference":{"reference":"OrganizationRole/orgrole2"},"exampleBoolean":true},{"extension":[{"url":"http://hl7.org/fhir/StructureDefinition/implementationguide-page","valueUri":"Organization-foundingfathers.html"}],"reference":{"reference":"Organization/foundingfathers"},"exampleBoolean":true},{"extension":[{"url":"http://hl7.org/fhir/StructureDefinition/implementationguide-page","valueUri":"Organization-patriotppo.html"}],"reference":{"reference":"Organization/patriotppo"},"exampleBoolean":true},{"extension":[{"url":"http://hl7.org/fhir/StructureDefinition/implementationguide-page","valueUri":"Location-loc-ws.html"}],"reference":{"reference":"Location/loc-ws"},"exampleBoolean":true},{"extension":[{"url":"http://hl7.org/fhir/StructureDefinition/implementationguide-page","valueUri":"Location-hospital1.html"}],"reference":{"reference":"Location/hospital1"},"exampleBoolean":true},{"extension":[{"url":"http://hl7.org/fhir/StructureDefinition/implementationguide-page","valueUri":"HealthcareService-hcs-ws.html"}],"reference":{"reference":"HealthcareService/hcs-ws"},"exampleBoolean":true},{"extension":[{"url":"http://hl7.org/fhir/StructureDefinition/implementationguide-page","valueUri":"HealthcareService-ffcardiology.html"}],"reference":{"reference":"HealthcareService/ffcardiology"},"exampleBoolean":true},{"extension":[{"url":"http://hl7.org/fhir/StructureDefinition/implementationguide-page","valueUri":"Endpoint-direct321.html"}],"reference":{"reference":"Endpoint/direct321"},"exampleBoolean":true},{"extension":[{"url":"http://hl7.org/fhir/StructureDefinition/implementationguide-page","valueUri":"CareTeam-cardiologycareteam1.html"}],"reference":{"reference":"CareTeam/cardiologycareteam1"},"exampleBoolean":true},{"extension":[{"url":"http://hl7.org/fhir/StructureDefinition/implementationguide-page","valueUri":"StructureDefinition-vhdir-validation.html"}],"reference":{"reference":"StructureDefinition/vhdir-validation"},"exampleBoolean":false},{"extension":[{"url":"http://hl7.org/fhir/StructureDefinition/implementationguide-page","valueUri":"StructureDefinition-vhdir-restriction.html"}],"reference":{"reference":"StructureDefinition/vhdir-restriction"},"exampleBoolean":false},{"extension":[{"url":"http://hl7.org/fhir/StructureDefinition/implementationguide-page","valueUri":"StructureDefinition-vhdir-productplan.html"}],"reference":{"reference":"StructureDefinition/vhdir-productplan"},"exampleBoolean":false},{"extension":[{"url":"http://hl7.org/fhir/StructureDefinition/implementationguide-page","valueUri":"StructureDefinition-vhdir-practitionerrole.html"}],"reference":{"reference":"StructureDefinition/vhdir-practitionerrole"},"exampleBoolean":false},{"extension":[{"url":"http://hl7.org/fhir/StructureDefinition/implementationguide-page","valueUri":"StructureDefinition-vhdir-practitioner.html"}],"reference":{"reference":"StructureDefinition/vhdir-practitioner"},"exampleBoolean":false},{"extension":[{"url":"http://hl7.org/fhir/StructureDefinition/implementationguide-page","valueUri":"StructureDefinition-vhdir-organizationrole.html"}],"reference":{"reference":"StructureDefinition/vhdir-organizationrole"},"exampleBoolean":false},{"extension":[{"url":"http://hl7.org/fhir/StructureDefinition/implementationguide-page","valueUri":"StructureDefinition-vhdir-organization.html"}],"reference":{"reference":"StructureDefinition/vhdir-organization"},"exampleBoolean":false},{"extension":[{"url":"http://hl7.org/fhir/StructureDefinition/implementationguide-page","valueUri":"StructureDefinition-vhdir-network.html"}],"reference":{"reference":"StructureDefinition/vhdir-network"},"exampleBoolean":false},{"extension":[{"url":"http://hl7.org/fhir/StructureDefinition/implementationguide-page","valueUri":"StructureDefinition-vhdir-location.html"}],"reference":{"reference":"StructureDefinition/vhdir-location"},"exampleBoolean":false},{"extension":[{"url":"http://hl7.org/fhir/StructureDefinition/implementationguide-page","valueUri":"StructureDefinition-vhdir-healthcareservice.html"}],"reference":{"reference":"StructureDefinition/vhdir-healthcareservice"},"exampleBoolean":false},{"extension":[{"url":"http://hl7.org/fhir/StructureDefinition/implementationguide-page","valueUri":"StructureDefinition-vhdir-endpoint.html"}],"reference":{"reference":"StructureDefinition/vhdir-endpoint"},"exampleBoolean":false},{"extension":[{"url":"http://hl7.org/fhir/StructureDefinition/implementationguide-page","valueUri":"StructureDefinition-vhdir-careteam.html"}],"reference":{"reference":"StructureDefinition/vhdir-careteam"},"exampleBoolean":false},{"extension":[{"url":"http://hl7.org/fhir/StructureDefinition/implementationguide-page","valueUri":"ValueSet-valueset-validationneed.html"}],"reference":{"reference":"ValueSet/valueset-validationneed"},"exampleBoolean":false},{"extension":[{"url":"http://hl7.org/fhir/StructureDefinition/implementationguide-page","valueUri":"ValueSet-valueset-usecasetype.html"}],"reference":{"reference":"ValueSet/valueset-usecasetype"},"exampleBoolean":false},{"extension":[{"url":"http://hl7.org/fhir/StructureDefinition/implementationguide-page","valueUri":"ValueSet-valueset-qualificationstatus.html"}],"reference":{"reference":"ValueSet/valueset-qualificationstatus"},"exampleBoolean":false},{"extension":[{"url":"http://hl7.org/fhir/StructureDefinition/implementationguide-page","valueUri":"ValueSet-valueset-productplan-type.html"}],"reference":{"reference":"ValueSet/valueset-productplan-type"},"exampleBoolean":false},{"extension":[{"url":"http://hl7.org/fhir/StructureDefinition/implementationguide-page","valueUri":"ValueSet-valueset-primarysourcevalidationstatus.html"}],"reference":{"reference":"ValueSet/valueset-primarysourcevalidationstatus"},"exampleBoolean":false},{"extension":[{"url":"http://hl7.org/fhir/StructureDefinition/implementationguide-page","valueUri":"ValueSet-valueset-primarysourcevalidationprocess.html"}],"reference":{"reference":"ValueSet/valueset-primarysourcevalidationprocess"},"exampleBoolean":false},{"extension":[{"url":"http://hl7.org/fhir/StructureDefinition/implementationguide-page","valueUri":"ValueSet-valueset-primarysourcepushtype.html"}],"reference":{"reference":"ValueSet/valueset-primarysourcepushtype"},"exampleBoolean":false},{"extension":[{"url":"http://hl7.org/fhir/StructureDefinition/implementationguide-page","valueUri":"ValueSet-valueset-primarysourcepush.html"}],"reference":{"reference":"ValueSet/valueset-primarysourcepush"},"exampleBoolean":false},{"extension":[{"url":"http://hl7.org/fhir/StructureDefinition/implementationguide-page","valueUri":"ValueSet-valueset-primarysourcefailureaction.html"}],"reference":{"reference":"ValueSet/valueset-primarysourcefailureaction"},"exampleBoolean":false},{"extension":[{"url":"http://hl7.org/fhir/StructureDefinition/implementationguide-page","valueUri":"ValueSet-valueset-plan-type.html"}],"reference":{"reference":"ValueSet/valueset-plan-type"},"exampleBoolean":false},{"extension":[{"url":"http://hl7.org/fhir/StructureDefinition/implementationguide-page","valueUri":"ValueSet-valueset-patientaccess.html"}],"reference":{"reference":"ValueSet/valueset-patientaccess"},"exampleBoolean":false},{"extension":[{"url":"http://hl7.org/fhir/StructureDefinition/implementationguide-page","valueUri":"ValueSet-valueset-network-type.html"}],"reference":{"reference":"ValueSet/valueset-network-type"},"exampleBoolean":false},{"extension":[{"url":"http://hl7.org/fhir/StructureDefinition/implementationguide-page","valueUri":"ValueSet-valueset-limit-unit.html"}],"reference":{"reference":"ValueSet/valueset-limit-unit"},"exampleBoolean":false},{"extension":[{"url":"http://hl7.org/fhir/StructureDefinition/implementationguide-page","valueUri":"ValueSet-valueset-languageproficiency.html"}],"reference":{"reference":"ValueSet/valueset-languageproficiency"},"exampleBoolean":false},{"extension":[{"url":"http://hl7.org/fhir/StructureDefinition/implementationguide-page","valueUri":"ValueSet-valueset-identifierstatus.html"}],"reference":{"reference":"ValueSet/valueset-identifierstatus"},"exampleBoolean":false},{"extension":[{"url":"http://hl7.org/fhir/StructureDefinition/implementationguide-page","valueUri":"ValueSet-valueset-identifier-type.html"}],"reference":{"reference":"ValueSet/valueset-identifier-type"},"exampleBoolean":false},{"extension":[{"url":"http://hl7.org/fhir/StructureDefinition/implementationguide-page","valueUri":"ValueSet-valueset-externalvalidationtype.html"}],"reference":{"reference":"ValueSet/valueset-externalvalidationtype"},"exampleBoolean":false},{"extension":[{"url":"http://hl7.org/fhir/StructureDefinition/implementationguide-page","valueUri":"ValueSet-valueset-digitalcertificateuse.html"}],"reference":{"reference":"ValueSet/valueset-digitalcertificateuse"},"exampleBoolean":false},{"extension":[{"url":"http://hl7.org/fhir/StructureDefinition/implementationguide-page","valueUri":"ValueSet-valueset-digitalcertificatetype.html"}],"reference":{"reference":"ValueSet/valueset-digitalcertificatetype"},"exampleBoolean":false},{"extension":[{"url":"http://hl7.org/fhir/StructureDefinition/implementationguide-page","valueUri":"ValueSet-valueset-digitalcertificatetrustframework.html"}],"reference":{"reference":"ValueSet/valueset-digitalcertificatetrustframework"},"exampleBoolean":false},{"extension":[{"url":"http://hl7.org/fhir/StructureDefinition/implementationguide-page","valueUri":"ValueSet-valueset-digitalcertificatestandard.html"}],"reference":{"reference":"ValueSet/valueset-digitalcertificatestandard"},"exampleBoolean":false},{"extension":[{"url":"http://hl7.org/fhir/StructureDefinition/implementationguide-page","valueUri":"ValueSet-valueset-coverage-type.html"}],"reference":{"reference":"ValueSet/valueset-coverage-type"},"exampleBoolean":false},{"extension":[{"url":"http://hl7.org/fhir/StructureDefinition/implementationguide-page","valueUri":"ValueSet-valueset-certificationedition.html"}],"reference":{"reference":"ValueSet/valueset-certificationedition"},"exampleBoolean":false},{"extension":[{"url":"http://hl7.org/fhir/StructureDefinition/implementationguide-page","valueUri":"ValueSet-valueset-benefit-type.html"}],"reference":{"reference":"ValueSet/valueset-benefit-type"},"exampleBoolean":false},{"extension":[{"url":"http://hl7.org/fhir/StructureDefinition/implementationguide-page","valueUri":"ValueSet-valueset-attestationmethod.html"}],"reference":{"reference":"ValueSet/valueset-attestationmethod"},"exampleBoolean":false},{"extension":[{"url":"http://hl7.org/fhir/StructureDefinition/implementationguide-page","valueUri":"ValueSet-valueset-aliastype.html"}],"reference":{"reference":"ValueSet/valueset-aliastype"},"exampleBoolean":false},{"extension":[{"url":"http://hl7.org/fhir/StructureDefinition/implementationguide-page","valueUri":"ValueSet-valueset-accessibility.html"}],"reference":{"reference":"ValueSet/valueset-accessibility"},"exampleBoolean":false},{"extension":[{"url":"http://hl7.org/fhir/StructureDefinition/implementationguide-page","valueUri":"StructureDefinition-usage-restriction.html"}],"reference":{"reference":"StructureDefinition/usage-restriction"},"exampleBoolean":false},{"extension":[{"url":"http://hl7.org/fhir/StructureDefinition/implementationguide-page","valueUri":"SearchParameter-searchparameter-via-intermediary.html"}],"reference":{"reference":"SearchParameter/searchparameter-via-intermediary"},"exampleBoolean":false},{"extension":[{"url":"http://hl7.org/fhir/StructureDefinition/implementationguide-page","valueUri":"SearchParameter-searchparameter-validator-organization.html"}],"reference":{"reference":"SearchParameter/searchparameter-validator-organization"},"exampleBoolean":false},{"extension":[{"url":"http://hl7.org/fhir/StructureDefinition/implementationguide-page","valueUri":"SearchParameter-searchparameter-usecase-type.html"}],"reference":{"reference":"SearchParameter/searchparameter-usecase-type"},"exampleBoolean":false},{"extension":[{"url":"http://hl7.org/fhir/StructureDefinition/implementationguide-page","valueUri":"SearchParameter-searchparameter-usecase-standard.html"}],"reference":{"reference":"SearchParameter/searchparameter-usecase-standard"},"exampleBoolean":false},{"extension":[{"url":"http://hl7.org/fhir/StructureDefinition/implementationguide-page","valueUri":"SearchParameter-searchparameter-target-location.html"}],"reference":{"reference":"SearchParameter/searchparameter-target-location"},"exampleBoolean":false},{"extension":[{"url":"http://hl7.org/fhir/StructureDefinition/implementationguide-page","valueUri":"SearchParameter-searchparameter-status.html"}],"reference":{"reference":"SearchParameter/searchparameter-status"},"exampleBoolean":false},{"extension":[{"url":"http://hl7.org/fhir/StructureDefinition/implementationguide-page","valueUri":"SearchParameter-searchparameter-status-date.html"}],"reference":{"reference":"SearchParameter/searchparameter-status-date"},"exampleBoolean":false},{"extension":[{"url":"http://hl7.org/fhir/StructureDefinition/implementationguide-page","valueUri":"SearchParameter-searchparameter-specific-costs-value.html"}],"reference":{"reference":"SearchParameter/searchparameter-specific-costs-value"},"exampleBoolean":false},{"extension":[{"url":"http://hl7.org/fhir/StructureDefinition/implementationguide-page","valueUri":"SearchParameter-searchparameter-specific-costs-cost-type.html"}],"reference":{"reference":"SearchParameter/searchparameter-specific-costs-cost-type"},"exampleBoolean":false},{"extension":[{"url":"http://hl7.org/fhir/StructureDefinition/implementationguide-page","valueUri":"SearchParameter-searchparameter-specific-costs-category.html"}],"reference":{"reference":"SearchParameter/searchparameter-specific-costs-category"},"exampleBoolean":false},{"extension":[{"url":"http://hl7.org/fhir/StructureDefinition/implementationguide-page","valueUri":"SearchParameter-searchparameter-specific-costs-benefit-type.html"}],"reference":{"reference":"SearchParameter/searchparameter-specific-costs-benefit-type"},"exampleBoolean":false},{"extension":[{"url":"http://hl7.org/fhir/StructureDefinition/implementationguide-page","valueUri":"SearchParameter-searchparameter-specific-costs-applicability.html"}],"reference":{"reference":"SearchParameter/searchparameter-specific-costs-applicability"},"exampleBoolean":false},{"extension":[{"url":"http://hl7.org/fhir/StructureDefinition/implementationguide-page","valueUri":"SearchParameter-searchparameter-specialty.html"}],"reference":{"reference":"SearchParameter/searchparameter-specialty"},"exampleBoolean":false},{"extension":[{"url":"http://hl7.org/fhir/StructureDefinition/implementationguide-page","valueUri":"SearchParameter-searchparameter-service.html"}],"reference":{"reference":"SearchParameter/searchparameter-service"},"exampleBoolean":false},{"extension":[{"url":"http://hl7.org/fhir/StructureDefinition/implementationguide-page","valueUri":"SearchParameter-searchparameter-qualification-wherevalid-location.html"}],"reference":{"reference":"SearchParameter/searchparameter-qualification-wherevalid-location"},"exampleBoolean":false},{"extension":[{"url":"http://hl7.org/fhir/StructureDefinition/implementationguide-page","valueUri":"SearchParameter-searchparameter-qualification-wherevalid-code.html"}],"reference":{"reference":"SearchParameter/searchparameter-qualification-wherevalid-code"},"exampleBoolean":false},{"extension":[{"url":"http://hl7.org/fhir/StructureDefinition/implementationguide-page","valueUri":"SearchParameter-searchparameter-qualification-status.html"}],"reference":{"reference":"SearchParameter/searchparameter-qualification-status"},"exampleBoolean":false},{"extension":[{"url":"http://hl7.org/fhir/StructureDefinition/implementationguide-page","valueUri":"SearchParameter-searchparameter-qualification-issuer.html"}],"reference":{"reference":"SearchParameter/searchparameter-qualification-issuer"},"exampleBoolean":false},{"extension":[{"url":"http://hl7.org/fhir/StructureDefinition/implementationguide-page","valueUri":"SearchParameter-searchparameter-qualification-code.html"}],"reference":{"reference":"SearchParameter/searchparameter-qualification-code"},"exampleBoolean":false},{"extension":[{"url":"http://hl7.org/fhir/StructureDefinition/implementationguide-page","valueUri":"SearchParameter-searchparameter-product-coveragearea.html"}],"reference":{"reference":"SearchParameter/searchparameter-product-coveragearea"},"exampleBoolean":false},{"extension":[{"url":"http://hl7.org/fhir/StructureDefinition/implementationguide-page","valueUri":"SearchParameter-searchparameter-primarysource-type.html"}],"reference":{"reference":"SearchParameter/searchparameter-primarysource-type"},"exampleBoolean":false},{"extension":[{"url":"http://hl7.org/fhir/StructureDefinition/implementationguide-page","valueUri":"SearchParameter-searchparameter-primarysource-organization.html"}],"reference":{"reference":"SearchParameter/searchparameter-primarysource-organization"},"exampleBoolean":false},{"extension":[{"url":"http://hl7.org/fhir/StructureDefinition/implementationguide-page","valueUri":"SearchParameter-searchparameter-primarysource-date.html"}],"reference":{"reference":"SearchParameter/searchparameter-primarysource-date"},"exampleBoolean":false},{"extension":[{"url":"http://hl7.org/fhir/StructureDefinition/implementationguide-page","valueUri":"SearchParameter-searchparameter-plan-type.html"}],"reference":{"reference":"SearchParameter/searchparameter-plan-type"},"exampleBoolean":false},{"extension":[{"url":"http://hl7.org/fhir/StructureDefinition/implementationguide-page","valueUri":"SearchParameter-searchparameter-plan-network.html"}],"reference":{"reference":"SearchParameter/searchparameter-plan-network"},"exampleBoolean":false},{"extension":[{"url":"http://hl7.org/fhir/StructureDefinition/implementationguide-page","valueUri":"SearchParameter-searchparameter-plan-identifier.html"}],"reference":{"reference":"SearchParameter/searchparameter-plan-identifier"},"exampleBoolean":false},{"extension":[{"url":"http://hl7.org/fhir/StructureDefinition/implementationguide-page","valueUri":"SearchParameter-searchparameter-plan-coveragearea.html"}],"reference":{"reference":"SearchParameter/searchparameter-plan-coveragearea"},"exampleBoolean":false},{"extension":[{"url":"http://hl7.org/fhir/StructureDefinition/implementationguide-page","valueUri":"SearchParameter-searchparameter-organization.html"}],"reference":{"reference":"SearchParameter/searchparameter-organization"},"exampleBoolean":false},{"extension":[{"url":"http://hl7.org/fhir/StructureDefinition/implementationguide-page","valueUri":"SearchParameter-searchparameter-note-author.html"}],"reference":{"reference":"SearchParameter/searchparameter-note-author"},"exampleBoolean":false},{"extension":[{"url":"http://hl7.org/fhir/StructureDefinition/implementationguide-page","valueUri":"SearchParameter-searchparameter-newpatients.html"}],"reference":{"reference":"SearchParameter/searchparameter-newpatients"},"exampleBoolean":false},{"extension":[{"url":"http://hl7.org/fhir/StructureDefinition/implementationguide-page","valueUri":"SearchParameter-searchparameter-network.html"}],"reference":{"reference":"SearchParameter/searchparameter-network"},"exampleBoolean":false},{"extension":[{"url":"http://hl7.org/fhir/StructureDefinition/implementationguide-page","valueUri":"SearchParameter-searchparameter-name.html"}],"reference":{"reference":"SearchParameter/searchparameter-name"},"exampleBoolean":false},{"extension":[{"url":"http://hl7.org/fhir/StructureDefinition/implementationguide-page","valueUri":"SearchParameter-searchparameter-mime-type.html"}],"reference":{"reference":"SearchParameter/searchparameter-mime-type"},"exampleBoolean":false},{"extension":[{"url":"http://hl7.org/fhir/StructureDefinition/implementationguide-page","valueUri":"SearchParameter-searchparameter-member.html"}],"reference":{"reference":"SearchParameter/searchparameter-member"},"exampleBoolean":false},{"extension":[{"url":"http://hl7.org/fhir/StructureDefinition/implementationguide-page","valueUri":"SearchParameter-searchparameter-location.html"}],"reference":{"reference":"SearchParameter/searchparameter-location"},"exampleBoolean":false},{"extension":[{"url":"http://hl7.org/fhir/StructureDefinition/implementationguide-page","valueUri":"SearchParameter-searchparameter-identifier-assigner.html"}],"reference":{"reference":"SearchParameter/searchparameter-identifier-assigner"},"exampleBoolean":false},{"extension":[{"url":"http://hl7.org/fhir/StructureDefinition/implementationguide-page","valueUri":"SearchParameter-searchparameter-general-costs-value.html"}],"reference":{"reference":"SearchParameter/searchparameter-general-costs-value"},"exampleBoolean":false},{"extension":[{"url":"http://hl7.org/fhir/StructureDefinition/implementationguide-page","valueUri":"SearchParameter-searchparameter-general-costs-type.html"}],"reference":{"reference":"SearchParameter/searchparameter-general-costs-type"},"exampleBoolean":false},{"extension":[{"url":"http://hl7.org/fhir/StructureDefinition/implementationguide-page","valueUri":"SearchParameter-searchparameter-general-costs-participants.html"}],"reference":{"reference":"SearchParameter/searchparameter-general-costs-participants"},"exampleBoolean":false},{"extension":[{"url":"http://hl7.org/fhir/StructureDefinition/implementationguide-page","valueUri":"SearchParameter-searchparameter-endpoint.html"}],"reference":{"reference":"SearchParameter/searchparameter-endpoint"},"exampleBoolean":false},{"extension":[{"url":"http://hl7.org/fhir/StructureDefinition/implementationguide-page","valueUri":"SearchParameter-searchparameter-eligibility.html"}],"reference":{"reference":"SearchParameter/searchparameter-eligibility"},"exampleBoolean":false},{"extension":[{"url":"http://hl7.org/fhir/StructureDefinition/implementationguide-page","valueUri":"SearchParameter-searchparameter-coveragearea.html"}],"reference":{"reference":"SearchParameter/searchparameter-coveragearea"},"exampleBoolean":false},{"extension":[{"url":"http://hl7.org/fhir/StructureDefinition/implementationguide-page","valueUri":"SearchParameter-searchparameter-coverage-type.html"}],"reference":{"reference":"SearchParameter/searchparameter-coverage-type"},"exampleBoolean":false},{"extension":[{"url":"http://hl7.org/fhir/StructureDefinition/implementationguide-page","valueUri":"SearchParameter-searchparameter-coverage-network.html"}],"reference":{"reference":"SearchParameter/searchparameter-coverage-network"},"exampleBoolean":false},{"extension":[{"url":"http://hl7.org/fhir/StructureDefinition/implementationguide-page","valueUri":"SearchParameter-searchparameter-coverage-limit-value.html"}],"reference":{"reference":"SearchParameter/searchparameter-coverage-limit-value"},"exampleBoolean":false},{"extension":[{"url":"http://hl7.org/fhir/StructureDefinition/implementationguide-page","valueUri":"SearchParameter-searchparameter-coverage-benefit-type.html"}],"reference":{"reference":"SearchParameter/searchparameter-coverage-benefit-type"},"exampleBoolean":false},{"extension":[{"url":"http://hl7.org/fhir/StructureDefinition/implementationguide-page","valueUri":"SearchParameter-searchparameter-coverage-area.html"}],"reference":{"reference":"SearchParameter/searchparameter-coverage-area"},"exampleBoolean":false},{"extension":[{"url":"http://hl7.org/fhir/StructureDefinition/implementationguide-page","valueUri":"SearchParameter-searchparameter-attestation-source.html"}],"reference":{"reference":"SearchParameter/searchparameter-attestation-source"},"exampleBoolean":false},{"extension":[{"url":"http://hl7.org/fhir/StructureDefinition/implementationguide-page","valueUri":"SearchParameter-searchparameter-attestation-organization.html"}],"reference":{"reference":"SearchParameter/searchparameter-attestation-organization"},"exampleBoolean":false},{"extension":[{"url":"http://hl7.org/fhir/StructureDefinition/implementationguide-page","valueUri":"SearchParameter-searchparameter-attestation-method.html"}],"reference":{"reference":"SearchParameter/searchparameter-attestation-method"},"exampleBoolean":false},{"extension":[{"url":"http://hl7.org/fhir/StructureDefinition/implementationguide-page","valueUri":"SearchParameter-searchparameter-alias.html"}],"reference":{"reference":"SearchParameter/searchparameter-alias"},"exampleBoolean":false},{"extension":[{"url":"http://hl7.org/fhir/StructureDefinition/implementationguide-page","valueUri":"SearchParameter-searchparameter-accessibility.html"}],"reference":{"reference":"SearchParameter/searchparameter-accessibility"},"exampleBoolean":false},{"extension":[{"url":"http://hl7.org/fhir/StructureDefinition/implementationguide-page","valueUri":"StructureDefinition-qualification.html"}],"reference":{"reference":"StructureDefinition/qualification"},"exampleBoolean":false},{"extension":[{"url":"http://hl7.org/fhir/StructureDefinition/implementationguide-page","valueUri":"StructureDefinition-productplan-reference.html"}],"reference":{"reference":"StructureDefinition/productplan-reference"},"exampleBoolean":false},{"extension":[{"url":"http://hl7.org/fhir/StructureDefinition/implementationguide-page","valueUri":"StructureDefinition-practitioner-qualification.html"}],"reference":{"reference":"StructureDefinition/practitioner-qualification"},"exampleBoolean":false},{"extension":[{"url":"http://hl7.org/fhir/StructureDefinition/implementationguide-page","valueUri":"StructureDefinition-org-description.html"}],"reference":{"reference":"StructureDefinition/org-description"},"exampleBoolean":false},{"extension":[{"url":"http://hl7.org/fhir/StructureDefinition/implementationguide-page","valueUri":"StructureDefinition-org-alias-type.html"}],"reference":{"reference":"StructureDefinition/org-alias-type"},"exampleBoolean":false},{"extension":[{"url":"http://hl7.org/fhir/StructureDefinition/implementationguide-page","valueUri":"StructureDefinition-org-alias-period.html"}],"reference":{"reference":"StructureDefinition/org-alias-period"},"exampleBoolean":false},{"extension":[{"url":"http://hl7.org/fhir/StructureDefinition/implementationguide-page","valueUri":"StructureDefinition-newpatients.html"}],"reference":{"reference":"StructureDefinition/newpatients"},"exampleBoolean":false},{"extension":[{"url":"http://hl7.org/fhir/StructureDefinition/implementationguide-page","valueUri":"StructureDefinition-newpatientprofile.html"}],"reference":{"reference":"StructureDefinition/newpatientprofile"},"exampleBoolean":false},{"extension":[{"url":"http://hl7.org/fhir/StructureDefinition/implementationguide-page","valueUri":"StructureDefinition-network-reference.html"}],"reference":{"reference":"StructureDefinition/network-reference"},"exampleBoolean":false},{"extension":[{"url":"http://hl7.org/fhir/StructureDefinition/implementationguide-page","valueUri":"StructureDefinition-location-reference.html"}],"reference":{"reference":"StructureDefinition/location-reference"},"exampleBoolean":false},{"extension":[{"url":"http://hl7.org/fhir/StructureDefinition/implementationguide-page","valueUri":"StructureDefinition-identifier-status.html"}],"reference":{"reference":"StructureDefinition/identifier-status"},"exampleBoolean":false},{"extension":[{"url":"http://hl7.org/fhir/StructureDefinition/implementationguide-page","valueUri":"StructureDefinition-healthcareservice-reference.html"}],"reference":{"reference":"StructureDefinition/healthcareservice-reference"},"exampleBoolean":false},{"extension":[{"url":"http://hl7.org/fhir/StructureDefinition/implementationguide-page","valueUri":"StructureDefinition-endpoint-usecase.html"}],"reference":{"reference":"StructureDefinition/endpoint-usecase"},"exampleBoolean":false},{"extension":[{"url":"http://hl7.org/fhir/StructureDefinition/implementationguide-page","valueUri":"StructureDefinition-endpoint-reference.html"}],"reference":{"reference":"StructureDefinition/endpoint-reference"},"exampleBoolean":false},{"extension":[{"url":"http://hl7.org/fhir/StructureDefinition/implementationguide-page","valueUri":"StructureDefinition-endpoint-rank.html"}],"reference":{"reference":"StructureDefinition/endpoint-rank"},"exampleBoolean":false},{"extension":[{"url":"http://hl7.org/fhir/StructureDefinition/implementationguide-page","valueUri":"StructureDefinition-ehr.html"}],"reference":{"reference":"StructureDefinition/ehr"},"exampleBoolean":false},{"extension":[{"url":"http://hl7.org/fhir/StructureDefinition/implementationguide-page","valueUri":"StructureDefinition-digitalcertificate.html"}],"reference":{"reference":"StructureDefinition/digitalcertificate"},"exampleBoolean":false},{"extension":[{"url":"http://hl7.org/fhir/StructureDefinition/implementationguide-page","valueUri":"StructureDefinition-contactpoint-viaintermediary.html"}],"reference":{"reference":"StructureDefinition/contactpoint-viaintermediary"},"exampleBoolean":false},{"extension":[{"url":"http://hl7.org/fhir/StructureDefinition/implementationguide-page","valueUri":"StructureDefinition-contactpoint-availabletime.html"}],"reference":{"reference":"StructureDefinition/contactpoint-availabletime"},"exampleBoolean":false},{"extension":[{"url":"http://hl7.org/fhir/StructureDefinition/implementationguide-page","valueUri":"ConceptMap-conceptmap-qualification-status.html"}],"reference":{"reference":"ConceptMap/conceptmap-qualification-status"},"exampleBoolean":false},{"extension":[{"url":"http://hl7.org/fhir/StructureDefinition/implementationguide-page","valueUri":"StructureDefinition-communication-proficiency.html"}],"reference":{"reference":"StructureDefinition/communication-proficiency"},"exampleBoolean":false},{"extension":[{"url":"http://hl7.org/fhir/StructureDefinition/implementationguide-page","valueUri":"CodeSystem-codesystem-validation.html"}],"reference":{"reference":"CodeSystem/codesystem-validation"},"exampleBoolean":false},{"extension":[{"url":"http://hl7.org/fhir/StructureDefinition/implementationguide-page","valueUri":"CodeSystem-codesystem-usecase.html"}],"reference":{"reference":"CodeSystem/codesystem-usecase"},"exampleBoolean":false},{"extension":[{"url":"http://hl7.org/fhir/StructureDefinition/implementationguide-page","valueUri":"CodeSystem-codesystem-primarysource.html"}],"reference":{"reference":"CodeSystem/codesystem-primarysource"},"exampleBoolean":false},{"extension":[{"url":"http://hl7.org/fhir/StructureDefinition/implementationguide-page","valueUri":"CodeSystem-codesystem-payercharacteristics.html"}],"reference":{"reference":"CodeSystem/codesystem-payercharacteristics"},"exampleBoolean":false},{"extension":[{"url":"http://hl7.org/fhir/StructureDefinition/implementationguide-page","valueUri":"CodeSystem-codesystem-organizationdemographics.html"}],"reference":{"reference":"CodeSystem/codesystem-organizationdemographics"},"exampleBoolean":false},{"extension":[{"url":"http://hl7.org/fhir/StructureDefinition/implementationguide-page","valueUri":"CodeSystem-codesystem-network-type.html"}],"reference":{"reference":"CodeSystem/codesystem-network-type"},"exampleBoolean":false},{"extension":[{"url":"http://hl7.org/fhir/StructureDefinition/implementationguide-page","valueUri":"CodeSystem-codesystem-languageproficiency.html"}],"reference":{"reference":"CodeSystem/codesystem-languageproficiency"},"exampleBoolean":false},{"extension":[{"url":"http://hl7.org/fhir/StructureDefinition/implementationguide-page","valueUri":"CodeSystem-codesystem-ehrcharacteristics.html"}],"reference":{"reference":"CodeSystem/codesystem-ehrcharacteristics"},"exampleBoolean":false},{"extension":[{"url":"http://hl7.org/fhir/StructureDefinition/implementationguide-page","valueUri":"CodeSystem-codesystem-digitalcertificate.html"}],"reference":{"reference":"CodeSystem/codesystem-digitalcertificate"},"exampleBoolean":false},{"extension":[{"url":"http://hl7.org/fhir/StructureDefinition/implementationguide-page","valueUri":"CodeSystem-codesystem-credentialstatus.html"}],"reference":{"reference":"CodeSystem/codesystem-credentialstatus"},"exampleBoolean":false},{"extension":[{"url":"http://hl7.org/fhir/StructureDefinition/implementationguide-page","valueUri":"CodeSystem-codesystem-accessibility.html"}],"reference":{"reference":"CodeSystem/codesystem-accessibility"},"exampleBoolean":false},{"extension":[{"url":"http://hl7.org/fhir/StructureDefinition/implementationguide-page","valueUri":"StructureDefinition-careteam-alias.html"}],"reference":{"reference":"StructureDefinition/careteam-alias"},"exampleBoolean":false},{"extension":[{"url":"http://hl7.org/fhir/StructureDefinition/implementationguide-page","valueUri":"CapabilityStatement-server.html"}],"reference":{"reference":"CapabilityStatement/server"},"exampleBoolean":false},{"extension":[{"url":"http://hl7.org/fhir/StructureDefinition/implementationguide-page","valueUri":"CapabilityStatement-client.html"}],"reference":{"reference":"CapabilityStatement/client"},"exampleBoolean":false},{"extension":[{"url":"http://hl7.org/fhir/StructureDefinition/implementationguide-page","valueUri":"StructureDefinition-boundary.html"}],"reference":{"reference":"StructureDefinition/boundary"},"exampleBoolean":false},{"extension":[{"url":"http://hl7.org/fhir/StructureDefinition/implementationguide-page","valueUri":"StructureDefinition-accessibility.html"}],"reference":{"reference":"StructureDefinition/accessibility"},"exampleBoolean":false}],"page":{"nameUrl":"index.md","title":"Validated Healthcare Directory Homepage","generation":"markdown"}}}