{"resourceType":"SearchParameter","id":"searchparameter-newpatients","text":{"status":"generated","div":"<div xmlns=\"http://www.w3.org/1999/xhtml\"><p><b>Generated Narrative with Details</b></p><p><b>url</b>: <a href=\"http://hl7.org/fhir/ig/vhdir/SearchParameter/searchparameter-newpatients\">http://hl7.org/fhir/ig/vhdir/SearchParameter/searchparameter-newpatients</a></p><p><b>version</b>: 0.0.0</p><p><b>name</b>: VHDir New Patients Search Parameter</p><p><b>status</b>: DRAFT</p><p><b>date</b>: May 23, 2018</p><p><b>publisher</b>: HL7 Patient Administration Committee</p><p><b>contact</b>: </p><p><b>description</b>: </p><p><b>url</b>: <a href=\"http://hl7.org/fhir/ig/vhdir/SearchParameter/searchparameter-newpatients\">http://hl7.org/fhir/ig/vhdir/SearchParameter/searchparameter-newpatients</a></p><p><b>version</b>: 0.0.0</p><p><b>name</b>: VHDir New Patients Search Parameter</p><p><b>status</b>: DRAFT</p><p><b>date</b>: May 23, 2018</p><p><b>publisher</b>: HL7 Patient Administration Committee</p><p><b>contact</b>: </p><p><b>description</b>: </p><p><b>code</b>: newpatients</p><p><b>base</b>: PractitionerRole, HealthcareService, Location</p><p><b>type</b>: REFERENCE</p><p><b>expression</b>: </p></div>"},"url":"http://hl7.org/fhir/ig/vhdir/SearchParameter/searchparameter-newpatients","version":"0.0.0","name":"VHDir New Patients Search Parameter","status":"draft","date":"2018-05-23","publisher":"HL7 Patient Administration Committee","contact":[{"telecom":[{"system":"url","value":"http://www.hl7.org/Special/committees/pafm/index.cfm"}]}],"code":"newpatients","base":["PractitionerRole","HealthcareService","Location"],"type":"reference"}