{"resourceType":"SearchParameter","id":"searchparameter-specialty","text":{"status":"generated","div":"<div xmlns=\"http://www.w3.org/1999/xhtml\"><p><b>Generated Narrative with Details</b></p><p><b>url</b>: <a href=\"http://hl7.org/fhir/ig/vhdir/SearchParameter/searchparameter-specialty\">http://hl7.org/fhir/ig/vhdir/SearchParameter/searchparameter-specialty</a></p><p><b>version</b>: 0.0.0</p><p><b>name</b>: VHDir Specialty Search Parameter</p><p><b>status</b>: DRAFT</p><p><b>date</b>: May 23, 2018</p><p><b>publisher</b>: HL7 Patient Administration Committee</p><p><b>contact</b>: </p><p><b>description</b>: Select services associated with the specified specialty</p><p><b>url</b>: <a href=\"http://hl7.org/fhir/ig/vhdir/SearchParameter/searchparameter-specialty\">http://hl7.org/fhir/ig/vhdir/SearchParameter/searchparameter-specialty</a></p><p><b>version</b>: 0.0.0</p><p><b>name</b>: VHDir Specialty Search Parameter</p><p><b>status</b>: DRAFT</p><p><b>date</b>: May 23, 2018</p><p><b>publisher</b>: HL7 Patient Administration Committee</p><p><b>contact</b>: </p><p><b>description</b>: Select services associated with the specified specialty</p><p><b>code</b>: specialty</p><p><b>base</b>: HealthcareService</p><p><b>type</b>: TOKEN</p><p><b>expression</b>: HealthcareService.specialty</p></div>"},"url":"http://hl7.org/fhir/ig/vhdir/SearchParameter/searchparameter-specialty","version":"0.0.0","name":"VHDir Specialty Search Parameter","status":"draft","date":"2018-05-23","publisher":"HL7 Patient Administration Committee","contact":[{"telecom":[{"system":"url","value":"http://www.hl7.org/Special/committees/pafm/index.cfm"}]}],"description":"Select services associated with the specified specialty","code":"specialty","base":["HealthcareService"],"type":"token","expression":"HealthcareService.specialty"}