{"resourceType":"ValueSet","id":"valueset-digitalcertificatetype","text":{"status":"generated","div":"<div xmlns=\"http://www.w3.org/1999/xhtml\"><h2>VhDir Digital Certificate Type Value Set</h2><div><p>In a certificate-based public key cryptographic system, certificates are issued to subscribers, whose name appears as the subject in the certificate. This value set defines a set of terms describing the types of subscribers who may be issued digital certificates.</p>\n</div><p>This value set includes codes from the following code systems:</p><ul><li>Include these codes as defined in <a href=\"CodeSystem-codesystem-digitalcertificate.html\"><code>http://hl7.org/fhir/ig/vhdir/CodeSystem/codesystem-digitalcertificate</code></a><table class=\"none\"><tr><td style=\"white-space:nowrap\"><b>Code</b></td><td><b>Display</b></td></tr><tr><td><a href=\"CodeSystem-codesystem-digitalcertificate.html#codesystem-digitalcertificate-TLS.47SSL\">TLS/SSL</a></td><td>TLS/SSL</td><td>A certificate for a device such as a server or router, used to authenticate the device and establish secure communications between the device and a client.</td></tr><tr><td><a href=\"CodeSystem-codesystem-digitalcertificate.html#codesystem-digitalcertificate-device\">device</a></td><td>Device</td><td>A certificate used to verify the identity of a device.</td></tr><tr><td><a href=\"CodeSystem-codesystem-digitalcertificate.html#codesystem-digitalcertificate-grp\">grp</a></td><td>Group</td><td>A certificate for a collection of individual subscribers acting in a shared capacity, such as an organization.</td></tr><tr><td><a href=\"CodeSystem-codesystem-digitalcertificate.html#codesystem-digitalcertificate-ind\">ind</a></td><td>Individual</td><td>A certificate for a single person.</td></tr><tr><td><a href=\"CodeSystem-codesystem-digitalcertificate.html#codesystem-digitalcertificate-role\">role</a></td><td>Role based</td><td>A certificate for a specific role on behalf of which a subscriber is authorized to act, such as a Chief Information Officer.</td></tr></table></li></ul></div>"},"url":"http://hl7.org/fhir/ig/vhdir/ValueSet/valueset-digitalcertificatetype","version":"0.2.0","name":"VhDir Digital Certificate Type Value Set","title":"VhDir Digital Certificate Type Value Set","status":"active","date":"2018-02-21","publisher":"HL7 - TBD","contact":[{"telecom":[{"system":"other","value":"http://hl7.org/fhir"}]}],"description":"In a certificate-based public key cryptographic system, certificates are issued to subscribers, whose name appears as the subject in the certificate. This value set defines a set of terms describing the types of subscribers who may be issued digital certificates.","compose":{"include":[{"system":"http://hl7.org/fhir/ig/vhdir/CodeSystem/codesystem-digitalcertificate","concept":[{"code":"TLS/SSL"},{"code":"device"},{"code":"grp"},{"code":"ind"},{"code":"role"}]}]}}