"Path","Slice Name","Alias(s)","Label","Min","Max","Must Support?","Is Modifier?","Is Summary?","Type(s)","Short","Definition","Comments","Requirements","Default Value","Meaning When Missing","Fixed Value","Pattern","Example","Minimum Value","Maximum Value","Maximum Length","Binding Strength","Binding Description","Binding Value Set","Code","Slicing Discriminator","Slicing Description","Slicing Ordered","Slicing Rules","Base Path","Base Min","Base Max","Condition(s)","Constraint(s)","Mapping: RIM Mapping","Mapping: FiveWs Pattern"
"HealthcareService","","","",0,*,"","","","","The details of a healthcare service available at a location","The details of a healthcare service available at a location.","","","","","","","","","",,,,,"",,,,"HealthcareService",0,*,"","dom-2:If the resource is contained in another resource, it SHALL NOT contain nested Resources {contained.contained.empty()}
dom-1:If the resource is contained in another resource, it SHALL NOT contain any narrative {contained.text.empty()}dom-4:If a resource is contained in another resource, it SHALL NOT have a meta.versionId or a meta.lastUpdated {contained.meta.versionId.empty() and contained.meta.lastUpdated.empty()}dom-3:If the resource is contained in another resource, it SHALL be referred to from elsewhere in the resource or SHALL refer to the containing resource {contained.all(('#'+id in (%resource.descendants().reference | %resource.descendants().as(canonical))) or descendants().where(reference = '#').exists() or descendants().where(as(canonical) = '#').exists())}","Entity. Role, or Act","act[classCode=ACT][moodCode=DEF]"
"HealthcareService.id","","","",0,1,"","","Y","id {[]} {[]}
","Logical id of this artifact","The logical id of the resource, as used in the URL for the resource. Once assigned, this value never changes.","The only time that a resource does not have an id is when it is being submitted to the server using a create operation.","","","","","","","","",,,,,"",,,,"Resource.id",0,1,"",""
"HealthcareService.meta","","","",0,1,"","","Y","Meta {[]} {[]}
","Metadata about the resource","The metadata about the resource. This is content that is maintained by the infrastructure. Changes to the content might not always be associated with version changes to the resource.","","","","","","","","","",,,,,"",,,,"Resource.meta",0,1,"",""
"HealthcareService.implicitRules","","","",0,1,"","Y","Y","uri {[]} {[]}
","A set of rules under which this content was created","A reference to a set of rules that were followed when the resource was constructed, and which must be understood when processing the content. Often, this is a reference to an implementation guide that defines the special rules along with other profiles etc.","Asserting this rule set restricts the content to be only understood by a limited set of trading partners. This inherently limits the usefulness of the data in the long term. However, the existing health eco-system is highly fractured, and not yet ready to define, collect, and exchange data in a generally computable sense. Wherever possible, implementers and/or specification writers should avoid using this element. Often, when used, the URL is a reference to an implementation guide that defines these special rules as part of it's narrative along with other profiles, value sets, etc.","","","","","","","","",,,,,"",,,,"Resource.implicitRules",0,1,"",""
"HealthcareService.language","","","",0,1,"","","","code {[]} {[]}
","Language of the resource content","The base language in which the resource is written.","Language is provided to support indexing and accessibility (typically, services such as text to speech use the language tag). The html language tag in the narrative applies  to the narrative. The language tag on the resource may be used to specify the language of other presentations generated from the data in the resource. Not all the content has to be in the base language. The Resource.language should not be assumed to apply to the narrative automatically. If a language is specified, it should it also be specified on the div element in the html (see rules in HTML5 for information about the relationship between xml:lang and the html lang attribute).","","","","","","","","",,"extensible","A human language.","http://hl7.org/fhir/ValueSet/languages","",,,,"Resource.language",0,1,"",""
"HealthcareService.text","","narrative
htmlxhtmldisplay","",0,1,"","","","Narrative {[]} {[]}
","Text summary of the resource, for human interpretation","A human-readable narrative that contains a summary of the resource and can be used to represent the content of the resource to a human. The narrative need not encode all the structured data, but is required to contain sufficient detail to make it ""clinically safe"" for a human to just read the narrative. Resource definitions may define what content should be represented in the narrative to ensure clinical safety.","Contained resources do not have narrative. Resources that are not contained SHOULD have a narrative. In some cases, a resource may only have text with little or no additional discrete data (as long as all minOccurs=1 elements are satisfied).  This may be necessary for data from legacy systems where information is captured as a ""text blob"" or where text is additionally entered raw or narrated and encoded in formation is added later.","","","","","","","","",,,,,"",,,,"DomainResource.text",0,1,"dom-1
","","Act.text?"
"HealthcareService.contained","","inline resources
anonymous resourcescontained resources","",0,*,"","","","Resource {[]} {[]}
","Contained, inline Resources","These resources do not have an independent existence apart from the resource that contains them - they cannot be identified independently, and nor can they have their own independent transaction scope.","This should never be done when the content can be identified properly, as once identification is lost, it is extremely difficult (and context dependent) to restore it again.","","","","","","","","",,,,,"",,,,"DomainResource.contained",0,*,"","","N/A"
"HealthcareService.extension","","","",0,*,"","","","Extension {[]} {[]}
","Extension","An Extension","","","","","","","","","",,,,,"","value:url}
","",,"open","DomainResource.extension",0,*,"",""
"HealthcareService.extension","restriction","","",0,*,"","","","Extension {[CanonicalType[http://hl7.org/fhir/ig/vhdir/StructureDefinition/usage-restriction]]} {[]}
","Restriction","Identifies and conveys information about restrictions on the use or release of exchanged information, e.g. information that can only be shared under particular condition, such as a signed data use agreement between parties","","","","","","","","","",,,,,"",,,,"DomainResource.extension",0,*,"ele-1
","ele-1:All FHIR elements must have a @value or children {hasValue() | (children().count() > id.count())}
ext-1:Must have either extensions or value[x], not both {extension.exists() != value.exists()}"
"HealthcareService.extension","newpatients","","",0,*,"","","","Extension {[CanonicalType[http://hl7.org/fhir/ig/vhdir/StructureDefinition/newpatients]]} {[]}
","New patients","An indication of whether a location, service, or practitioner is accepting new patients","","","","","","","","","",,,,,"",,,,"DomainResource.extension",0,*,"ele-1
","ele-1:All FHIR elements must have a @value or children {hasValue() | (children().count() > id.count())}
ext-1:Must have either extensions or value[x], not both {extension.exists() != value.exists()}"
"HealthcareService.modifierExtension","","extensions
user content","",0,*,"","Y","","Extension {[]} {[]}
","Extensions that cannot be ignored","May be used to represent additional information that is not part of the basic definition of the resource, and that modifies the understanding of the element that contains it. Usually modifier elements provide negation or qualification. To make the use of extensions safe and manageable, there is a strict set of governance applied to the definition and use of extensions. Though any implementer is allowed to define an extension, there is a set of requirements that SHALL be met as part of the definition of the extension. Applications processing a resource are required to check for modifier extensions.","There can be no stigma associated with the use of extensions by any application, project, or standard - regardless of the institution or jurisdiction that uses or defines the extensions.  The use of extensions is what allows the FHIR specification to retain a core level of simplicity for everyone.","","","","","","","","",,,,,"",,,,"DomainResource.modifierExtension",0,*,"","","N/A"
"HealthcareService.identifier","","","",0,*,"","","Y","Identifier {[]} {[]}
","External identifiers for this item","External identifiers for this item.","","","","","","","","","",,,,,"",,,,"HealthcareService.identifier",0,*,"","",".id","FiveWs.identifier"
"HealthcareService.identifier.id","","","",0,1,"","","","string {[]} {[]}
","xml:id (or equivalent in JSON)","Unique id for the element within a resource (for internal references). This may be any string value that does not contain spaces.","","","","","","","","","",,,,,"",,,,"Element.id",0,1,"","","n/a"
"HealthcareService.identifier.extension","","","",0,*,"","","","Extension {[]} {[]}
","Extension","An Extension","","","","","","","","","",,,,,"","value:url}
","Extensions are always sliced by (at least) url",,"open","Element.extension",0,*,"",""
"HealthcareService.identifier.extension","status","","",1,1,"","","","Extension {[CanonicalType[http://hl7.org/fhir/ig/vhdir/StructureDefinition/identifier-status]]} {[]}
","Status","Describes the status of an identifier","","","","","","","","","",,,,,"",,,,"Element.extension",0,*,"",""
"HealthcareService.identifier.extension.id","","","",0,1,"","","","string {[]} {[]}
","xml:id (or equivalent in JSON)","Unique id for the element within a resource (for internal references). This may be any string value that does not contain spaces.","","","","","","","","","",,,,,"",,,,"Element.id",0,1,"","","n/a"
"HealthcareService.identifier.extension.extension","","extensions
user content","",0,*,"","","","Extension {[]} {[]}
","Additional content defined by implementations","May be used to represent additional information that is not part of the basic definition of the element. To make the use of extensions safe and manageable, there is a strict set of governance  applied to the definition and use of extensions. Though any implementer can define an extension, there is a set of requirements that SHALL be met as part of the definition of the extension.","There can be no stigma associated with the use of extensions by any application, project, or standard - regardless of the institution or jurisdiction that uses or defines the extensions.  The use of extensions is what allows the FHIR specification to retain a core level of simplicity for everyone.","","","","","","","","",,,,,"","value:url}
","Extensions are always sliced by (at least) url",,"open","Element.extension",0,*,"","","n/a"
"HealthcareService.identifier.extension.url","","","",1,1,"","","","uri {[]} {[]}
","identifies the meaning of the extension","Source of the definition for the extension code - a logical name or a URL.","The definition may point directly to a computable or human-readable definition of the extensibility codes, or it may be a logical URI as declared in some other specification. The definition SHALL be a URI for the Structure Definition defining the extension.","","","","<valueUri xmlns=""http://hl7.org/fhir"" value=""http://hl7.org/fhir/ig/vhdir/StructureDefinition/identifier-status""/>","","","","",,,,,"",,,,"Extension.url",1,1,"","","N/A"
"HealthcareService.identifier.extension.valueCode","valueCode","","status",1,1,"","","","code {[]} {[]}
","active|inactive|issued in error|revoked|pending","Describes the status of an identifier","","","","","","","","","",,"example","","http://hl7.org/fhir/ig/vhdir/ValueSet/valueset-identifierstatus","",,,,"Extension.value[x]",0,1,"","","N/A"
"HealthcareService.identifier.use","","","",0,1,"","Y","Y","code {[]} {[]}
","usual | official | temp | secondary | old (If known)","The purpose of this identifier.","Applications can assume that an identifier is permanent unless it explicitly says that it is temporary.","Allows the appropriate identifier for a particular context of use to be selected from among a set of identifiers.","","","","","","","",,"required","Identifies the purpose for this identifier, if known .","http://hl7.org/fhir/ValueSet/identifier-use","",,,,"Identifier.use",0,1,"","","Role.code or implied by context"
"HealthcareService.identifier.type","","","",0,1,"","","Y","CodeableConcept {[]} {[]}
","Description of identifier","A coded type for the identifier that can be used to determine which identifier to use for a specific purpose.","This element deals only with general categories of identifiers.  It SHOULD not be used for codes that correspond 1..1 with the Identifier.system. Some identifiers may fall into multiple categories due to common usage.   Where the system is known, a type is unnecessary because the type is always part of the system definition. However systems often need to handle identifiers where the system is not known. There is not a 1:1 relationship between type and system, since many different systems have the same type.","Allows users to make use of identifiers when the identifier system is not known.","","","","","","","",,"extensible","A coded type for an identifier that can be used to determine which identifier to use for a specific purpose.","http://hl7.org/fhir/ValueSet/identifier-type","",,,,"Identifier.type",0,1,"","","Role.code or implied by context"
"HealthcareService.identifier.system","","","",0,1,"","","Y","uri {[]} {[]}
","The namespace for the identifier value","Establishes the namespace for the value - that is, a URL that describes a set values that are unique.","","There are many sets  of identifiers.  To perform matching of two identifiers, we need to know what set we're dealing with. The system identifies a particular set of unique identifiers.","","","","","<valueUri xmlns=""http://hl7.org/fhir"" value=""http://www.acme.com/identifiers/patient or urn:ietf:rfc:3986 if the Identifier.value itself is a full uri""/>","","",,,,,"",,,,"Identifier.system",0,1,"","","II.root or Role.id.root"
"HealthcareService.identifier.value","","","",0,1,"","","Y","string {[]} {[]}
","The value that is unique","The portion of the identifier typically relevant to the user and which is unique within the context of the system.","If the value is a full URI, then the system SHALL be urn:ietf:rfc:3986.  The value's primary purpose is computational mapping.  As a result, it may be normalized for comparison purposes (e.g. removing non-significant whitespace, dashes, etc.)  A value formatted for human display can be conveyed using the [Rendered Value extension](extension-rendered-value.html).","","","","","","<valueString xmlns=""http://hl7.org/fhir"" value=""123456""/>","","",,,,,"",,,,"Identifier.value",0,1,"","","II.extension or II.root if system indicates OID or GUID (Or Role.id.extension or root)"
"HealthcareService.identifier.period","","","",0,1,"","","Y","Period {[]} {[]}
","Time period when id is/was valid for use","Time period during which identifier is/was valid for use.","","","","","","","","","",,,,,"",,,,"Identifier.period",0,1,"","","Role.effectiveTime or implied by context"
"HealthcareService.identifier.assigner","","","",0,1,"","","Y","Reference {[]} {[CanonicalType[http://hl7.org/fhir/ig/vhdir/StructureDefinition/vhdir-organization]]}
","Organization that issued id (may be just text)","Organization that issued/manages the identifier.","The Identifier.assigner may omit the .reference element and only contain a .display element reflecting the name or other textual information about the assigning organization.","","","","","","","","",,,,,"",,,,"Identifier.assigner",0,1,"","","II.assigningAuthorityName but note that this is an improper use by the definition of the field.  Also Role.scoper"
"HealthcareService.active","","","",1,1,"","Y","Y","boolean {[]} {[]}
","Whether this HealthcareService record is in active use","This flag is used to mark the record to not be used. This is not used when a center is closed for maintenance, or for holidays, the notAvailable period is to be used for this.","This element is labeled as a modifier because it may be used to mark that the resource was created in error.","","","This resource is generally assumed to be active if no value is provided for the active element","","","","","",,,,,"",,,,"HealthcareService.active",0,1,"","",".statusCode","FiveWs.status"
"HealthcareService.providedBy","","","",0,1,"","","Y","Reference {[]} {[CanonicalType[http://hl7.org/fhir/ig/vhdir/StructureDefinition/vhdir-organization]]}
","Organization that provides this service","The organization that provides this healthcare service.","This property is recommended to be the same as the Location's managingOrganization, and if not provided should be interpreted as such. If the Location does not have a managing Organization, then this property should be populated.","","","","","","","","",,,,,"",,,,"HealthcareService.providedBy",0,1,"","",".scopingRole.Organization"
"HealthcareService.category","","service category
","",0,*,"","","Y","CodeableConcept {[]} {[]}
","Broad category of service being performed or delivered","Identifies the broad category of service being performed or delivered.","Selecting a Service Category then determines the list of relevant service types that can be selected in the primary service type.","","","","","","","","",,"example","A category of the service(s) that could be provided.","http://hl7.org/fhir/ValueSet/service-category","",,,,"HealthcareService.category",0,*,"","",".code","FiveWs.class"
"HealthcareService.type","","service type
","",0,*,"","","Y","CodeableConcept {[]} {[]}
","Type of service that may be delivered or performed","The specific type of service that may be delivered or performed.","","","","","","","","","",,"example","Additional details about where the content was created (e.g. clinical specialty).","http://hl7.org/fhir/ValueSet/service-type","",,,,"HealthcareService.type",0,*,"","",".actrelationship[typeCode=COMP.act[classCode=ACT][moodCode=DEF].code"
"HealthcareService.specialty","","","",0,*,"","","Y","CodeableConcept {[]} {[]}
","Specialties handled by the HealthcareService","Collection of specialties handled by the service site. This is more of a medical term.","","","","","","","","","",,"preferred","A specialty that a healthcare service may provide.","http://hl7.org/fhir/ValueSet/c80-practice-codes","",,,,"HealthcareService.specialty",0,*,"","",".actrelationship[typeCode=COMP.act[classCode=ACT][moodCode=DEF].code"
"HealthcareService.location","","","",0,*,"","","Y","Reference {[]} {[CanonicalType[http://hl7.org/fhir/ig/vhdir/StructureDefinition/vhdir-location]]}
","Location(s) where service may be provided","The location(s) where this healthcare service may be provided.","","","","","","","","","",,,,,"",,,,"HealthcareService.location",0,*,"","",".location.role[classCode=SDLOC]","FiveWs.where[x]"
"HealthcareService.name","","","",0,1,"","","Y","string {[]} {[]}
","Description of service as presented to a consumer while searching","Further description of the service as it would be presented to a consumer while searching.","","","","","","","","","",,,,,"",,,,"HealthcareService.name",0,1,"","",".name"
"HealthcareService.comment","","","",0,1,"","","Y","string {[]} {[]}
","Additional description and/or any specific issues not covered elsewhere","Any additional description of the service and/or any specific issues not covered by the other attributes, which can be displayed as further detail under the serviceName.","Would expect that a user would not see this information on a search results, and it would only be available when viewing the complete details of the service.","","","","","","","","",,,,,"",,,,"HealthcareService.comment",0,1,"","",".location.role[classCode=SDLOC].desc"
"HealthcareService.extraDetails","","","",0,1,"","","","string {[]} {[]}
","Extra details about the service that can't be placed in the other fields","Extra details about the service that can't be placed in the other fields.","","","","","","","","","",,,,,"",,,,"HealthcareService.extraDetails",0,1,"","",".actrelationship[typeCode=COMP.act[classCode=ACT][moodCode=DEF].text"
"HealthcareService.photo","","","",0,1,"","","Y","Attachment {[]} {[]}
","Facilitates quick identification of the service","If there is a photo/symbol associated with this HealthcareService, it may be included here to facilitate quick identification of the service in a list.","","","","","","","","","",,,,,"",,,,"HealthcareService.photo",0,1,"","",".actrelationship[typeCode=SBJ].observation.value"
"HealthcareService.telecom","","","",0,*,"","","","ContactPoint {[]} {[]}
","Contacts related to the healthcare service","List of contacts related to this specific healthcare service.","If this is empty, then refer to the location's contacts.","","","","","","","","",,,,,"",,,,"HealthcareService.telecom",0,*,"","",".telecom"
"HealthcareService.telecom.id","","","",0,1,"","","","string {[]} {[]}
","xml:id (or equivalent in JSON)","Unique id for the element within a resource (for internal references). This may be any string value that does not contain spaces.","","","","","","","","","",,,,,"",,,,"Element.id",0,1,"","","n/a"
"HealthcareService.telecom.extension","","","",0,*,"","","","Extension {[]} {[]}
","Extension","An Extension","","","","","","","","","",,,,,"","value:url}
","Extensions are always sliced by (at least) url",,"open","Element.extension",0,*,"",""
"HealthcareService.telecom.extension","availabletime","","",0,*,"","","","Extension {[CanonicalType[http://hl7.org/fhir/ig/vhdir/StructureDefinition/contactpoint-availabletime]]} {[]}
","Available time","Time period when the contact point is to be used","","","","","","","","","",,,,,"",,,,"Element.extension",0,*,"",""
"HealthcareService.telecom.extension.id","","","",0,1,"","","","string {[]} {[]}
","xml:id (or equivalent in JSON)","Unique id for the element within a resource (for internal references). This may be any string value that does not contain spaces.","","","","","","","","","",,,,,"",,,,"Element.id",0,1,"","","n/a"
"HealthcareService.telecom.extension.extension","","","",0,*,"","","","Extension {[]} {[]}
","Extension","An Extension","","","","","","","","","",,,,,"","value:url}
","Extensions are always sliced by (at least) url",,"open","Element.extension",0,*,"",""
"HealthcareService.telecom.extension.extension","daysOfWeek","","daysOfWeek",0,*,"","","","Extension {[]} {[]}
","Days of week","Days of the week - mon|tue|wed|thu|fri|sat|sun","","","","","","","","","",,,,,"",,,,"Element.extension",0,*,"",""
"HealthcareService.telecom.extension.extension.id","","","",0,1,"","","","string {[]} {[]}
","xml:id (or equivalent in JSON)","Unique id for the element within a resource (for internal references). This may be any string value that does not contain spaces.","","","","","","","","","",,,,,"",,,,"Element.id",0,1,"","","n/a"
"HealthcareService.telecom.extension.extension.extension","","extensions
user content","",0,*,"","","","Extension {[]} {[]}
","Additional content defined by implementations","May be used to represent additional information that is not part of the basic definition of the element. To make the use of extensions safe and manageable, there is a strict set of governance  applied to the definition and use of extensions. Though any implementer can define an extension, there is a set of requirements that SHALL be met as part of the definition of the extension.","There can be no stigma associated with the use of extensions by any application, project, or standard - regardless of the institution or jurisdiction that uses or defines the extensions.  The use of extensions is what allows the FHIR specification to retain a core level of simplicity for everyone.","","","","","","","","",,,,,"","value:url}
","Extensions are always sliced by (at least) url",,"open","Element.extension",0,*,"","","n/a"
"HealthcareService.telecom.extension.extension.url","","","",1,1,"","","","uri {[]} {[]}
","identifies the meaning of the extension","Source of the definition for the extension code - a logical name or a URL.","The definition may point directly to a computable or human-readable definition of the extensibility codes, or it may be a logical URI as declared in some other specification. The definition SHALL be a URI for the Structure Definition defining the extension.","","","","<valueUri xmlns=""http://hl7.org/fhir"" value=""daysOfWeek""/>","","","","",,,,,"",,,,"Extension.url",1,1,"","","N/A"
"HealthcareService.telecom.extension.extension.valueCode","valueCode","","daysOfWeek",1,1,"","","","code {[]} {[]}
","Days of the week - mon|tue|wed|thu|fri|sat|sun","Days of the week - mon|tue|wed|thu|fri|sat|sun","","","","","","","","","",,"required","","http://hl7.org/fhir/ValueSet/days-of-week","",,,,"Extension.value[x]",0,1,"","","N/A"
"HealthcareService.telecom.extension.extension","allDay","","allDay",0,1,"","","","Extension {[]} {[]}
","All day","Always available? e.g. 24 hour service","","","","","","","","","",,,,,"",,,,"Element.extension",0,*,"",""
"HealthcareService.telecom.extension.extension.id","","","",0,1,"","","","string {[]} {[]}
","xml:id (or equivalent in JSON)","Unique id for the element within a resource (for internal references). This may be any string value that does not contain spaces.","","","","","","","","","",,,,,"",,,,"Element.id",0,1,"","","n/a"
"HealthcareService.telecom.extension.extension.extension","","extensions
user content","",0,*,"","","","Extension {[]} {[]}
","Additional content defined by implementations","May be used to represent additional information that is not part of the basic definition of the element. To make the use of extensions safe and manageable, there is a strict set of governance  applied to the definition and use of extensions. Though any implementer can define an extension, there is a set of requirements that SHALL be met as part of the definition of the extension.","There can be no stigma associated with the use of extensions by any application, project, or standard - regardless of the institution or jurisdiction that uses or defines the extensions.  The use of extensions is what allows the FHIR specification to retain a core level of simplicity for everyone.","","","","","","","","",,,,,"","value:url}
","Extensions are always sliced by (at least) url",,"open","Element.extension",0,*,"","","n/a"
"HealthcareService.telecom.extension.extension.url","","","",1,1,"","","","uri {[]} {[]}
","identifies the meaning of the extension","Source of the definition for the extension code - a logical name or a URL.","The definition may point directly to a computable or human-readable definition of the extensibility codes, or it may be a logical URI as declared in some other specification. The definition SHALL be a URI for the Structure Definition defining the extension.","","","","<valueUri xmlns=""http://hl7.org/fhir"" value=""allDay""/>","","","","",,,,,"",,,,"Extension.url",1,1,"","","N/A"
"HealthcareService.telecom.extension.extension.valueBoolean","valueBoolean","","allDay",1,1,"","","","boolean {[]} {[]}
","All day","Always available? e.g. 24 hour service","","","","","","","","","",,,,,"",,,,"Extension.value[x]",0,1,"","","N/A"
"HealthcareService.telecom.extension.extension","availableStartTime","","availableStartTime",0,1,"","","","Extension {[]} {[]}
","Available start time","Opening time of day (ignored if allDay = true)","","","","","","","","","",,,,,"",,,,"Element.extension",0,*,"",""
"HealthcareService.telecom.extension.extension.id","","","",0,1,"","","","string {[]} {[]}
","xml:id (or equivalent in JSON)","Unique id for the element within a resource (for internal references). This may be any string value that does not contain spaces.","","","","","","","","","",,,,,"",,,,"Element.id",0,1,"","","n/a"
"HealthcareService.telecom.extension.extension.extension","","extensions
user content","",0,*,"","","","Extension {[]} {[]}
","Additional content defined by implementations","May be used to represent additional information that is not part of the basic definition of the element. To make the use of extensions safe and manageable, there is a strict set of governance  applied to the definition and use of extensions. Though any implementer can define an extension, there is a set of requirements that SHALL be met as part of the definition of the extension.","There can be no stigma associated with the use of extensions by any application, project, or standard - regardless of the institution or jurisdiction that uses or defines the extensions.  The use of extensions is what allows the FHIR specification to retain a core level of simplicity for everyone.","","","","","","","","",,,,,"","value:url}
","Extensions are always sliced by (at least) url",,"open","Element.extension",0,*,"","","n/a"
"HealthcareService.telecom.extension.extension.url","","","",1,1,"","","","uri {[]} {[]}
","identifies the meaning of the extension","Source of the definition for the extension code - a logical name or a URL.","The definition may point directly to a computable or human-readable definition of the extensibility codes, or it may be a logical URI as declared in some other specification. The definition SHALL be a URI for the Structure Definition defining the extension.","","","","<valueUri xmlns=""http://hl7.org/fhir"" value=""availableStartTime""/>","","","","",,,,,"",,,,"Extension.url",1,1,"","","N/A"
"HealthcareService.telecom.extension.extension.valueTime","valueTime","","availableStartTime",1,1,"","","","time {[]} {[]}
","Available start time","Opening time of day (ignored if allDay = true)","","","","","","","","","",,,,,"",,,,"Extension.value[x]",0,1,"","","N/A"
"HealthcareService.telecom.extension.extension","availableEndTime","","availableEndTime",0,1,"","","","Extension {[]} {[]}
","Available end time","Closing time of day (ignored if allDay = true)","","","","","","","","","",,,,,"",,,,"Element.extension",0,*,"",""
"HealthcareService.telecom.extension.extension.id","","","",0,1,"","","","string {[]} {[]}
","xml:id (or equivalent in JSON)","Unique id for the element within a resource (for internal references). This may be any string value that does not contain spaces.","","","","","","","","","",,,,,"",,,,"Element.id",0,1,"","","n/a"
"HealthcareService.telecom.extension.extension.extension","","extensions
user content","",0,*,"","","","Extension {[]} {[]}
","Additional content defined by implementations","May be used to represent additional information that is not part of the basic definition of the element. To make the use of extensions safe and manageable, there is a strict set of governance  applied to the definition and use of extensions. Though any implementer can define an extension, there is a set of requirements that SHALL be met as part of the definition of the extension.","There can be no stigma associated with the use of extensions by any application, project, or standard - regardless of the institution or jurisdiction that uses or defines the extensions.  The use of extensions is what allows the FHIR specification to retain a core level of simplicity for everyone.","","","","","","","","",,,,,"","value:url}
","Extensions are always sliced by (at least) url",,"open","Element.extension",0,*,"","","n/a"
"HealthcareService.telecom.extension.extension.url","","","",1,1,"","","","uri {[]} {[]}
","identifies the meaning of the extension","Source of the definition for the extension code - a logical name or a URL.","The definition may point directly to a computable or human-readable definition of the extensibility codes, or it may be a logical URI as declared in some other specification. The definition SHALL be a URI for the Structure Definition defining the extension.","","","","<valueUri xmlns=""http://hl7.org/fhir"" value=""availableEndTime""/>","","","","",,,,,"",,,,"Extension.url",1,1,"","","N/A"
"HealthcareService.telecom.extension.extension.valueTime","valueTime","","availableEndTime",1,1,"","","","time {[]} {[]}
","Available end time","Closing time of day (ignored if allDay = true)","","","","","","","","","",,,,,"",,,,"Extension.value[x]",0,1,"","","N/A"
"HealthcareService.telecom.extension.url","","","",1,1,"","","","uri {[]} {[]}
","identifies the meaning of the extension","Source of the definition for the extension code - a logical name or a URL.","The definition may point directly to a computable or human-readable definition of the extensibility codes, or it may be a logical URI as declared in some other specification. The definition SHALL be a URI for the Structure Definition defining the extension.","","","","<valueUri xmlns=""http://hl7.org/fhir"" value=""http://hl7.org/fhir/ig/vhdir/StructureDefinition/contactpoint-availabletime""/>","","","","",,,,,"",,,,"Extension.url",1,1,"","","N/A"
"HealthcareService.telecom.extension.value[x]","","","",0,0,"","","","base64Binary {[]} {[]}
boolean {[]} {[]}canonical {[]} {[]}code {[]} {[]}date {[]} {[]}dateTime {[]} {[]}decimal {[]} {[]}id {[]} {[]}instant {[]} {[]}integer {[]} {[]}markdown {[]} {[]}oid {[]} {[]}positiveInt {[]} {[]}string {[]} {[]}time {[]} {[]}unsignedInt {[]} {[]}uri {[]} {[]}url {[]} {[]}uuid {[]} {[]}Address {[]} {[]}Age {[]} {[]}Annotation {[]} {[]}Attachment {[]} {[]}CodeableConcept {[]} {[]}Coding {[]} {[]}ContactPoint {[]} {[]}Count {[]} {[]}Distance {[]} {[]}Duration {[]} {[]}HumanName {[]} {[]}Identifier {[]} {[]}Money {[]} {[]}Period {[]} {[]}Quantity {[]} {[]}Range {[]} {[]}Ratio {[]} {[]}Reference {[]} {[]}SampledData {[]} {[]}Signature {[]} {[]}Timing {[]} {[]}ParameterDefinition {[]} {[]}DataRequirement {[]} {[]}RelatedArtifact {[]} {[]}ContactDetail {[]} {[]}Contributor {[]} {[]}TriggerDefinition {[]} {[]}UsageContext {[]} {[]}Dosage {[]} {[]}","Value of extension","Value of extension - may be a resource or one of a constrained set of the data types (see Extensibility in the spec for list).","","","","","","","","","",,,,,"",,,,"Extension.value[x]",0,1,"","","N/A"
"HealthcareService.telecom.extension","viaintermediary","","",0,1,"","","","Extension {[CanonicalType[http://hl7.org/fhir/ig/vhdir/StructureDefinition/contactpoint-viaintermediary]]} {[]}
","viaintermediary","Represents an external point of contact responsible for handling communications with this entity","","","","","","","","","",,,,,"",,,,"Element.extension",0,*,"",""
"HealthcareService.telecom.extension.id","","","",0,1,"","","","string {[]} {[]}
","xml:id (or equivalent in JSON)","Unique id for the element within a resource (for internal references). This may be any string value that does not contain spaces.","","","","","","","","","",,,,,"",,,,"Element.id",0,1,"","","n/a"
"HealthcareService.telecom.extension.extension","","extensions
user content","",0,*,"","","","Extension {[]} {[]}
","Additional content defined by implementations","May be used to represent additional information that is not part of the basic definition of the element. To make the use of extensions safe and manageable, there is a strict set of governance  applied to the definition and use of extensions. Though any implementer can define an extension, there is a set of requirements that SHALL be met as part of the definition of the extension.","There can be no stigma associated with the use of extensions by any application, project, or standard - regardless of the institution or jurisdiction that uses or defines the extensions.  The use of extensions is what allows the FHIR specification to retain a core level of simplicity for everyone.","","","","","","","","",,,,,"","value:url}
","Extensions are always sliced by (at least) url",,"open","Element.extension",0,*,"","","n/a"
"HealthcareService.telecom.extension.url","","","",1,1,"","","","uri {[]} {[]}
","identifies the meaning of the extension","Source of the definition for the extension code - a logical name or a URL.","The definition may point directly to a computable or human-readable definition of the extensibility codes, or it may be a logical URI as declared in some other specification. The definition SHALL be a URI for the Structure Definition defining the extension.","","","","<valueUri xmlns=""http://hl7.org/fhir"" value=""http://hl7.org/fhir/ig/vhdir/StructureDefinition/contactpoint-viaintermediary""/>","","","","",,,,,"",,,,"Extension.url",1,1,"","","N/A"
"HealthcareService.telecom.extension.valueReference","valueReference","","viaintermediary",1,1,"","","","Reference {[]} {[CanonicalType[http://hl7.org/fhir/ig/vhdir/StructureDefinition/vhdir-practitionerrole], CanonicalType[http://hl7.org/fhir/ig/vhdir/StructureDefinition/vhdir-organization], CanonicalType[http://hl7.org/fhir/ig/vhdir/StructureDefinition/vhdir-organizationrole], CanonicalType[http://hl7.org/fhir/ig/vhdir/StructureDefinition/vhdir-location]]}
","Via intermediary","Represents an external point of contact responsible for handling communications with this entity","","","","","","","","","",,,,,"",,,,"Extension.value[x]",0,1,"","","N/A"
"HealthcareService.telecom.system","","","",1,1,"","","Y","code {[]} {[]}
","phone | fax | email | pager | url | sms | other","Telecommunications form for contact point - what communications system is required to make use of the contact.","","","","","","","","","",,"required","Telecommunications form for contact point","http://hl7.org/fhir/ValueSet/contact-point-system","",,,,"ContactPoint.system",0,1,"cpt-2
","","./scheme"
"HealthcareService.telecom.value","","","",1,1,"","","Y","string {[]} {[]}
","The actual contact point details","The actual contact point details, in a form that is meaningful to the designated communication system (i.e. phone number or email address).","Additional text data such as phone extension numbers, or notes about use of the contact are sometimes included in the value.","Need to support legacy numbers that are not in a tightly controlled format.","","","","","","","",,,,,"",,,,"ContactPoint.value",0,1,"","","./url"
"HealthcareService.telecom.use","","","",0,1,"","Y","Y","code {[]} {[]}
","home | work | temp | old | mobile - purpose of this contact point","Identifies the purpose for the contact point.","Applications can assume that a contact is current unless it explicitly says that it is temporary or old.","Need to track the way a person uses this contact, so a user can choose which is appropriate for their purpose.","","","","","","","",,"required","Use of contact point","http://hl7.org/fhir/ValueSet/contact-point-use","",,,,"ContactPoint.use",0,1,"","","unique(./use)"
"HealthcareService.telecom.rank","","","",0,1,"","","Y","positiveInt {[]} {[]}
","Specify preferred order of use (1 = highest)","Specifies a preferred order in which to use a set of contacts. Contacts are ranked with lower values coming before higher values.","Note that rank does not necessarily follow the order in which the contacts are represented in the instance.","","","","","","","","",,,,,"",,,,"ContactPoint.rank",0,1,"","","n/a"
"HealthcareService.telecom.period","","","",0,1,"","","Y","Period {[]} {[]}
","Time period when the contact point was/is in use","Time period when the contact point was/is in use.","","","","","","","","","",,,,,"",,,,"ContactPoint.period",0,1,"","","./usablePeriod[type=""IVL<TS>""]"
"HealthcareService.coverageArea","","","",0,*,"","","","Reference {[]} {[CanonicalType[http://hl7.org/fhir/ig/vhdir/StructureDefinition/vhdir-location]]}
","Location(s) service is intended for/available to","The location(s) that this service is available to (not where the service is provided).","The locations referenced by the coverage area can include both specific locations, including areas, and also conceptual domains too (mode = kind), such as a physical area (tri-state area) and some other attribute (covered by Example Care Organization). These types of Locations are often not managed by any specific organization. This could also include generic locations such as ""in-home"".","","","","","","","","",,,,,"",,,,"HealthcareService.coverageArea",0,*,"","",".location.role[classCode=SDLOC].subjectOf.A_SpatialCoordinate"
"HealthcareService.serviceProvisionCode","","","",0,*,"","","","CodeableConcept {[]} {[]}
","Conditions under which service is available/offered","The code(s) that detail the conditions under which the healthcare service is available/offered.","The provision means being commissioned by, contractually obliged or financially sourced. Types of costings that may apply to this healthcare service, such if the service may be available for free, some discounts available, or fees apply.","","","","","","","","",,"example","The code(s) that detail the conditions under which the healthcare service is available/offered.","http://hl7.org/fhir/ValueSet/service-provision-conditions","",,,,"HealthcareService.serviceProvisionCode",0,*,"","",".actrelationship[typeCode=PRCN].observation[moodCode=EVN.CRT]"
"HealthcareService.eligibility","","","",0,1,"","","","CodeableConcept {[]} {[]}
","Specific eligibility requirements required to use the service","Does this service have specific eligibility requirements that need to be met in order to use the service?","","","","","","","","","",,"example","Coded values underwhich a specific service is made available.","","",,,,"HealthcareService.eligibility",0,1,"","",".actrelationship[typeCode=PRCN].observation[moodCode=EVN.CRT]"
"HealthcareService.eligibilityNote","","","",0,1,"","","","string {[]} {[]}
","Describes the eligibility conditions for the service","Describes the eligibility conditions for the service.","The description of service eligibility should, in general, not exceed one or two paragraphs. It should be sufficient for a prospective consumer to determine if they are likely to be eligible or not. Where eligibility requirements and conditions are complex, it may simply be noted that an eligibility assessment is required. Where eligibility is determined by an outside source, such as an Act of Parliament, this should be noted, preferably with a reference to a commonly available copy of the source document such as a web page.","","","","","","","","",,,,,"",,,,"HealthcareService.eligibilityNote",0,1,"","",".actrelationship[typeCode=PRCN].observation[moodCode=EVN.CRT].text"
"HealthcareService.programName","","","",0,*,"","","","string {[]} {[]}
","Program Names that categorize the service","Program Names that can be used to categorize the service.","Programs are often defined externally to an Organization, commonly by governments; e.g. Home and Community Care Programs, Homeless Program, ….","","","","","","","","",,,,,"",,,,"HealthcareService.programName",0,*,"","",".actrelationship[typeCode=PERT].observation"
"HealthcareService.characteristic","","","",0,*,"","","","CodeableConcept {[]} {[]}
","Collection of characteristics (attributes)","Collection of characteristics (attributes).","These could be such things as is wheelchair accessible.","","","","","","","","",,"example","A custom attribute that could be provided at a service (e.g. Wheelchair accessibiliy).","","",,,,"HealthcareService.characteristic",0,*,"","",".actrelationship[typeCode=PERT].observation"
"HealthcareService.referralMethod","","","",0,*,"","","","CodeableConcept {[]} {[]}
","Ways that the service accepts referrals","Ways that the service accepts referrals, if this is not provided then it is implied that no referral is required.","","","","","","","","","",,"example","The methods of referral can be used when referring to a specific HealthCareService resource.","http://hl7.org/fhir/ValueSet/service-referral-method","",,,,"HealthcareService.referralMethod",0,*,"","",".actrelationship[typeCode=PERT].observation"
"HealthcareService.appointmentRequired","","","",0,1,"","","","boolean {[]} {[]}
","If an appointment is required for access to this service","Indicates whether or not a prospective consumer will require an appointment for a particular service at a site to be provided by the Organization. Indicates if an appointment is required for access to this service.","","","","","","","","","",,,,,"",,,,"HealthcareService.appointmentRequired",0,1,"","",".actrelationship[typeCode=PERT].observation"
"HealthcareService.availableTime","","","",0,*,"","","","BackboneElement {[]} {[]}
","Times the Service Site is available","A collection of times that the Service Site is available.","More detailed availability information may be provided in associated Schedule/Slot resources.","","","","","","","","",,,,,"",,,,"HealthcareService.availableTime",0,*,"","ele-1:All FHIR elements must have a @value or children {hasValue() | (children().count() > id.count())}
",".effectiveTime"
"HealthcareService.availableTime.id","","","",0,1,"","","","string {[]} {[]}
","xml:id (or equivalent in JSON)","Unique id for the element within a resource (for internal references). This may be any string value that does not contain spaces.","","","","","","","","","",,,,,"",,,,"Element.id",0,1,"","","n/a"
"HealthcareService.availableTime.extension","","extensions
user content","",0,*,"","","","Extension {[]} {[]}
","Additional content defined by implementations","May be used to represent additional information that is not part of the basic definition of the element. To make the use of extensions safe and manageable, there is a strict set of governance  applied to the definition and use of extensions. Though any implementer can define an extension, there is a set of requirements that SHALL be met as part of the definition of the extension.","There can be no stigma associated with the use of extensions by any application, project, or standard - regardless of the institution or jurisdiction that uses or defines the extensions.  The use of extensions is what allows the FHIR specification to retain a core level of simplicity for everyone.","","","","","","","","",,,,,"",,,,"Element.extension",0,*,"","","n/a"
"HealthcareService.availableTime.modifierExtension","","extensions
user contentmodifiers","",0,*,"","Y","Y","Extension {[]} {[]}
","Extensions that cannot be ignored","May be used to represent additional information that is not part of the basic definition of the element and that modifies the understanding of the element in which it is contained. Usually modifier elements provide negation or qualification. To make the use of extensions safe and manageable, there is a strict set of governance applied to the definition and use of extensions. Though any implementer can define an extension, there is a set of requirements that SHALL be met as part of the definition of the extension. Applications processing a resource are required to check for modifier extensions.","There can be no stigma associated with the use of extensions by any application, project, or standard - regardless of the institution or jurisdiction that uses or defines the extensions.  The use of extensions is what allows the FHIR specification to retain a core level of simplicity for everyone.","","","","","","","","",,,,,"",,,,"BackboneElement.modifierExtension",0,*,"","","N/A"
"HealthcareService.availableTime.daysOfWeek","","","",0,*,"","","","code {[]} {[]}
","mon | tue | wed | thu | fri | sat | sun","Indicates which days of the week are available between the start and end Times.","","","","","","","","","",,"required","The days of the week.","http://hl7.org/fhir/ValueSet/days-of-week","",,,,"HealthcareService.availableTime.daysOfWeek",0,*,"","",".effectiveTime"
"HealthcareService.availableTime.allDay","","","",0,1,"","","","boolean {[]} {[]}
","Always available? e.g. 24 hour service","Is this always available? (hence times are irrelevant) e.g. 24 hour service.","","","","","","","","","",,,,,"",,,,"HealthcareService.availableTime.allDay",0,1,"","",".effectiveTime"
"HealthcareService.availableTime.availableStartTime","","","",0,1,"","","","time {[]} {[]}
","Opening time of day (ignored if allDay = true)","The opening time of day. Note: If the AllDay flag is set, then this time is ignored.","The time zone is expected to be for where this HealthcareService is provided at.","","","","","","","","",,,,,"",,,,"HealthcareService.availableTime.availableStartTime",0,1,"","",".effectiveTime"
"HealthcareService.availableTime.availableEndTime","","","",0,1,"","","","time {[]} {[]}
","Closing time of day (ignored if allDay = true)","The closing time of day. Note: If the AllDay flag is set, then this time is ignored.","The time zone is expected to be for where this HealthcareService is provided at.","","","","","","","","",,,,,"",,,,"HealthcareService.availableTime.availableEndTime",0,1,"","",".effectiveTime"
"HealthcareService.notAvailable","","","",0,*,"","","","BackboneElement {[]} {[]}
","Not available during this time due to provided reason","The HealthcareService is not available during this period of time due to the provided reason.","","","","","","","","","",,,,,"",,,,"HealthcareService.notAvailable",0,*,"","ele-1:All FHIR elements must have a @value or children {hasValue() | (children().count() > id.count())}
",".effectiveTime"
"HealthcareService.notAvailable.id","","","",0,1,"","","","string {[]} {[]}
","xml:id (or equivalent in JSON)","Unique id for the element within a resource (for internal references). This may be any string value that does not contain spaces.","","","","","","","","","",,,,,"",,,,"Element.id",0,1,"","","n/a"
"HealthcareService.notAvailable.extension","","extensions
user content","",0,*,"","","","Extension {[]} {[]}
","Additional content defined by implementations","May be used to represent additional information that is not part of the basic definition of the element. To make the use of extensions safe and manageable, there is a strict set of governance  applied to the definition and use of extensions. Though any implementer can define an extension, there is a set of requirements that SHALL be met as part of the definition of the extension.","There can be no stigma associated with the use of extensions by any application, project, or standard - regardless of the institution or jurisdiction that uses or defines the extensions.  The use of extensions is what allows the FHIR specification to retain a core level of simplicity for everyone.","","","","","","","","",,,,,"",,,,"Element.extension",0,*,"","","n/a"
"HealthcareService.notAvailable.modifierExtension","","extensions
user contentmodifiers","",0,*,"","Y","Y","Extension {[]} {[]}
","Extensions that cannot be ignored","May be used to represent additional information that is not part of the basic definition of the element and that modifies the understanding of the element in which it is contained. Usually modifier elements provide negation or qualification. To make the use of extensions safe and manageable, there is a strict set of governance applied to the definition and use of extensions. Though any implementer can define an extension, there is a set of requirements that SHALL be met as part of the definition of the extension. Applications processing a resource are required to check for modifier extensions.","There can be no stigma associated with the use of extensions by any application, project, or standard - regardless of the institution or jurisdiction that uses or defines the extensions.  The use of extensions is what allows the FHIR specification to retain a core level of simplicity for everyone.","","","","","","","","",,,,,"",,,,"BackboneElement.modifierExtension",0,*,"","","N/A"
"HealthcareService.notAvailable.description","","","",1,1,"","","","string {[]} {[]}
","Reason presented to the user explaining why time not available","The reason that can be presented to the user as to why this time is not available.","","","","","","","","","",,,,,"",,,,"HealthcareService.notAvailable.description",1,1,"","","n/a"
"HealthcareService.notAvailable.during","","","",0,1,"","","","Period {[]} {[]}
","Service not available from this date","Service is not available (seasonally or for a public holiday) from this date.","","","","","","","","","",,,,,"",,,,"HealthcareService.notAvailable.during",0,1,"","",".effectiveTime"
"HealthcareService.availabilityExceptions","","","",0,1,"","","","string {[]} {[]}
","Description of availability exceptions","A description of site availability exceptions, e.g. public holiday availability. Succinctly describing all possible exceptions to normal site availability as details in the available Times and not available Times.","","","","","","","","","",,,,,"",,,,"HealthcareService.availabilityExceptions",0,1,"","",".effectiveTime"
"HealthcareService.endpoint","","","",0,*,"","","","Reference {[]} {[CanonicalType[http://hl7.org/fhir/ig/vhdir/StructureDefinition/vhdir-endpoint]]}
","Technical endpoints providing access to services operated for the location","Technical endpoints providing access to services operated for the specific healthcare services defined at this resource.","","Organizations may have different systems covering different services at the different locations and need to be able to define the technical connection details for how to connect to them, and for what purpose.","","","","","","","",,,,,"",,,,"HealthcareService.endpoint",0,*,"","","n/a"
