"Path","Slice Name","Alias(s)","Label","Min","Max","Must Support?","Is Modifier?","Is Summary?","Type(s)","Short","Definition","Comments","Requirements","Default Value","Meaning When Missing","Fixed Value","Pattern","Example","Minimum Value","Maximum Value","Maximum Length","Binding Strength","Binding Description","Binding Value Set","Code","Slicing Discriminator","Slicing Description","Slicing Ordered","Slicing Rules","Base Path","Base Min","Base Max","Condition(s)","Constraint(s)","Mapping: HL7 v2 Mapping","Mapping: RIM Mapping","Mapping: ServD","Mapping: FiveWs Pattern"
"PractitionerRole","","","",0,*,"","","","","Roles/organizations the practitioner is associated with","A specific set of Roles/Locations/specialties/services that a practitioner may perform at an organization for a period of time.","","","","","","","","","",,,,,"",,,,"PractitionerRole",0,*,"","dom-2:If the resource is contained in another resource, it SHALL NOT contain nested Resources {contained.contained.empty()}
dom-1:If the resource is contained in another resource, it SHALL NOT contain any narrative {contained.text.empty()}dom-4:If a resource is contained in another resource, it SHALL NOT have a meta.versionId or a meta.lastUpdated {contained.meta.versionId.empty() and contained.meta.lastUpdated.empty()}dom-3:If the resource is contained in another resource, it SHALL be referred to from elsewhere in the resource or SHALL refer to the containing resource {contained.all(('#'+id in (%resource.descendants().reference | %resource.descendants().as(canonical))) or descendants().where(reference = '#').exists() or descendants().where(as(canonical) = '#').exists())}","PRD (as one example)","Entity. Role, or Act","Role","ServiceSiteProvider"
"PractitionerRole.id","","","",0,1,"","","Y","id {[]} {[]}
","Logical id of this artifact","The logical id of the resource, as used in the URL for the resource. Once assigned, this value never changes.","The only time that a resource does not have an id is when it is being submitted to the server using a create operation.","","","","","","","","",,,,,"",,,,"Resource.id",0,1,"",""
"PractitionerRole.meta","","","",0,1,"","","Y","Meta {[]} {[]}
","Metadata about the resource","The metadata about the resource. This is content that is maintained by the infrastructure. Changes to the content might not always be associated with version changes to the resource.","","","","","","","","","",,,,,"",,,,"Resource.meta",0,1,"",""
"PractitionerRole.implicitRules","","","",0,1,"","Y","Y","uri {[]} {[]}
","A set of rules under which this content was created","A reference to a set of rules that were followed when the resource was constructed, and which must be understood when processing the content. Often, this is a reference to an implementation guide that defines the special rules along with other profiles etc.","Asserting this rule set restricts the content to be only understood by a limited set of trading partners. This inherently limits the usefulness of the data in the long term. However, the existing health eco-system is highly fractured, and not yet ready to define, collect, and exchange data in a generally computable sense. Wherever possible, implementers and/or specification writers should avoid using this element. Often, when used, the URL is a reference to an implementation guide that defines these special rules as part of it's narrative along with other profiles, value sets, etc.","","","","","","","","",,,,,"",,,,"Resource.implicitRules",0,1,"",""
"PractitionerRole.language","","","",0,1,"","","","code {[]} {[]}
","Language of the resource content","The base language in which the resource is written.","Language is provided to support indexing and accessibility (typically, services such as text to speech use the language tag). The html language tag in the narrative applies  to the narrative. The language tag on the resource may be used to specify the language of other presentations generated from the data in the resource. Not all the content has to be in the base language. The Resource.language should not be assumed to apply to the narrative automatically. If a language is specified, it should it also be specified on the div element in the html (see rules in HTML5 for information about the relationship between xml:lang and the html lang attribute).","","","","","","","","",,"extensible","A human language.","http://hl7.org/fhir/ValueSet/languages","",,,,"Resource.language",0,1,"",""
"PractitionerRole.text","","narrative
htmlxhtmldisplay","",0,1,"","","","Narrative {[]} {[]}
","Text summary of the resource, for human interpretation","A human-readable narrative that contains a summary of the resource and can be used to represent the content of the resource to a human. The narrative need not encode all the structured data, but is required to contain sufficient detail to make it ""clinically safe"" for a human to just read the narrative. Resource definitions may define what content should be represented in the narrative to ensure clinical safety.","Contained resources do not have narrative. Resources that are not contained SHOULD have a narrative. In some cases, a resource may only have text with little or no additional discrete data (as long as all minOccurs=1 elements are satisfied).  This may be necessary for data from legacy systems where information is captured as a ""text blob"" or where text is additionally entered raw or narrated and encoded in formation is added later.","","","","","","","","",,,,,"",,,,"DomainResource.text",0,1,"dom-1
","","Act.text?"
"PractitionerRole.contained","","inline resources
anonymous resourcescontained resources","",0,*,"","","","Resource {[]} {[]}
","Contained, inline Resources","These resources do not have an independent existence apart from the resource that contains them - they cannot be identified independently, and nor can they have their own independent transaction scope.","This should never be done when the content can be identified properly, as once identification is lost, it is extremely difficult (and context dependent) to restore it again.","","","","","","","","",,,,,"",,,,"DomainResource.contained",0,*,"","","N/A"
"PractitionerRole.extension","","","",0,*,"","","","Extension {[]} {[]}
","Extension","An Extension","","","","","","","","","",,,,,"","value:url}
","",,"open","DomainResource.extension",0,*,"",""
"PractitionerRole.extension","Network","","",0,*,"","","","Extension {[CanonicalType[http://hl7.org/fhir/ig/vhdir/StructureDefinition/network-reference]]} {[]}
","Optional Extensions Element","Optional Extension Element - found in all resources.","","","","","","","","","",,,,,"",,,,"DomainResource.extension",0,*,"ele-1
","ele-1:All FHIR elements must have a @value or children {hasValue() | (children().count() > id.count())}
ext-1:Must have either extensions or value[x], not both {extension.exists() != value.exists()}"
"PractitionerRole.extension","newpatients","","",0,1,"","","","Extension {[CanonicalType[http://hl7.org/fhir/ig/vhdir/StructureDefinition/newpatients]]} {[]}
","Extension","An Extension","","","","","","","","","",,,,,"",,,,"DomainResource.extension",0,*,"ele-1
","ele-1:All FHIR elements must have a @value or children {hasValue() | (children().count() > id.count())}
ext-1:Must have either extensions or value[x], not both {extension.exists() != value.exists()}"
"PractitionerRole.extension","newpatientprofile","","",0,*,"","","","Extension {[CanonicalType[http://hl7.org/fhir/ig/vhdir/StructureDefinition/newpatientprofile]]} {[]}
","Extension","An Extension","","","","","","","","","",,,,,"",,,,"DomainResource.extension",0,*,"ele-1
","ele-1:All FHIR elements must have a @value or children {hasValue() | (children().count() > id.count())}
ext-1:Must have either extensions or value[x], not both {extension.exists() != value.exists()}"
"PractitionerRole.extension","digitalcertificate","","",0,*,"","","","Extension {[CanonicalType[http://hl7.org/fhir/ig/vhdir/StructureDefinition/digitalcertificate]]} {[]}
","Extension","An Extension","","","","","","","","","",,,,,"",,,,"DomainResource.extension",0,*,"ele-1
","ele-1:All FHIR elements must have a @value or children {hasValue() | (children().count() > id.count())}
ext-1:Must have either extensions or value[x], not both {extension.exists() != value.exists()}"
"PractitionerRole.extension","qualification","","",0,*,"","","","Extension {[CanonicalType[http://hl7.org/fhir/ig/vhdir/StructureDefinition/qualification]]} {[]}
","Qualification","Qualifications obtained by training and certification","","","","","","","","","",,,,,"",,,,"DomainResource.extension",0,*,"ele-1
","ele-1:All FHIR elements must have a @value or children {hasValue() | (children().count() > id.count())}
ext-1:Must have either extensions or value[x], not both {extension.exists() != value.exists()}"
"PractitionerRole.extension","restriction","","",0,*,"","","","Extension {[CanonicalType[http://hl7.org/fhir/ig/vhdir/StructureDefinition/usage-restriction]]} {[]}
","Restriction","Identifies and conveys information about restrictions on the use or release of exchanged information, e.g. information that can only be shared under particular condition, such as a signed data use agreement between parties","","","","","","","","","",,,,,"",,,,"DomainResource.extension",0,*,"ele-1
","ele-1:All FHIR elements must have a @value or children {hasValue() | (children().count() > id.count())}
ext-1:Must have either extensions or value[x], not both {extension.exists() != value.exists()}"
"PractitionerRole.modifierExtension","","extensions
user content","",0,*,"","Y","","Extension {[]} {[]}
","Extensions that cannot be ignored","May be used to represent additional information that is not part of the basic definition of the resource, and that modifies the understanding of the element that contains it. Usually modifier elements provide negation or qualification. To make the use of extensions safe and manageable, there is a strict set of governance applied to the definition and use of extensions. Though any implementer is allowed to define an extension, there is a set of requirements that SHALL be met as part of the definition of the extension. Applications processing a resource are required to check for modifier extensions.","There can be no stigma associated with the use of extensions by any application, project, or standard - regardless of the institution or jurisdiction that uses or defines the extensions.  The use of extensions is what allows the FHIR specification to retain a core level of simplicity for everyone.","","","","","","","","",,,,,"",,,,"DomainResource.modifierExtension",0,*,"","","N/A"
"PractitionerRole.identifier","","","",0,*,"","","Y","Identifier {[]} {[]}
","Business Identifiers that are specific to a role/location","Business Identifiers that are specific to a role/location.","","Often, specific identities are assigned for the agent.","","","","","","","",,,,,"",,,,"PractitionerRole.identifier",0,*,"","","PRD-7 (or XCN.1)",".id","./Identifiers","FiveWs.identifier"
"PractitionerRole.identifier.id","","","",0,1,"","","","string {[]} {[]}
","xml:id (or equivalent in JSON)","Unique id for the element within a resource (for internal references). This may be any string value that does not contain spaces.","","","","","","","","","",,,,,"",,,,"Element.id",0,1,"","","n/a"
"PractitionerRole.identifier.extension","","","",0,*,"","","","Extension {[]} {[]}
","Extension","An Extension","","","","","","","","","",,,,,"","value:url}
","Extensions are always sliced by (at least) url",,"open","Element.extension",0,*,"",""
"PractitionerRole.identifier.extension","status","","",1,1,"","","","Extension {[CanonicalType[http://hl7.org/fhir/ig/vhdir/StructureDefinition/identifier-status]]} {[]}
","Extension","An Extension","","","","","","","","","",,,,,"",,,,"Element.extension",0,*,"",""
"PractitionerRole.identifier.extension.id","","","",0,1,"","","","string {[]} {[]}
","xml:id (or equivalent in JSON)","Unique id for the element within a resource (for internal references). This may be any string value that does not contain spaces.","","","","","","","","","",,,,,"",,,,"Element.id",0,1,"","","n/a"
"PractitionerRole.identifier.extension.extension","","extensions
user content","",0,*,"","","","Extension {[]} {[]}
","Additional content defined by implementations","May be used to represent additional information that is not part of the basic definition of the element. To make the use of extensions safe and manageable, there is a strict set of governance  applied to the definition and use of extensions. Though any implementer can define an extension, there is a set of requirements that SHALL be met as part of the definition of the extension.","There can be no stigma associated with the use of extensions by any application, project, or standard - regardless of the institution or jurisdiction that uses or defines the extensions.  The use of extensions is what allows the FHIR specification to retain a core level of simplicity for everyone.","","","","","","","","",,,,,"","value:url}
","Extensions are always sliced by (at least) url",,"open","Element.extension",0,*,"","","n/a"
"PractitionerRole.identifier.extension.url","","","",1,1,"","","","uri {[]} {[]}
","identifies the meaning of the extension","Source of the definition for the extension code - a logical name or a URL.","The definition may point directly to a computable or human-readable definition of the extensibility codes, or it may be a logical URI as declared in some other specification. The definition SHALL be a URI for the Structure Definition defining the extension.","","","","<valueUri xmlns=""http://hl7.org/fhir"" value=""http://hl7.org/fhir/ig/vhdir/StructureDefinition/identifier-status""/>","","","","",,,,,"",,,,"Extension.url",1,1,"","","N/A"
"PractitionerRole.identifier.extension.valueCode","valueCode","","status",1,1,"","","","code {[]} {[]}
","active|inactive|issued in error|revoked|pending","Describes the status of an identifier","","","","","","","","","",,"example","","http://hl7.org/fhir/ig/vhdir/ValueSet/valueset-identifierstatus","",,,,"Extension.value[x]",0,1,"","","N/A"
"PractitionerRole.identifier.use","","","",0,1,"","Y","Y","code {[]} {[]}
","usual | official | temp | secondary | old (If known)","The purpose of this identifier.","Applications can assume that an identifier is permanent unless it explicitly says that it is temporary.","Allows the appropriate identifier for a particular context of use to be selected from among a set of identifiers.","","","","","","","",,"required","Identifies the purpose for this identifier, if known .","http://hl7.org/fhir/ValueSet/identifier-use","",,,,"Identifier.use",0,1,"","","N/A","Role.code or implied by context"
"PractitionerRole.identifier.type","","","",0,1,"","","Y","CodeableConcept {[]} {[]}
","Description of identifier","A coded type for the identifier that can be used to determine which identifier to use for a specific purpose.","This element deals only with general categories of identifiers.  It SHOULD not be used for codes that correspond 1..1 with the Identifier.system. Some identifiers may fall into multiple categories due to common usage.   Where the system is known, a type is unnecessary because the type is always part of the system definition. However systems often need to handle identifiers where the system is not known. There is not a 1:1 relationship between type and system, since many different systems have the same type.","Allows users to make use of identifiers when the identifier system is not known.","","","","","","","",,"extensible","A coded type for an identifier that can be used to determine which identifier to use for a specific purpose.","http://hl7.org/fhir/ValueSet/identifier-type","",,,,"Identifier.type",0,1,"","","CX.5","Role.code or implied by context"
"PractitionerRole.identifier.system","","","",0,1,"","","Y","uri {[]} {[]}
","The namespace for the identifier value","Establishes the namespace for the value - that is, a URL that describes a set values that are unique.","","There are many sets  of identifiers.  To perform matching of two identifiers, we need to know what set we're dealing with. The system identifies a particular set of unique identifiers.","","","","","<valueUri xmlns=""http://hl7.org/fhir"" value=""http://www.acme.com/identifiers/patient or urn:ietf:rfc:3986 if the Identifier.value itself is a full uri""/>","","",,,,,"",,,,"Identifier.system",0,1,"","","CX.4 / EI-2-4","II.root or Role.id.root","./IdentifierType"
"PractitionerRole.identifier.value","","","",0,1,"","","Y","string {[]} {[]}
","The value that is unique","The portion of the identifier typically relevant to the user and which is unique within the context of the system.","If the value is a full URI, then the system SHALL be urn:ietf:rfc:3986.  The value's primary purpose is computational mapping.  As a result, it may be normalized for comparison purposes (e.g. removing non-significant whitespace, dashes, etc.)  A value formatted for human display can be conveyed using the [Rendered Value extension](extension-rendered-value.html).","","","","","","<valueString xmlns=""http://hl7.org/fhir"" value=""123456""/>","","",,,,,"",,,,"Identifier.value",0,1,"","","CX.1 / EI.1","II.extension or II.root if system indicates OID or GUID (Or Role.id.extension or root)","./Value"
"PractitionerRole.identifier.period","","","",0,1,"","","Y","Period {[]} {[]}
","Time period when id is/was valid for use","Time period during which identifier is/was valid for use.","","","","","","","","","",,,,,"",,,,"Identifier.period",0,1,"","","CX.7 + CX.8","Role.effectiveTime or implied by context","./StartDate and ./EndDate"
"PractitionerRole.identifier.assigner","","","",0,1,"","","Y","Reference {[]} {[CanonicalType[http://hl7.org/fhir/ig/vhdir/StructureDefinition/vhdir-organization]]}
","Organization that issued id (may be just text)","Organization that issued/manages the identifier.","The Identifier.assigner may omit the .reference element and only contain a .display element reflecting the name or other textual information about the assigning organization.","","","","","","","","",,,,,"",,,,"Identifier.assigner",0,1,"","","CX.4 / (CX.4,CX.9,CX.10)","II.assigningAuthorityName but note that this is an improper use by the definition of the field.  Also Role.scoper","./IdentifierIssuingAuthority"
"PractitionerRole.active","","","",1,1,"","","Y","boolean {[]} {[]}
","Whether this practitioner role record is in active use","Whether this practitioner role record is in active use.","If this value is false, you may refer to the period to see when the role was in active use. If there is no period specified, no inference can be made about when it was active.","Need to be able to mark a practitioner role record as not to be used because it was created in error, or otherwise no longer in active use.","","This resource is generally assumed to be active if no value is provided for the active element","","","","","",,,,,"",,,,"PractitionerRole.active",0,1,"","","STF-7",".statusCode","FiveWs.status"
"PractitionerRole.period","","","",0,1,"","","Y","Period {[]} {[]}
","The period during which the practitioner is authorized to perform in these role(s)","The period during which the person is authorized to act as a practitioner in these role(s) for the organization.","","Even after the agencies is revoked, the fact that it existed must still be recorded.","","","","","","","",,,,,"",,,,"PractitionerRole.period",0,1,"","","PRD-8/9 / PRA-5.4",".performance[@typeCode <= 'PPRF'].ActDefinitionOrEvent.effectiveTime","(ServD maps Practitioners and Organizations via another entity, so this concept is not available)","FiveWs.done[x]"
"PractitionerRole.practitioner","","","",0,1,"","","Y","Reference {[]} {[CanonicalType[http://hl7.org/fhir/ig/vhdir/StructureDefinition/vhdir-practitioner]]}
","Practitioner that is able to provide the defined services for the organization","Practitioner that is able to provide the defined services for the organization.","","","","","","","","","",,,,,"",,,,"PractitionerRole.practitioner",0,1,"","",".player"
"PractitionerRole.organization","","","",0,1,"","","Y","Reference {[]} {[CanonicalType[http://hl7.org/fhir/ig/vhdir/StructureDefinition/vhdir-organization]]}
","Organization where the roles are available","The organization where the Practitioner performs the roles associated.","","","","","","","","","",,,,,"",,,,"PractitionerRole.organization",0,1,"","",".scoper"
"PractitionerRole.code","","","",1,*,"","","Y","CodeableConcept {[]} {[]}
","Roles which this practitioner may perform","Roles which this practitioner is authorized to perform for the organization.","A person may have more than one role. At least one role is required.","Need to know what authority the practitioner has - what can they do?","","","","","","","",,"example","The role a person plays representing an organization","http://hl7.org/fhir/ValueSet/practitioner-role","",,,,"PractitionerRole.code",0,*,"","","PRD-1 / STF-18  / PRA-3  / PRT-4  / ROL-3 / ORC-12 / OBR-16 / PV1-7 / PV1-8 / PV1-9 / PV1-17",".code","(ServD maps Practitioners and Organizations via another entity, so this concept is not available)"
"PractitionerRole.specialty","","","",0,*,"","","Y","CodeableConcept {[]} {[]}
","Specific specialty of the practitioner","Specific specialty of the practitioner.","","","","","","","","","",,"preferred","Specific specialty associated with the agency","http://hl7.org/fhir/ValueSet/c80-practice-codes","",,,,"PractitionerRole.specialty",0,*,"","","PRA-5",".player.HealthCareProvider[@classCode = 'PROV'].code","./Specialty"
"PractitionerRole.location","","","",0,*,"","","Y","Reference {[]} {[CanonicalType[http://hl7.org/fhir/ig/vhdir/StructureDefinition/vhdir-location]]}
","The location(s) at which this practitioner provides care","The location(s) at which this practitioner provides care.","","","","","","","","","",,,,,"",,,,"PractitionerRole.location",0,*,"","",".performance.ActDefinitionOrEvent.ServiceDeliveryLocation[@classCode = 'SDLOC']","(ServD maps Practitioners and Organizations via another entity, so this concept is not available)<br/> However these are accessed via the Site.ServiceSite.ServiceSiteProvider record. (The Site has the location)","FiveWs.where[x]"
"PractitionerRole.healthcareService","","","",0,*,"","","","Reference {[]} {[CanonicalType[http://hl7.org/fhir/ig/vhdir/StructureDefinition/vhdir-healthcareservice]]}
","The list of healthcare services that this worker provides for this role's Organization/Location(s)","The list of healthcare services that this worker provides for this role's Organization/Location(s).","","","","","","","","","",,,,,"",,,,"PractitionerRole.healthcareService",0,*,"","","EDU-2 / AFF-3",".player.QualifiedEntity[@classCode = 'QUAL'].code"
"PractitionerRole.telecom","","","",0,*,"","","Y","ContactPoint {[]} {[]}
","Contact details that are specific to the role/location/service","Contact details that are specific to the role/location/service.","","Often practitioners have a dedicated line for each location (or service) that they work at, and need to be able to define separate contact details for each of these.","","","","","","","",,,,,"",,,,"PractitionerRole.telecom",0,*,"","",".telecom"
"PractitionerRole.telecom.id","","","",0,1,"","","","string {[]} {[]}
","xml:id (or equivalent in JSON)","Unique id for the element within a resource (for internal references). This may be any string value that does not contain spaces.","","","","","","","","","",,,,,"",,,,"Element.id",0,1,"","","n/a"
"PractitionerRole.telecom.extension","","","",0,*,"","","","Extension {[]} {[]}
","Extension","An Extension","","","","","","","","","",,,,,"","value:url}
","Extensions are always sliced by (at least) url",,"open","Element.extension",0,*,"",""
"PractitionerRole.telecom.extension","availabletime","","",0,*,"","","","Extension {[CanonicalType[http://hl7.org/fhir/ig/vhdir/StructureDefinition/contactpoint-availabletime]]} {[]}
","Extension","An Extension","","","","","","","","","",,,,,"",,,,"Element.extension",0,*,"",""
"PractitionerRole.telecom.extension.id","","","",0,1,"","","","string {[]} {[]}
","xml:id (or equivalent in JSON)","Unique id for the element within a resource (for internal references). This may be any string value that does not contain spaces.","","","","","","","","","",,,,,"",,,,"Element.id",0,1,"","","n/a"
"PractitionerRole.telecom.extension.extension","","","",0,*,"","","","Extension {[]} {[]}
","Extension","An Extension","","","","","","","","","",,,,,"","value:url}
","Extensions are always sliced by (at least) url",,"open","Element.extension",0,*,"",""
"PractitionerRole.telecom.extension.extension","daysOfWeek","","daysOfWeek",0,*,"","","","Extension {[]} {[]}
","Days of week","Days of the week - mon|tue|wed|thu|fri|sat|sun","","","","","","","","","",,,,,"",,,,"Element.extension",0,*,"",""
"PractitionerRole.telecom.extension.extension.id","","","",0,1,"","","","string {[]} {[]}
","xml:id (or equivalent in JSON)","Unique id for the element within a resource (for internal references). This may be any string value that does not contain spaces.","","","","","","","","","",,,,,"",,,,"Element.id",0,1,"","","n/a"
"PractitionerRole.telecom.extension.extension.extension","","extensions
user content","",0,*,"","","","Extension {[]} {[]}
","Additional content defined by implementations","May be used to represent additional information that is not part of the basic definition of the element. To make the use of extensions safe and manageable, there is a strict set of governance  applied to the definition and use of extensions. Though any implementer can define an extension, there is a set of requirements that SHALL be met as part of the definition of the extension.","There can be no stigma associated with the use of extensions by any application, project, or standard - regardless of the institution or jurisdiction that uses or defines the extensions.  The use of extensions is what allows the FHIR specification to retain a core level of simplicity for everyone.","","","","","","","","",,,,,"","value:url}
","Extensions are always sliced by (at least) url",,"open","Element.extension",0,*,"","","n/a"
"PractitionerRole.telecom.extension.extension.url","","","",1,1,"","","","uri {[]} {[]}
","identifies the meaning of the extension","Source of the definition for the extension code - a logical name or a URL.","The definition may point directly to a computable or human-readable definition of the extensibility codes, or it may be a logical URI as declared in some other specification. The definition SHALL be a URI for the Structure Definition defining the extension.","","","","<valueUri xmlns=""http://hl7.org/fhir"" value=""daysOfWeek""/>","","","","",,,,,"",,,,"Extension.url",1,1,"","","N/A"
"PractitionerRole.telecom.extension.extension.valueCode","valueCode","","daysOfWeek",1,1,"","","","code {[]} {[]}
","Days of the week - mon|tue|wed|thu|fri|sat|sun","Days of the week - mon|tue|wed|thu|fri|sat|sun","","","","","","","","","",,"required","","http://hl7.org/fhir/ValueSet/days-of-week","",,,,"Extension.value[x]",0,1,"","","N/A"
"PractitionerRole.telecom.extension.extension","allDay","","allDay",0,1,"","","","Extension {[]} {[]}
","All day","Always available? e.g. 24 hour service","","","","","","","","","",,,,,"",,,,"Element.extension",0,*,"",""
"PractitionerRole.telecom.extension.extension.id","","","",0,1,"","","","string {[]} {[]}
","xml:id (or equivalent in JSON)","Unique id for the element within a resource (for internal references). This may be any string value that does not contain spaces.","","","","","","","","","",,,,,"",,,,"Element.id",0,1,"","","n/a"
"PractitionerRole.telecom.extension.extension.extension","","extensions
user content","",0,*,"","","","Extension {[]} {[]}
","Additional content defined by implementations","May be used to represent additional information that is not part of the basic definition of the element. To make the use of extensions safe and manageable, there is a strict set of governance  applied to the definition and use of extensions. Though any implementer can define an extension, there is a set of requirements that SHALL be met as part of the definition of the extension.","There can be no stigma associated with the use of extensions by any application, project, or standard - regardless of the institution or jurisdiction that uses or defines the extensions.  The use of extensions is what allows the FHIR specification to retain a core level of simplicity for everyone.","","","","","","","","",,,,,"","value:url}
","Extensions are always sliced by (at least) url",,"open","Element.extension",0,*,"","","n/a"
"PractitionerRole.telecom.extension.extension.url","","","",1,1,"","","","uri {[]} {[]}
","identifies the meaning of the extension","Source of the definition for the extension code - a logical name or a URL.","The definition may point directly to a computable or human-readable definition of the extensibility codes, or it may be a logical URI as declared in some other specification. The definition SHALL be a URI for the Structure Definition defining the extension.","","","","<valueUri xmlns=""http://hl7.org/fhir"" value=""allDay""/>","","","","",,,,,"",,,,"Extension.url",1,1,"","","N/A"
"PractitionerRole.telecom.extension.extension.valueBoolean","valueBoolean","","allDay",1,1,"","","","boolean {[]} {[]}
","All day","Always available? e.g. 24 hour service","","","","","","","","","",,,,,"",,,,"Extension.value[x]",0,1,"","","N/A"
"PractitionerRole.telecom.extension.extension","availableStartTime","","availableStartTime",0,1,"","","","Extension {[]} {[]}
","Available start time","Opening time of day (ignored if allDay = true)","","","","","","","","","",,,,,"",,,,"Element.extension",0,*,"",""
"PractitionerRole.telecom.extension.extension.id","","","",0,1,"","","","string {[]} {[]}
","xml:id (or equivalent in JSON)","Unique id for the element within a resource (for internal references). This may be any string value that does not contain spaces.","","","","","","","","","",,,,,"",,,,"Element.id",0,1,"","","n/a"
"PractitionerRole.telecom.extension.extension.extension","","extensions
user content","",0,*,"","","","Extension {[]} {[]}
","Additional content defined by implementations","May be used to represent additional information that is not part of the basic definition of the element. To make the use of extensions safe and manageable, there is a strict set of governance  applied to the definition and use of extensions. Though any implementer can define an extension, there is a set of requirements that SHALL be met as part of the definition of the extension.","There can be no stigma associated with the use of extensions by any application, project, or standard - regardless of the institution or jurisdiction that uses or defines the extensions.  The use of extensions is what allows the FHIR specification to retain a core level of simplicity for everyone.","","","","","","","","",,,,,"","value:url}
","Extensions are always sliced by (at least) url",,"open","Element.extension",0,*,"","","n/a"
"PractitionerRole.telecom.extension.extension.url","","","",1,1,"","","","uri {[]} {[]}
","identifies the meaning of the extension","Source of the definition for the extension code - a logical name or a URL.","The definition may point directly to a computable or human-readable definition of the extensibility codes, or it may be a logical URI as declared in some other specification. The definition SHALL be a URI for the Structure Definition defining the extension.","","","","<valueUri xmlns=""http://hl7.org/fhir"" value=""availableStartTime""/>","","","","",,,,,"",,,,"Extension.url",1,1,"","","N/A"
"PractitionerRole.telecom.extension.extension.valueTime","valueTime","","availableStartTime",1,1,"","","","time {[]} {[]}
","Available start time","Opening time of day (ignored if allDay = true)","","","","","","","","","",,,,,"",,,,"Extension.value[x]",0,1,"","","N/A"
"PractitionerRole.telecom.extension.extension","availableEndTime","","availableEndTime",0,1,"","","","Extension {[]} {[]}
","Available end time","Closing time of day (ignored if allDay = true)","","","","","","","","","",,,,,"",,,,"Element.extension",0,*,"",""
"PractitionerRole.telecom.extension.extension.id","","","",0,1,"","","","string {[]} {[]}
","xml:id (or equivalent in JSON)","Unique id for the element within a resource (for internal references). This may be any string value that does not contain spaces.","","","","","","","","","",,,,,"",,,,"Element.id",0,1,"","","n/a"
"PractitionerRole.telecom.extension.extension.extension","","extensions
user content","",0,*,"","","","Extension {[]} {[]}
","Additional content defined by implementations","May be used to represent additional information that is not part of the basic definition of the element. To make the use of extensions safe and manageable, there is a strict set of governance  applied to the definition and use of extensions. Though any implementer can define an extension, there is a set of requirements that SHALL be met as part of the definition of the extension.","There can be no stigma associated with the use of extensions by any application, project, or standard - regardless of the institution or jurisdiction that uses or defines the extensions.  The use of extensions is what allows the FHIR specification to retain a core level of simplicity for everyone.","","","","","","","","",,,,,"","value:url}
","Extensions are always sliced by (at least) url",,"open","Element.extension",0,*,"","","n/a"
"PractitionerRole.telecom.extension.extension.url","","","",1,1,"","","","uri {[]} {[]}
","identifies the meaning of the extension","Source of the definition for the extension code - a logical name or a URL.","The definition may point directly to a computable or human-readable definition of the extensibility codes, or it may be a logical URI as declared in some other specification. The definition SHALL be a URI for the Structure Definition defining the extension.","","","","<valueUri xmlns=""http://hl7.org/fhir"" value=""availableEndTime""/>","","","","",,,,,"",,,,"Extension.url",1,1,"","","N/A"
"PractitionerRole.telecom.extension.extension.valueTime","valueTime","","availableEndTime",1,1,"","","","time {[]} {[]}
","Available end time","Closing time of day (ignored if allDay = true)","","","","","","","","","",,,,,"",,,,"Extension.value[x]",0,1,"","","N/A"
"PractitionerRole.telecom.extension.url","","","",1,1,"","","","uri {[]} {[]}
","identifies the meaning of the extension","Source of the definition for the extension code - a logical name or a URL.","The definition may point directly to a computable or human-readable definition of the extensibility codes, or it may be a logical URI as declared in some other specification. The definition SHALL be a URI for the Structure Definition defining the extension.","","","","<valueUri xmlns=""http://hl7.org/fhir"" value=""http://hl7.org/fhir/ig/vhdir/StructureDefinition/contactpoint-availabletime""/>","","","","",,,,,"",,,,"Extension.url",1,1,"","","N/A"
"PractitionerRole.telecom.extension.value[x]","","","",0,0,"","","","base64Binary {[]} {[]}
boolean {[]} {[]}canonical {[]} {[]}code {[]} {[]}date {[]} {[]}dateTime {[]} {[]}decimal {[]} {[]}id {[]} {[]}instant {[]} {[]}integer {[]} {[]}markdown {[]} {[]}oid {[]} {[]}positiveInt {[]} {[]}string {[]} {[]}time {[]} {[]}unsignedInt {[]} {[]}uri {[]} {[]}url {[]} {[]}uuid {[]} {[]}Address {[]} {[]}Age {[]} {[]}Annotation {[]} {[]}Attachment {[]} {[]}CodeableConcept {[]} {[]}Coding {[]} {[]}ContactPoint {[]} {[]}Count {[]} {[]}Distance {[]} {[]}Duration {[]} {[]}HumanName {[]} {[]}Identifier {[]} {[]}Money {[]} {[]}Period {[]} {[]}Quantity {[]} {[]}Range {[]} {[]}Ratio {[]} {[]}Reference {[]} {[]}SampledData {[]} {[]}Signature {[]} {[]}Timing {[]} {[]}ParameterDefinition {[]} {[]}DataRequirement {[]} {[]}RelatedArtifact {[]} {[]}ContactDetail {[]} {[]}Contributor {[]} {[]}TriggerDefinition {[]} {[]}UsageContext {[]} {[]}Dosage {[]} {[]}","Value of extension","Value of extension - may be a resource or one of a constrained set of the data types (see Extensibility in the spec for list).","","","","","","","","","",,,,,"",,,,"Extension.value[x]",0,1,"","","N/A"
"PractitionerRole.telecom.extension","viaintermediary","","",0,1,"","","","Extension {[CanonicalType[http://hl7.org/fhir/ig/vhdir/StructureDefinition/contactpoint-viaintermediary]]} {[]}
","Extension","An Extension","","","","","","","","","",,,,,"",,,,"Element.extension",0,*,"",""
"PractitionerRole.telecom.extension.id","","","",0,1,"","","","string {[]} {[]}
","xml:id (or equivalent in JSON)","Unique id for the element within a resource (for internal references). This may be any string value that does not contain spaces.","","","","","","","","","",,,,,"",,,,"Element.id",0,1,"","","n/a"
"PractitionerRole.telecom.extension.extension","","extensions
user content","",0,*,"","","","Extension {[]} {[]}
","Additional content defined by implementations","May be used to represent additional information that is not part of the basic definition of the element. To make the use of extensions safe and manageable, there is a strict set of governance  applied to the definition and use of extensions. Though any implementer can define an extension, there is a set of requirements that SHALL be met as part of the definition of the extension.","There can be no stigma associated with the use of extensions by any application, project, or standard - regardless of the institution or jurisdiction that uses or defines the extensions.  The use of extensions is what allows the FHIR specification to retain a core level of simplicity for everyone.","","","","","","","","",,,,,"","value:url}
","Extensions are always sliced by (at least) url",,"open","Element.extension",0,*,"","","n/a"
"PractitionerRole.telecom.extension.url","","","",1,1,"","","","uri {[]} {[]}
","identifies the meaning of the extension","Source of the definition for the extension code - a logical name or a URL.","The definition may point directly to a computable or human-readable definition of the extensibility codes, or it may be a logical URI as declared in some other specification. The definition SHALL be a URI for the Structure Definition defining the extension.","","","","<valueUri xmlns=""http://hl7.org/fhir"" value=""http://hl7.org/fhir/ig/vhdir/StructureDefinition/contactpoint-viaintermediary""/>","","","","",,,,,"",,,,"Extension.url",1,1,"","","N/A"
"PractitionerRole.telecom.extension.valueReference","valueReference","","viaintermediary",1,1,"","","","Reference {[]} {[CanonicalType[http://hl7.org/fhir/ig/vhdir/StructureDefinition/vhdir-practitionerrole], CanonicalType[http://hl7.org/fhir/ig/vhdir/StructureDefinition/vhdir-organization], CanonicalType[http://hl7.org/fhir/ig/vhdir/StructureDefinition/vhdir-organizationrole], CanonicalType[http://hl7.org/fhir/ig/vhdir/StructureDefinition/vhdir-location]]}
","Via intermediary","Represents an external point of contact responsible for handling communications with this entity","","","","","","","","","",,,,,"",,,,"Extension.value[x]",0,1,"","","N/A"
"PractitionerRole.telecom.system","","","",1,1,"","","Y","code {[]} {[]}
","phone | fax | email | pager | url | sms | other","Telecommunications form for contact point - what communications system is required to make use of the contact.","","","","","","","","","",,"required","Telecommunications form for contact point","http://hl7.org/fhir/ValueSet/contact-point-system","",,,,"ContactPoint.system",0,1,"cpt-2
","","XTN.3","./scheme","./ContactPointType"
"PractitionerRole.telecom.value","","","",1,1,"","","Y","string {[]} {[]}
","The actual contact point details","The actual contact point details, in a form that is meaningful to the designated communication system (i.e. phone number or email address).","Additional text data such as phone extension numbers, or notes about use of the contact are sometimes included in the value.","Need to support legacy numbers that are not in a tightly controlled format.","","","","","","","",,,,,"",,,,"ContactPoint.value",0,1,"","","XTN.1 (or XTN.12)","./url","./Value"
"PractitionerRole.telecom.use","","","",0,1,"","Y","Y","code {[]} {[]}
","home | work | temp | old | mobile - purpose of this contact point","Identifies the purpose for the contact point.","Applications can assume that a contact is current unless it explicitly says that it is temporary or old.","Need to track the way a person uses this contact, so a user can choose which is appropriate for their purpose.","","","","","","","",,"required","Use of contact point","http://hl7.org/fhir/ValueSet/contact-point-use","",,,,"ContactPoint.use",0,1,"","","XTN.2 - but often indicated by field","unique(./use)","./ContactPointPurpose"
"PractitionerRole.telecom.rank","","","",0,1,"","","Y","positiveInt {[]} {[]}
","Specify preferred order of use (1 = highest)","Specifies a preferred order in which to use a set of contacts. Contacts are ranked with lower values coming before higher values.","Note that rank does not necessarily follow the order in which the contacts are represented in the instance.","","","","","","","","",,,,,"",,,,"ContactPoint.rank",0,1,"","","n/a","n/a"
"PractitionerRole.telecom.period","","","",0,1,"","","Y","Period {[]} {[]}
","Time period when the contact point was/is in use","Time period when the contact point was/is in use.","","","","","","","","","",,,,,"",,,,"ContactPoint.period",0,1,"","","N/A","./usablePeriod[type=""IVL<TS>""]","./StartDate and ./EndDate"
"PractitionerRole.availableTime","","","",0,*,"","","","BackboneElement {[]} {[]}
","Times the Service Site is available","A collection of times that the Service Site is available.","More detailed availability information may be provided in associated Schedule/Slot resources.","","","","","","","","",,,,,"",,,,"PractitionerRole.availableTime",0,*,"","ele-1:All FHIR elements must have a @value or children {hasValue() | (children().count() > id.count())}
",".effectiveTime"
"PractitionerRole.availableTime.id","","","",0,1,"","","","string {[]} {[]}
","xml:id (or equivalent in JSON)","Unique id for the element within a resource (for internal references). This may be any string value that does not contain spaces.","","","","","","","","","",,,,,"",,,,"Element.id",0,1,"","","n/a"
"PractitionerRole.availableTime.extension","","extensions
user content","",0,*,"","","","Extension {[]} {[]}
","Additional content defined by implementations","May be used to represent additional information that is not part of the basic definition of the element. To make the use of extensions safe and manageable, there is a strict set of governance  applied to the definition and use of extensions. Though any implementer can define an extension, there is a set of requirements that SHALL be met as part of the definition of the extension.","There can be no stigma associated with the use of extensions by any application, project, or standard - regardless of the institution or jurisdiction that uses or defines the extensions.  The use of extensions is what allows the FHIR specification to retain a core level of simplicity for everyone.","","","","","","","","",,,,,"",,,,"Element.extension",0,*,"","","n/a"
"PractitionerRole.availableTime.modifierExtension","","extensions
user contentmodifiers","",0,*,"","Y","Y","Extension {[]} {[]}
","Extensions that cannot be ignored","May be used to represent additional information that is not part of the basic definition of the element and that modifies the understanding of the element in which it is contained. Usually modifier elements provide negation or qualification. To make the use of extensions safe and manageable, there is a strict set of governance applied to the definition and use of extensions. Though any implementer can define an extension, there is a set of requirements that SHALL be met as part of the definition of the extension. Applications processing a resource are required to check for modifier extensions.","There can be no stigma associated with the use of extensions by any application, project, or standard - regardless of the institution or jurisdiction that uses or defines the extensions.  The use of extensions is what allows the FHIR specification to retain a core level of simplicity for everyone.","","","","","","","","",,,,,"",,,,"BackboneElement.modifierExtension",0,*,"","","N/A"
"PractitionerRole.availableTime.daysOfWeek","","","",0,*,"","","","code {[]} {[]}
","mon | tue | wed | thu | fri | sat | sun","Indicates which days of the week are available between the start and end Times.","","","","","","","","","",,"required","The days of the week.","http://hl7.org/fhir/ValueSet/days-of-week","",,,,"PractitionerRole.availableTime.daysOfWeek",0,*,"","",".effectiveTime"
"PractitionerRole.availableTime.allDay","","","",0,1,"","","","boolean {[]} {[]}
","Always available? e.g. 24 hour service","Is this always available? (hence times are irrelevant) e.g. 24 hour service.","","","","","","","","","",,,,,"",,,,"PractitionerRole.availableTime.allDay",0,1,"","",".effectiveTime"
"PractitionerRole.availableTime.availableStartTime","","","",0,1,"","","","time {[]} {[]}
","Opening time of day (ignored if allDay = true)","The opening time of day. Note: If the AllDay flag is set, then this time is ignored.","The timezone is expected to be for where this HealthcareService is provided at.","","","","","","","","",,,,,"",,,,"PractitionerRole.availableTime.availableStartTime",0,1,"","",".effectiveTime"
"PractitionerRole.availableTime.availableEndTime","","","",0,1,"","","","time {[]} {[]}
","Closing time of day (ignored if allDay = true)","The closing time of day. Note: If the AllDay flag is set, then this time is ignored.","The timezone is expected to be for where this HealthcareService is provided at.","","","","","","","","",,,,,"",,,,"PractitionerRole.availableTime.availableEndTime",0,1,"","",".effectiveTime"
"PractitionerRole.notAvailable","","","",0,*,"","","","BackboneElement {[]} {[]}
","Not available during this time due to provided reason","The HealthcareService is not available during this period of time due to the provided reason.","","","","","","","","","",,,,,"",,,,"PractitionerRole.notAvailable",0,*,"","ele-1:All FHIR elements must have a @value or children {hasValue() | (children().count() > id.count())}
",".effectiveTime"
"PractitionerRole.notAvailable.id","","","",0,1,"","","","string {[]} {[]}
","xml:id (or equivalent in JSON)","Unique id for the element within a resource (for internal references). This may be any string value that does not contain spaces.","","","","","","","","","",,,,,"",,,,"Element.id",0,1,"","","n/a"
"PractitionerRole.notAvailable.extension","","extensions
user content","",0,*,"","","","Extension {[]} {[]}
","Additional content defined by implementations","May be used to represent additional information that is not part of the basic definition of the element. To make the use of extensions safe and manageable, there is a strict set of governance  applied to the definition and use of extensions. Though any implementer can define an extension, there is a set of requirements that SHALL be met as part of the definition of the extension.","There can be no stigma associated with the use of extensions by any application, project, or standard - regardless of the institution or jurisdiction that uses or defines the extensions.  The use of extensions is what allows the FHIR specification to retain a core level of simplicity for everyone.","","","","","","","","",,,,,"",,,,"Element.extension",0,*,"","","n/a"
"PractitionerRole.notAvailable.modifierExtension","","extensions
user contentmodifiers","",0,*,"","Y","Y","Extension {[]} {[]}
","Extensions that cannot be ignored","May be used to represent additional information that is not part of the basic definition of the element and that modifies the understanding of the element in which it is contained. Usually modifier elements provide negation or qualification. To make the use of extensions safe and manageable, there is a strict set of governance applied to the definition and use of extensions. Though any implementer can define an extension, there is a set of requirements that SHALL be met as part of the definition of the extension. Applications processing a resource are required to check for modifier extensions.","There can be no stigma associated with the use of extensions by any application, project, or standard - regardless of the institution or jurisdiction that uses or defines the extensions.  The use of extensions is what allows the FHIR specification to retain a core level of simplicity for everyone.","","","","","","","","",,,,,"",,,,"BackboneElement.modifierExtension",0,*,"","","N/A"
"PractitionerRole.notAvailable.description","","","",1,1,"","","","string {[]} {[]}
","Reason presented to the user explaining why time not available","The reason that can be presented to the user as to why this time is not available.","","","","","","","","","",,,,,"",,,,"PractitionerRole.notAvailable.description",1,1,"","","n/a"
"PractitionerRole.notAvailable.during","","","",0,1,"","","","Period {[]} {[]}
","Service not available from this date","Service is not available (seasonally or for a public holiday) from this date.","","","","","","","","","",,,,,"",,,,"PractitionerRole.notAvailable.during",0,1,"","",".effectiveTime"
"PractitionerRole.availabilityExceptions","","","",0,1,"","","","string {[]} {[]}
","Description of availability exceptions","A description of site availability exceptions, e.g. public holiday availability. Succinctly describing all possible exceptions to normal site availability as details in the available Times and not available Times.","","","","","","","","","",,,,,"",,,,"PractitionerRole.availabilityExceptions",0,1,"","",".effectiveTime"
"PractitionerRole.endpoint","","","",0,*,"","","","Reference {[]} {[CanonicalType[http://hl7.org/fhir/ig/vhdir/StructureDefinition/vhdir-endpoint]]}
","Technical endpoints providing access to services operated for the practitioner with this role","Technical endpoints providing access to services operated for the practitioner with this role.","","Organizations have multiple systems that provide various services and ,ay also be different for practitioners too.So the endpoint satisfies the need to be able to define the technical connection details for how to connect to them, and for what purpose.","","","","","","","",,,,,"",,,,"PractitionerRole.endpoint",0,*,"","","n/a"
