"Path","Slice Name","Alias(s)","Label","Min","Max","Must Support?","Is Modifier?","Is Summary?","Type(s)","Short","Definition","Comments","Requirements","Default Value","Meaning When Missing","Fixed Value","Pattern","Example","Minimum Value","Maximum Value","Maximum Length","Binding Strength","Binding Description","Binding Value Set","Code","Slicing Discriminator","Slicing Description","Slicing Ordered","Slicing Rules","Base Path","Base Min","Base Max","Condition(s)","Constraint(s)","Mapping: FiveWs Pattern","Mapping: RIM Mapping"
"ProductPlan","","","",0,*,"","","","","Details of a Health Insurance product/plan provided by an organization","Details of a Health Insurance product/plan provided by an organization.","","","","","","","","","",,,,,"",,,,"ProductPlan",0,*,"","dom-2:If the resource is contained in another resource, it SHALL NOT contain nested Resources {contained.contained.empty()}
dom-1:If the resource is contained in another resource, it SHALL NOT contain any narrative {contained.text.empty()}dom-4:If a resource is contained in another resource, it SHALL NOT have a meta.versionId or a meta.lastUpdated {contained.meta.versionId.empty() and contained.meta.lastUpdated.empty()}dom-3:If the resource is contained in another resource, it SHALL be referred to from elsewhere in the resource or SHALL refer to the containing resource {contained.all(('#'+id in (%resource.descendants().reference | %resource.descendants().as(canonical))) or descendants().where(reference = '#').exists() or descendants().where(as(canonical) = '#').exists())}ppn-1:The organization SHALL at least have a name or an id, and possibly more than one {(identifier.count() + name.count()) > 0}","Entity. Role, or Act"
"ProductPlan.id","","","",0,1,"Y","","Y","id {[]} {[]}
","Logical id of this artifact","The logical id of the resource, as used in the URL for the resource. Once assigned, this value never changes.","The only time that a resource does not have an id is when it is being submitted to the server using a create operation.","","","","","","","","",,,,,"",,,,"Resource.id",0,1,"",""
"ProductPlan.meta","","","",0,1,"Y","","Y","Meta {[]} {[]}
","Metadata about the resource","The metadata about the resource. This is content that is maintained by the infrastructure. Changes to the content might not always be associated with version changes to the resource.","","","","","","","","","",,,,,"",,,,"Resource.meta",0,1,"",""
"ProductPlan.implicitRules","","","",0,1,"","Y","Y","uri {[]} {[]}
","A set of rules under which this content was created","A reference to a set of rules that were followed when the resource was constructed, and which must be understood when processing the content. Often, this is a reference to an implementation guide that defines the special rules along with other profiles etc.","Asserting this rule set restricts the content to be only understood by a limited set of trading partners. This inherently limits the usefulness of the data in the long term. However, the existing health eco-system is highly fractured, and not yet ready to define, collect, and exchange data in a generally computable sense. Wherever possible, implementers and/or specification writers should avoid using this element. Often, when used, the URL is a reference to an implementation guide that defines these special rules as part of it's narrative along with other profiles, value sets, etc.","","","","","","","","",,,,,"",,,,"Resource.implicitRules",0,1,"",""
"ProductPlan.language","","","",0,1,"","","","code {[]} {[]}
","Language of the resource content","The base language in which the resource is written.","Language is provided to support indexing and accessibility (typically, services such as text to speech use the language tag). The html language tag in the narrative applies  to the narrative. The language tag on the resource may be used to specify the language of other presentations generated from the data in the resource. Not all the content has to be in the base language. The Resource.language should not be assumed to apply to the narrative automatically. If a language is specified, it should it also be specified on the div element in the html (see rules in HTML5 for information about the relationship between xml:lang and the html lang attribute).","","","","","","","","",,"extensible","A human language.","http://hl7.org/fhir/ValueSet/languages","",,,,"Resource.language",0,1,"",""
"ProductPlan.text","","narrative
htmlxhtmldisplay","",0,1,"Y","","","Narrative {[]} {[]}
","Text summary of the resource, for human interpretation","A human-readable narrative that contains a summary of the resource and can be used to represent the content of the resource to a human. The narrative need not encode all the structured data, but is required to contain sufficient detail to make it ""clinically safe"" for a human to just read the narrative. Resource definitions may define what content should be represented in the narrative to ensure clinical safety.","Contained resources do not have narrative. Resources that are not contained SHOULD have a narrative. In some cases, a resource may only have text with little or no additional discrete data (as long as all minOccurs=1 elements are satisfied).  This may be necessary for data from legacy systems where information is captured as a ""text blob"" or where text is additionally entered raw or narrated and encoded in formation is added later.","","","","","","","","",,,,,"",,,,"DomainResource.text",0,1,"dom-1
","","Act.text?"
"ProductPlan.contained","","inline resources
anonymous resourcescontained resources","",0,*,"","","","Resource {[]} {[]}
","Contained, inline Resources","These resources do not have an independent existence apart from the resource that contains them - they cannot be identified independently, and nor can they have their own independent transaction scope.","This should never be done when the content can be identified properly, as once identification is lost, it is extremely difficult (and context dependent) to restore it again.","","","","","","","","",,,,,"",,,,"DomainResource.contained",0,*,"","","N/A"
"ProductPlan.extension","","","",0,*,"","","","Extension {[]} {[]}
","Extension","An Extension","","","","","","","","","",,,,,"","value:url}
","",,"open","DomainResource.extension",0,*,"",""
"ProductPlan.extension","restriction","","",0,*,"","","","Extension {[CanonicalType[http://hl7.org/fhir/ig/vhdir/StructureDefinition/usage-restriction]]} {[]}
","Restriction","Identifies and conveys information about restrictions on the use or release of exchanged information, e.g. information that can only be shared under particular condition, such as a signed data use agreement between parties","","","","","","","","","",,,,,"",,,,"DomainResource.extension",0,*,"ele-1
","ele-1:All FHIR elements must have a @value or children {hasValue() | (children().count() > id.count())}
ext-1:Must have either extensions or value[x], not both {extension.exists() != value.exists()}"
"ProductPlan.modifierExtension","","extensions
user content","",0,*,"","Y","","Extension {[]} {[]}
","Extensions that cannot be ignored","May be used to represent additional information that is not part of the basic definition of the resource, and that modifies the understanding of the element that contains it. Usually modifier elements provide negation or qualification. To make the use of extensions safe and manageable, there is a strict set of governance applied to the definition and use of extensions. Though any implementer is allowed to define an extension, there is a set of requirements that SHALL be met as part of the definition of the extension. Applications processing a resource are required to check for modifier extensions.","There can be no stigma associated with the use of extensions by any application, project, or standard - regardless of the institution or jurisdiction that uses or defines the extensions.  The use of extensions is what allows the FHIR specification to retain a core level of simplicity for everyone.","","","","","","","","",,,,,"",,,,"DomainResource.modifierExtension",0,*,"","","N/A"
"ProductPlan.identifier","","","",0,*,"","","Y","Identifier {[]} {[]}
","Identifies this product/plan  across multiple systems","Identifier for the product/plan that is used to identify it across multiple disparate systems.","","","","","","","","","",,,,,"",,,,"ProductPlan.identifier",0,*,"ppn-1
","","FiveWs.identifier",".scopes[Role](classCode=IDENT)"
"ProductPlan.identifier.id","","","",0,1,"","","","string {[]} {[]}
","xml:id (or equivalent in JSON)","Unique id for the element within a resource (for internal references). This may be any string value that does not contain spaces.","","","","","","","","","",,,,,"",,,,"Element.id",0,1,"","","n/a"
"ProductPlan.identifier.extension","","","",0,*,"","","","Extension {[]} {[]}
","Extension","An Extension","","","","","","","","","",,,,,"","value:url}
","Extensions are always sliced by (at least) url",,"open","Element.extension",0,*,"",""
"ProductPlan.identifier.extension","status","","",0,1,"","","","Extension {[CanonicalType[http://hl7.org/fhir/ig/vhdir/StructureDefinition/identifier-status]]} {[]}
","Extension","An Extension","","","","","","","","","",,,,,"",,,,"Element.extension",0,*,"",""
"ProductPlan.identifier.use","","","",0,1,"","Y","Y","code {[]} {[]}
","usual | official | temp | secondary | old (If known)","The purpose of this identifier.","Applications can assume that an identifier is permanent unless it explicitly says that it is temporary.","Allows the appropriate identifier for a particular context of use to be selected from among a set of identifiers.","","","","","","","",,"required","Identifies the purpose for this identifier, if known .","http://hl7.org/fhir/ValueSet/identifier-use","",,,,"Identifier.use",0,1,"","","Role.code or implied by context"
"ProductPlan.identifier.type","","","",0,1,"","","Y","CodeableConcept {[]} {[]}
","Description of identifier","A coded type for the identifier that can be used to determine which identifier to use for a specific purpose.","This element deals only with general categories of identifiers.  It SHOULD not be used for codes that correspond 1..1 with the Identifier.system. Some identifiers may fall into multiple categories due to common usage.   Where the system is known, a type is unnecessary because the type is always part of the system definition. However systems often need to handle identifiers where the system is not known. There is not a 1:1 relationship between type and system, since many different systems have the same type.","Allows users to make use of identifiers when the identifier system is not known.","","","","","","","",,"extensible","A coded type for an identifier that can be used to determine which identifier to use for a specific purpose.","http://hl7.org/fhir/ValueSet/identifier-type","",,,,"Identifier.type",0,1,"","","Role.code or implied by context"
"ProductPlan.identifier.system","","","",0,1,"","","Y","uri {[]} {[]}
","The namespace for the identifier value","Establishes the namespace for the value - that is, a URL that describes a set values that are unique.","","There are many sets  of identifiers.  To perform matching of two identifiers, we need to know what set we're dealing with. The system identifies a particular set of unique identifiers.","","","","","<valueUri xmlns=""http://hl7.org/fhir"" value=""http://www.acme.com/identifiers/patient or urn:ietf:rfc:3986 if the Identifier.value itself is a full uri""/>","","",,,,,"",,,,"Identifier.system",0,1,"","","II.root or Role.id.root"
"ProductPlan.identifier.value","","","",0,1,"","","Y","string {[]} {[]}
","The value that is unique","The portion of the identifier typically relevant to the user and which is unique within the context of the system.","If the value is a full URI, then the system SHALL be urn:ietf:rfc:3986.  The value's primary purpose is computational mapping.  As a result, it may be normalized for comparison purposes (e.g. removing non-significant whitespace, dashes, etc.)  A value formatted for human display can be conveyed using the [Rendered Value extension](extension-rendered-value.html).","","","","","","<valueString xmlns=""http://hl7.org/fhir"" value=""123456""/>","","",,,,,"",,,,"Identifier.value",0,1,"","","II.extension or II.root if system indicates OID or GUID (Or Role.id.extension or root)"
"ProductPlan.identifier.period","","","",0,1,"","","Y","Period {[]} {[]}
","Time period when id is/was valid for use","Time period during which identifier is/was valid for use.","","","","","","","","","",,,,,"",,,,"Identifier.period",0,1,"","","Role.effectiveTime or implied by context"
"ProductPlan.identifier.assigner","","","",0,1,"","","Y","Reference {[]} {[CanonicalType[http://hl7.org/fhir/StructureDefinition/Organization]]}
","Organization that issued id (may be just text)","Organization that issued/manages the identifier.","The Identifier.assigner may omit the .reference element and only contain a .display element reflecting the name or other textual information about the assigning organization.","","","","","","","","",,,,,"",,,,"Identifier.assigner",0,1,"","","II.assigningAuthorityName but note that this is an improper use by the definition of the field.  Also Role.scoper"
"ProductPlan.status","","","",0,1,"","Y","Y","code {[]} {[]}
","draft | active | retired | unknown","Whether the organization's record is still in active use.","","Need a flag to indicate a record is no longer to be used and should generally be hidden for the user in the UI.","","Default interpretation is active.","","","","","",,"required","The lifecycle status of an artifact.","http://hl7.org/fhir/ValueSet/publication-status","",,,,"ProductPlan.status",0,1,"","","FiveWs.status",".status"
"ProductPlan.type","","","",0,*,"","","Y","CodeableConcept {[]} {[]}
","Kind of product/plan","The type of product/plan.","","","","","","","","","",,"example","Used to categorize the product/plan","http://hl7.org/fhir/ValueSet/productplan-type","",,,,"ProductPlan.type",0,*,"","","FiveWs.class",".code"
"ProductPlan.name","","","",0,1,"","","Y","string {[]} {[]}
","Official name","Official name of the product/plan (as designated by the owner).","If the name of the product/plan changes, consider putting the old name in the alias column so that it can still be located through searches.","","","","","","","","",,,,,"",,,,"ProductPlan.name",0,1,"ppn-1
","",".name"
"ProductPlan.alias","","","",0,*,"","","","string {[]} {[]}
","A list of alternate names that the product/plan is known as, or was known as in the past","A list of alternate names that the product/plan is known as, or was known as in the past.","There are no dates associated with the alias/historic names, as this is not intended to track when names were used, but to assist in searching so that older names can still result in identifying the product/plan.","Over time products/plans go through many changes and can be known by different names.

For searching knowing previous names that the product/plan was known by can be very useful.","","","","","","","",,,,,"",,,,"ProductPlan.alias",0,*,"","",".name"
"ProductPlan.period","","","",0,1,"","","","Period {[]} {[]}
","The time period the product/plan is available","The period of time that the product is available.","","","","","","","","","",,,,,"",,,,"ProductPlan.period",0,1,"",""
"ProductPlan.ownedBy","","","",0,1,"","","Y","Reference {[]} {[CanonicalType[http://hl7.org/fhir/StructureDefinition/Organization]]}
","Owner of the product/plan","Owner of the product/plan (typically a payer).","","","","","","","","","",,,,,"",,,,"ProductPlan.ownedBy",0,1,"",""
"ProductPlan.administeredBy","","","",0,1,"","","Y","Reference {[]} {[CanonicalType[http://hl7.org/fhir/StructureDefinition/Organization]]}
","Administrator of the product/plan","Administrator of the product/plan (e.g. self-insured employer plan administered by a TPA).","","","","","","","","","",,,,,"",,,,"ProductPlan.administeredBy",0,1,"",""
"ProductPlan.address","","","",0,*,"","","","Address {[]} {[]}
","An address for the organization","An address for the organization.","Organization may have multiple addresses with different uses or applicable periods. The use code home is not to be used.","May need to keep track of the organization's addresses for contacting, billing or reporting requirements.","","","","","","","",,,,,"",,,,"ProductPlan.address",0,*,"ppn-2
","ppn-2:An address of an organization can never be of use 'home' {where(use = 'home').empty()}
",".address"
"ProductPlan.coverageArea","","","",0,1,"","","Y","Reference {[]} {[CanonicalType[http://hl7.org/fhir/StructureDefinition/Location]]}
","The geographic region in which this product/plan is available","The geographic region in which this product/plan is available.","","","","","","","","","",,,,,"",,,,"ProductPlan.coverageArea",0,1,"",""
"ProductPlan.contact","","","",0,*,"","","","BackboneElement {[]} {[]}
","Contact for the product/plan for a certain purpose","Contact for the product/plan for a certain purpose.","Where multiple contacts for the same purpose are provided there is a standard extension that can be used to determine which one is the preferred contact to use.","Need to keep track of assigned contact points within bigger organization.","","","","","","","",,,,,"",,,,"ProductPlan.contact",0,*,"","ele-1:All FHIR elements must have a @value or children {hasValue() | (children().count() > id.count())}
",".contactParty"
"ProductPlan.contact.id","","","",0,1,"","","","string {[]} {[]}
","xml:id (or equivalent in JSON)","Unique id for the element within a resource (for internal references). This may be any string value that does not contain spaces.","","","","","","","","","",,,,,"",,,,"Element.id",0,1,"","","n/a"
"ProductPlan.contact.extension","","extensions
user content","",0,*,"","","","Extension {[]} {[]}
","Additional content defined by implementations","May be used to represent additional information that is not part of the basic definition of the element. To make the use of extensions safe and manageable, there is a strict set of governance  applied to the definition and use of extensions. Though any implementer can define an extension, there is a set of requirements that SHALL be met as part of the definition of the extension.","There can be no stigma associated with the use of extensions by any application, project, or standard - regardless of the institution or jurisdiction that uses or defines the extensions.  The use of extensions is what allows the FHIR specification to retain a core level of simplicity for everyone.","","","","","","","","",,,,,"",,,,"Element.extension",0,*,"","","n/a"
"ProductPlan.contact.modifierExtension","","extensions
user contentmodifiers","",0,*,"","Y","Y","Extension {[]} {[]}
","Extensions that cannot be ignored","May be used to represent additional information that is not part of the basic definition of the element and that modifies the understanding of the element in which it is contained. Usually modifier elements provide negation or qualification. To make the use of extensions safe and manageable, there is a strict set of governance applied to the definition and use of extensions. Though any implementer can define an extension, there is a set of requirements that SHALL be met as part of the definition of the extension. Applications processing a resource are required to check for modifier extensions.","There can be no stigma associated with the use of extensions by any application, project, or standard - regardless of the institution or jurisdiction that uses or defines the extensions.  The use of extensions is what allows the FHIR specification to retain a core level of simplicity for everyone.","","","","","","","","",,,,,"",,,,"BackboneElement.modifierExtension",0,*,"","","N/A"
"ProductPlan.contact.purpose","","","",0,1,"","","","CodeableConcept {[]} {[]}
","The type of contact","Indicates a purpose for which the contact can be reached.","","Need to distinguish between multiple contact persons.","","","","","","","",,"extensible","The purpose for which you would contact a contact party","http://hl7.org/fhir/ValueSet/contactentity-type","",,,,"ProductPlan.contact.purpose",0,1,"","","./type"
"ProductPlan.contact.name","","","",0,1,"","","","HumanName {[]} {[]}
","A name associated with the contact","A name associated with the contact.","","Need to be able to track the person by name.","","","","","","","",,,,,"",,,,"ProductPlan.contact.name",0,1,"","","./name"
"ProductPlan.contact.telecom","","","",0,*,"","","","ContactPoint {[]} {[]}
","Contact details (telephone, email, etc.)  for a contact","A contact detail (e.g. a telephone number or an email address) by which the party may be contacted.","","People have (primary) ways to contact them in some way such as phone, email.","","","","","","","",,,,,"",,,,"ProductPlan.contact.telecom",0,*,"","","./telecom"
"ProductPlan.contact.address","","","",0,1,"","","","Address {[]} {[]}
","Visiting or postal addresses for the contact","Visiting or postal addresses for the contact.","","May need to keep track of a contact party's address for contacting, billing or reporting requirements.","","","","","","","",,,,,"",,,,"ProductPlan.contact.address",0,1,"","","./addr"
"ProductPlan.coverage","","","",0,*,"","","","BackboneElement {[]} {[]}
","Details about the coverage offered by the insurance product","Details about the coverage offered by the insurance product.","","","","","","","","","",,,,,"",,,,"ProductPlan.coverage",0,*,"","ele-1:All FHIR elements must have a @value or children {hasValue() | (children().count() > id.count())}
"
"ProductPlan.coverage.id","","","",0,1,"","","","string {[]} {[]}
","xml:id (or equivalent in JSON)","Unique id for the element within a resource (for internal references). This may be any string value that does not contain spaces.","","","","","","","","","",,,,,"",,,,"Element.id",0,1,"","","n/a"
"ProductPlan.coverage.extension","","extensions
user content","",0,*,"","","","Extension {[]} {[]}
","Additional content defined by implementations","May be used to represent additional information that is not part of the basic definition of the element. To make the use of extensions safe and manageable, there is a strict set of governance  applied to the definition and use of extensions. Though any implementer can define an extension, there is a set of requirements that SHALL be met as part of the definition of the extension.","There can be no stigma associated with the use of extensions by any application, project, or standard - regardless of the institution or jurisdiction that uses or defines the extensions.  The use of extensions is what allows the FHIR specification to retain a core level of simplicity for everyone.","","","","","","","","",,,,,"",,,,"Element.extension",0,*,"","","n/a"
"ProductPlan.coverage.modifierExtension","","extensions
user contentmodifiers","",0,*,"","Y","Y","Extension {[]} {[]}
","Extensions that cannot be ignored","May be used to represent additional information that is not part of the basic definition of the element and that modifies the understanding of the element in which it is contained. Usually modifier elements provide negation or qualification. To make the use of extensions safe and manageable, there is a strict set of governance applied to the definition and use of extensions. Though any implementer can define an extension, there is a set of requirements that SHALL be met as part of the definition of the extension. Applications processing a resource are required to check for modifier extensions.","There can be no stigma associated with the use of extensions by any application, project, or standard - regardless of the institution or jurisdiction that uses or defines the extensions.  The use of extensions is what allows the FHIR specification to retain a core level of simplicity for everyone.","","","","","","","","",,,,,"",,,,"BackboneElement.modifierExtension",0,*,"","","N/A"
"ProductPlan.coverage.type","","","",1,1,"","","","CodeableConcept {[]} {[]}
","Type of coverage","Type of coverage  (Medical; Dental; Mental Health; Substance Abuse; Vision; Drug; Short Term; Long Term Care; Hospice; Home Health).","","","","","","","","","",,,,,"",,,,"ProductPlan.coverage.type",1,1,"",""
"ProductPlan.coverage.benefit","","","",1,*,"","","","BackboneElement {[]} {[]}
","Specific benefits under this type of coverage","Specific benefits under this type of coverage.","","","","","","","","","",,,,,"",,,,"ProductPlan.coverage.benefit",1,*,"","ele-1:All FHIR elements must have a @value or children {hasValue() | (children().count() > id.count())}
"
"ProductPlan.coverage.benefit.id","","","",0,1,"","","","string {[]} {[]}
","xml:id (or equivalent in JSON)","Unique id for the element within a resource (for internal references). This may be any string value that does not contain spaces.","","","","","","","","","",,,,,"",,,,"Element.id",0,1,"","","n/a"
"ProductPlan.coverage.benefit.extension","","extensions
user content","",0,*,"","","","Extension {[]} {[]}
","Additional content defined by implementations","May be used to represent additional information that is not part of the basic definition of the element. To make the use of extensions safe and manageable, there is a strict set of governance  applied to the definition and use of extensions. Though any implementer can define an extension, there is a set of requirements that SHALL be met as part of the definition of the extension.","There can be no stigma associated with the use of extensions by any application, project, or standard - regardless of the institution or jurisdiction that uses or defines the extensions.  The use of extensions is what allows the FHIR specification to retain a core level of simplicity for everyone.","","","","","","","","",,,,,"",,,,"Element.extension",0,*,"","","n/a"
"ProductPlan.coverage.benefit.modifierExtension","","extensions
user contentmodifiers","",0,*,"","Y","Y","Extension {[]} {[]}
","Extensions that cannot be ignored","May be used to represent additional information that is not part of the basic definition of the element and that modifies the understanding of the element in which it is contained. Usually modifier elements provide negation or qualification. To make the use of extensions safe and manageable, there is a strict set of governance applied to the definition and use of extensions. Though any implementer can define an extension, there is a set of requirements that SHALL be met as part of the definition of the extension. Applications processing a resource are required to check for modifier extensions.","There can be no stigma associated with the use of extensions by any application, project, or standard - regardless of the institution or jurisdiction that uses or defines the extensions.  The use of extensions is what allows the FHIR specification to retain a core level of simplicity for everyone.","","","","","","","","",,,,,"",,,,"BackboneElement.modifierExtension",0,*,"","","N/A"
"ProductPlan.coverage.benefit.type","","","",1,1,"","","","CodeableConcept {[]} {[]}
","Type of benefit","Type of benefit (primary care; speciality care; inpatient; outpatient).","","","","","","","","","",,,,,"",,,,"ProductPlan.coverage.benefit.type",1,1,"",""
"ProductPlan.coverage.benefit.item","","","",1,*,"","","","BackboneElement {[]} {[]}
","Specific benefit and related value","Specific benefit and related value.","","","","","","","","","",,,,,"",,,,"ProductPlan.coverage.benefit.item",1,*,"","ele-1:All FHIR elements must have a @value or children {hasValue() | (children().count() > id.count())}
"
"ProductPlan.coverage.benefit.item.id","","","",0,1,"","","","string {[]} {[]}
","xml:id (or equivalent in JSON)","Unique id for the element within a resource (for internal references). This may be any string value that does not contain spaces.","","","","","","","","","",,,,,"",,,,"Element.id",0,1,"","","n/a"
"ProductPlan.coverage.benefit.item.extension","","extensions
user content","",0,*,"","","","Extension {[]} {[]}
","Additional content defined by implementations","May be used to represent additional information that is not part of the basic definition of the element. To make the use of extensions safe and manageable, there is a strict set of governance  applied to the definition and use of extensions. Though any implementer can define an extension, there is a set of requirements that SHALL be met as part of the definition of the extension.","There can be no stigma associated with the use of extensions by any application, project, or standard - regardless of the institution or jurisdiction that uses or defines the extensions.  The use of extensions is what allows the FHIR specification to retain a core level of simplicity for everyone.","","","","","","","","",,,,,"",,,,"Element.extension",0,*,"","","n/a"
"ProductPlan.coverage.benefit.item.modifierExtension","","extensions
user contentmodifiers","",0,*,"","Y","Y","Extension {[]} {[]}
","Extensions that cannot be ignored","May be used to represent additional information that is not part of the basic definition of the element and that modifies the understanding of the element in which it is contained. Usually modifier elements provide negation or qualification. To make the use of extensions safe and manageable, there is a strict set of governance applied to the definition and use of extensions. Though any implementer can define an extension, there is a set of requirements that SHALL be met as part of the definition of the extension. Applications processing a resource are required to check for modifier extensions.","There can be no stigma associated with the use of extensions by any application, project, or standard - regardless of the institution or jurisdiction that uses or defines the extensions.  The use of extensions is what allows the FHIR specification to retain a core level of simplicity for everyone.","","","","","","","","",,,,,"",,,,"BackboneElement.modifierExtension",0,*,"","","N/A"
"ProductPlan.coverage.benefit.item.code","","","",1,1,"","","","CodeableConcept {[]} {[]}
","Coded Details of the specific benefit (days; visits)","Coded Details of the specific benefit (days; visits).","","","","","","","","","",,,,,"",,,,"ProductPlan.coverage.benefit.item.code",1,1,"",""
"ProductPlan.coverage.benefit.item.benefitValue","","","",0,1,"","","","Quantity {[]} {[]}
","Value of the specific benefit","Value of the specific benefit.","","","","","","","","","",,,,,"",,,,"ProductPlan.coverage.benefit.item.benefitValue",0,1,"",""
"ProductPlan.plan","","","",0,*,"","","","BackboneElement {[]} {[]}
","Details about an insurance plan","Details about an insurance plan.","","","","","","","","","",,,,,"",,,,"ProductPlan.plan",0,*,"","ele-1:All FHIR elements must have a @value or children {hasValue() | (children().count() > id.count())}
"
"ProductPlan.plan.id","","","",0,1,"","","","string {[]} {[]}
","xml:id (or equivalent in JSON)","Unique id for the element within a resource (for internal references). This may be any string value that does not contain spaces.","","","","","","","","","",,,,,"",,,,"Element.id",0,1,"","","n/a"
"ProductPlan.plan.extension","","extensions
user content","",0,*,"","","","Extension {[]} {[]}
","Additional content defined by implementations","May be used to represent additional information that is not part of the basic definition of the element. To make the use of extensions safe and manageable, there is a strict set of governance  applied to the definition and use of extensions. Though any implementer can define an extension, there is a set of requirements that SHALL be met as part of the definition of the extension.","There can be no stigma associated with the use of extensions by any application, project, or standard - regardless of the institution or jurisdiction that uses or defines the extensions.  The use of extensions is what allows the FHIR specification to retain a core level of simplicity for everyone.","","","","","","","","",,,,,"",,,,"Element.extension",0,*,"","","n/a"
"ProductPlan.plan.modifierExtension","","extensions
user contentmodifiers","",0,*,"","Y","Y","Extension {[]} {[]}
","Extensions that cannot be ignored","May be used to represent additional information that is not part of the basic definition of the element and that modifies the understanding of the element in which it is contained. Usually modifier elements provide negation or qualification. To make the use of extensions safe and manageable, there is a strict set of governance applied to the definition and use of extensions. Though any implementer can define an extension, there is a set of requirements that SHALL be met as part of the definition of the extension. Applications processing a resource are required to check for modifier extensions.","There can be no stigma associated with the use of extensions by any application, project, or standard - regardless of the institution or jurisdiction that uses or defines the extensions.  The use of extensions is what allows the FHIR specification to retain a core level of simplicity for everyone.","","","","","","","","",,,,,"",,,,"BackboneElement.modifierExtension",0,*,"","","N/A"
"ProductPlan.plan.type","","","",0,1,"","","","CodeableConcept {[]} {[]}
","Type of plan","Type of plan (Platinum; Gold; Silver; Bronze; High Deductable; Low Deductable).","","","","","","","","","",,,,,"",,,,"ProductPlan.plan.type",0,1,"",""
"ProductPlan.plan.description","","","",0,1,"","","","string {[]} {[]}
","Additional descriptive content about the plan","Additional descriptive content about the plan.","","","","","","","","","",,,,,"",,,,"ProductPlan.plan.description",0,1,"",""
"ProductPlan.plan.premium","","","",0,1,"","","","Money {[]} {[]}
","Plan premium","Plan premium.","","","","","","","","","",,,,,"",,,,"ProductPlan.plan.premium",0,1,"",""
"ProductPlan.plan.category","","","",0,*,"","","","BackboneElement {[]} {[]}
","List of the costs associated with plan benefits","List of the costs associated with plan benefits.","","","","","","","","","",,,,,"",,,,"ProductPlan.plan.category",0,*,"","ele-1:All FHIR elements must have a @value or children {hasValue() | (children().count() > id.count())}
"
"ProductPlan.plan.category.id","","","",0,1,"","","","string {[]} {[]}
","xml:id (or equivalent in JSON)","Unique id for the element within a resource (for internal references). This may be any string value that does not contain spaces.","","","","","","","","","",,,,,"",,,,"Element.id",0,1,"","","n/a"
"ProductPlan.plan.category.extension","","extensions
user content","",0,*,"","","","Extension {[]} {[]}
","Additional content defined by implementations","May be used to represent additional information that is not part of the basic definition of the element. To make the use of extensions safe and manageable, there is a strict set of governance  applied to the definition and use of extensions. Though any implementer can define an extension, there is a set of requirements that SHALL be met as part of the definition of the extension.","There can be no stigma associated with the use of extensions by any application, project, or standard - regardless of the institution or jurisdiction that uses or defines the extensions.  The use of extensions is what allows the FHIR specification to retain a core level of simplicity for everyone.","","","","","","","","",,,,,"",,,,"Element.extension",0,*,"","","n/a"
"ProductPlan.plan.category.modifierExtension","","extensions
user contentmodifiers","",0,*,"","Y","Y","Extension {[]} {[]}
","Extensions that cannot be ignored","May be used to represent additional information that is not part of the basic definition of the element and that modifies the understanding of the element in which it is contained. Usually modifier elements provide negation or qualification. To make the use of extensions safe and manageable, there is a strict set of governance applied to the definition and use of extensions. Though any implementer can define an extension, there is a set of requirements that SHALL be met as part of the definition of the extension. Applications processing a resource are required to check for modifier extensions.","There can be no stigma associated with the use of extensions by any application, project, or standard - regardless of the institution or jurisdiction that uses or defines the extensions.  The use of extensions is what allows the FHIR specification to retain a core level of simplicity for everyone.","","","","","","","","",,,,,"",,,,"BackboneElement.modifierExtension",0,*,"","","N/A"
"ProductPlan.plan.category.code","","","",0,1,"","","","CodeableConcept {[]} {[]}
","General category of benefit (Medical; Dental; Vision; Drug; Mental Health; Substance Abuse; Hospice, Home Health)","General category of benefit (Medical; Dental; Vision; Drug; Mental Health; Substance Abuse; Hospice, Home Health).","","","","","","","","","",,,,,"",,,,"ProductPlan.plan.category.code",0,1,"",""
"ProductPlan.plan.category.benefit","","","",0,*,"","","","BackboneElement {[]} {[]}
","List of the specific benefits under this category of benefit","List of the specific benefits under this category of benefit.","","","","","","","","","",,,,,"",,,,"ProductPlan.plan.category.benefit",0,*,"","ele-1:All FHIR elements must have a @value or children {hasValue() | (children().count() > id.count())}
"
"ProductPlan.plan.category.benefit.id","","","",0,1,"","","","string {[]} {[]}
","xml:id (or equivalent in JSON)","Unique id for the element within a resource (for internal references). This may be any string value that does not contain spaces.","","","","","","","","","",,,,,"",,,,"Element.id",0,1,"","","n/a"
"ProductPlan.plan.category.benefit.extension","","extensions
user content","",0,*,"","","","Extension {[]} {[]}
","Additional content defined by implementations","May be used to represent additional information that is not part of the basic definition of the element. To make the use of extensions safe and manageable, there is a strict set of governance  applied to the definition and use of extensions. Though any implementer can define an extension, there is a set of requirements that SHALL be met as part of the definition of the extension.","There can be no stigma associated with the use of extensions by any application, project, or standard - regardless of the institution or jurisdiction that uses or defines the extensions.  The use of extensions is what allows the FHIR specification to retain a core level of simplicity for everyone.","","","","","","","","",,,,,"",,,,"Element.extension",0,*,"","","n/a"
"ProductPlan.plan.category.benefit.modifierExtension","","extensions
user contentmodifiers","",0,*,"","Y","Y","Extension {[]} {[]}
","Extensions that cannot be ignored","May be used to represent additional information that is not part of the basic definition of the element and that modifies the understanding of the element in which it is contained. Usually modifier elements provide negation or qualification. To make the use of extensions safe and manageable, there is a strict set of governance applied to the definition and use of extensions. Though any implementer can define an extension, there is a set of requirements that SHALL be met as part of the definition of the extension. Applications processing a resource are required to check for modifier extensions.","There can be no stigma associated with the use of extensions by any application, project, or standard - regardless of the institution or jurisdiction that uses or defines the extensions.  The use of extensions is what allows the FHIR specification to retain a core level of simplicity for everyone.","","","","","","","","",,,,,"",,,,"BackboneElement.modifierExtension",0,*,"","","N/A"
"ProductPlan.plan.category.benefit.type","","","",1,1,"","","","CodeableConcept {[]} {[]}
","Type of specific benefit (preventative; primary care office visit; speciality office visit; hospitalization; emergency room; urgent care)","Type of specific benefit (preventative; primary care office visit; speciality office visit; hospitalization; emergency room; urgent care).","","","","","","","","","",,,,,"",,,,"ProductPlan.plan.category.benefit.type",1,1,"",""
"ProductPlan.plan.category.benefit.cost","","","",0,*,"","","","BackboneElement {[]} {[]}
","List of the costs associated with a specific benefit","List of the costs associated with a specific benefit.","","","","","","","","","",,,,,"",,,,"ProductPlan.plan.category.benefit.cost",0,*,"","ele-1:All FHIR elements must have a @value or children {hasValue() | (children().count() > id.count())}
"
"ProductPlan.plan.category.benefit.cost.id","","","",0,1,"","","","string {[]} {[]}
","xml:id (or equivalent in JSON)","Unique id for the element within a resource (for internal references). This may be any string value that does not contain spaces.","","","","","","","","","",,,,,"",,,,"Element.id",0,1,"","","n/a"
"ProductPlan.plan.category.benefit.cost.extension","","extensions
user content","",0,*,"","","","Extension {[]} {[]}
","Additional content defined by implementations","May be used to represent additional information that is not part of the basic definition of the element. To make the use of extensions safe and manageable, there is a strict set of governance  applied to the definition and use of extensions. Though any implementer can define an extension, there is a set of requirements that SHALL be met as part of the definition of the extension.","There can be no stigma associated with the use of extensions by any application, project, or standard - regardless of the institution or jurisdiction that uses or defines the extensions.  The use of extensions is what allows the FHIR specification to retain a core level of simplicity for everyone.","","","","","","","","",,,,,"",,,,"Element.extension",0,*,"","","n/a"
"ProductPlan.plan.category.benefit.cost.modifierExtension","","extensions
user contentmodifiers","",0,*,"","Y","Y","Extension {[]} {[]}
","Extensions that cannot be ignored","May be used to represent additional information that is not part of the basic definition of the element and that modifies the understanding of the element in which it is contained. Usually modifier elements provide negation or qualification. To make the use of extensions safe and manageable, there is a strict set of governance applied to the definition and use of extensions. Though any implementer can define an extension, there is a set of requirements that SHALL be met as part of the definition of the extension. Applications processing a resource are required to check for modifier extensions.","There can be no stigma associated with the use of extensions by any application, project, or standard - regardless of the institution or jurisdiction that uses or defines the extensions.  The use of extensions is what allows the FHIR specification to retain a core level of simplicity for everyone.","","","","","","","","",,,,,"",,,,"BackboneElement.modifierExtension",0,*,"","","N/A"
"ProductPlan.plan.category.benefit.cost.type","","","",1,1,"","","","CodeableConcept {[]} {[]}
","Type of cost (copay; individual cap; family cap; coinsurance; deductible)","Type of cost (copay; individual cap; family cap; coinsurance; deductible).","","","","","","","","","",,,,,"",,,,"ProductPlan.plan.category.benefit.cost.type",1,1,"",""
"ProductPlan.plan.category.benefit.cost.applicability","","","",0,*,"","","","Coding {[]} {[]}
","Whether the cost applies to in-network or out-of-network providers (in-network; out-of-network; other)","Whether the cost applies to in-network or out-of-network providers (in-network; out-of-network; other).","","","","","","","","","",,,,,"",,,,"ProductPlan.plan.category.benefit.cost.applicability",0,*,"",""
"ProductPlan.plan.category.benefit.cost.qualifiers","","","",0,*,"","","","string {[]} {[]}
","Additional information about the cost, such as information about funding sources (e.g. HSA, HRA, FSA, RRA)","Additional information about the cost, such as information about funding sources (e.g. HSA, HRA, FSA, RRA).","","","","","","","","","",,,,,"",,,,"ProductPlan.plan.category.benefit.cost.qualifiers",0,*,"",""
"ProductPlan.plan.category.benefit.cost.value","","","",0,1,"","","","Quantity {[]} {[]}
","The actual cost value","The actual cost value.","","","","","","","","","",,,,,"",,,,"ProductPlan.plan.category.benefit.cost.value",0,1,"",""
"ProductPlan.endpoint","","","",0,*,"","","","Reference {[]} {[CanonicalType[http://hl7.org/fhir/StructureDefinition/Endpoint]]}
","Technical endpoints providing access to services operated for the organization","Technical endpoints providing access to services operated for the organization.","","Organizations have multiple systems that provide various services and need to be able to define the technical connection details for how to connect to them, and for what purpose.","","","","","","","",,,,,"",,,,"ProductPlan.endpoint",0,*,"","","n/a"
