<?xml version="1.0" encoding="UTF-8"?>

<Bundle xmlns="http://hl7.org/fhir">
  <id value="uscore-ms3"/>
  <meta>
    <lastUpdated value="2017-03-01T17:46:08.490-05:00"/>
  </meta>
  <type value="searchset"/>
  <total value="1"/>
  <link>
    <relation value="self"/>
    <url value="http://fhirtest.uhn.ca/baseDstu3/MedicationStatement?_id=uscore-ms3&amp;_include=MedicationStatement%3Amedication"/>
  </link>
  <entry>
    <fullUrl value="http://fhir3.healthintersections.com.au/open/MedicationStatement/uscore-ms3"/>
    <resource>
      <MedicationStatement>
      <!--  this is an example using an external reference to a medication
  -->
        <id value="uscore-ms3"/>
        <meta>
          <profile value="http://hl7.org/fhir/us/core/StructureDefinition/us-core-medicationstatement"/>
        </meta>
        <text>
          <status value="generated"/><div xmlns="http://www.w3.org/1999/xhtml"><p><b>Generated Narrative with Details</b></p><p><b>id</b>: uscore-ms3</p><p><b>meta</b>: </p><p><b>status</b>: active</p><p><b>medication</b>: <a href="Medication-uscore-med1.html">lisinopril oral 10 mg. Generated Summary: id: uscore-med1; <span title="Codes: {http://www.nlm.nih.gov/research/umls/rxnorm 206765}">Prinivil 10 MG Oral Tablet</span></a></p><p><b>effective</b>: May 1, 2010, 12:00:00 AM --&gt; (ongoing)</p><p><b>dateAsserted</b>: May 1, 2016, 4:13:03 PM</p><p><b>subject</b>: <a href="Patient-example.html">Amy Shaw. Generated Summary: id: example; Medical Record Number = 1032702 (USUAL); active; Amy V. Shaw ; ph: 555-555-5555(HOME), amy.shaw@example.com; gender: female; birthDate: Feb 20, 2007</a></p><p><b>taken</b>: y</p></div>
        </text>
        <status value="active"/>
      <!--    either a code or a reference to the medication being prescribed. As described earlier, this could be contained, separately
        within a bundle or simply a reference to a remote server.   -->
        <medicationReference>
          <reference value="Medication/uscore-med1"/>
          <display value="lisinopril oral 10 mg"/>
        </medicationReference>
        <effectivePeriod>
          <start value="2010-05-01"/>
        </effectivePeriod>
        <dateAsserted value="2016-05-01T16:13:03Z"/>
        <subject>
          <reference value="Patient/example"/>
          <display value="Amy Shaw"/>
        </subject>
        <taken value="y"/>
      </MedicationStatement>
    </resource>
    <search>
      <mode value="match"/>
    </search>
  </entry>
  <entry>
    <fullUrl value="/Medication/uscore-med2"/>
    <resource>
      <Medication>
        <id value="uscore-med2"/>
        <meta>
          <profile value="http://hl7.org/fhir/us/core/StructureDefinition/us-core-medication"/>
        </meta>
        <text>
          <status value="generated"/><div xmlns="http://www.w3.org/1999/xhtml"><p><b>Generated Narrative with Details</b></p><p><b>id</b>: uscore-med2</p><p><b>meta</b>: </p><p><b>code</b>: Nizatidine 15 MG/ML Oral Solution [Axid] <span style="background: LightGoldenRodYellow">(Details : {RxNorm code '582620' = '582620', given as 'Nizatidine 15 MG/ML Oral Solution [Axid]'})</span></p></div>
        </text>
        <code>
          <coding>
            <system value="http://www.nlm.nih.gov/research/umls/rxnorm"/>
            <code value="582620"/>
            <display value="Nizatidine 15 MG/ML Oral Solution [Axid]"/>
          </coding>
          <text value="Nizatidine 15 MG/ML Oral Solution [Axid]"/>
        </code>
      </Medication>
    </resource>
    <search>
      <mode value="include"/>
    </search>
  </entry>
</Bundle>