<?xml version="1.0" encoding="UTF-8"?>

<CarePlan xmlns="http://hl7.org/fhir">
  <id value="colonoscopy"/>
  <meta>
    <profile value="http://hl7.org/fhir/us/core/StructureDefinition/us-core-careplan"/>
  </meta>
  <text>
    <status value="additional"/><div xmlns="http://www.w3.org/1999/xhtml">
			<strong>Assessment</strong>
			<ol>
				<li>Recurrent GI bleed of unknown etiology; hypotension perhaps secondary to this but as likely secondary to polypharmacy.</li>
				<li>Acute on chronic anemia secondary to #1.</li>
				<li>Azotemia, acute renal failure with volume loss secondary to #1.</li>
				<li>Hyperkalemia secondary to #3 and on ACE and K+ supplement.</li>
				<li>Other chronic diagnoses as noted above, currently stable.</li>
			</ol>
			<table>
				<thead>
					<tr>
						<th>Planned Activity</th>
						<th>Planned Date</th>
					</tr>
				</thead>
				<tbody>
					<tr>
						<td>Colonoscopy</td>
						<td>April 21, 2000</td>
					</tr>
				</tbody>
			</table>
		</div>
  </text>
  <status value="active"/>
  <intent value="order"/>
  <category>
    <coding>
      <system value="http://hl7.org/fhir/us/core/CodeSystem/careplan-category"/>
      <code value="assess-plan"/>
    </coding>
  </category>
  <subject>
    <reference value="Patient/example"/>
    <display value="Amy Shaw"/>
  </subject>
</CarePlan>