<?xml version="1.0" encoding="UTF-8"?>

<CodeSystem xmlns="http://hl7.org/fhir">
  <id value="condition-category"/>
  <text>
    <status value="generated"/><div xmlns="http://www.w3.org/1999/xhtml"><h2>US Core Condition Category Extension Codes</h2><div><p>Set of codes that are needed for implementation of the US-Core profiles. These codes are used as extensions to the FHIR and US Core value sets.</p>
</div><p>This code system http://hl7.org/fhir/us/core/CodeSystem/condition-category defines the following codes:</p><table class="codes"><tr><td style="white-space:nowrap"><b>Code</b></td><td><b>Display</b></td><td><b>Definition</b></td></tr><tr><td style="white-space:nowrap">problem<a name="condition-category-problem"> </a></td><td>Problem</td><td>The patients problems as identified by the provider(s). Items on the provider’s problem list</td></tr><tr><td style="white-space:nowrap">health-concern<a name="condition-category-health-concern"> </a></td><td>Health Concern</td><td>Additional health concerns from other stakeholders which are outside the provider’s problem list.</td></tr></table></div>
  </text>
  <url value="http://hl7.org/fhir/us/core/CodeSystem/condition-category"/>
  <version value="1.1.0"/>
  <name value="US Core Condition Category Extension Codes"/>
  <status value="draft"/>
  <date value="2018-10-18T21:01:01-07:00"/>
  <publisher value="HL7 US Realm Steering Committee"/>
  <description value="Set of codes that are needed for implementation of the US-Core profiles. These codes are used as extensions to the FHIR and US Core value sets.&#xA;"/>
  <jurisdiction>
    <coding>
      <system value="urn:iso:std:iso:3166"/>
      <code value="US"/>
    </coding>
  </jurisdiction>
  <caseSensitive value="true"/>
  <valueSet value="http://hl7.org/fhir/us/core/ValueSet/condition-category"/>
  <content value="complete"/>
  <concept>
    <code value="problem"/>
    <display value="Problem"/>
    <definition value="The patients problems as identified by the provider(s). Items on the provider&#x2019;s problem list"/>
  </concept>
  <concept>
    <code value="health-concern"/>
    <display value="Health Concern"/>
    <definition value="Additional health concerns from other stakeholders which are outside the provider&#x2019;s problem list."/>
  </concept>
</CodeSystem>