<?xml version="1.0" encoding="UTF-8"?>

<CodeSystem xmlns="http://hl7.org/fhir">
  <id value="codesystem-primarysource"/>
  <text>
    <status value="generated"/><div xmlns="http://www.w3.org/1999/xhtml"><h2>VhDir Primary Source Code System</h2><div><p>This code system contains codes for documenting the attributes related to the business process of primary source validation durign the maintenance of a Healthcare Directory.</p>
</div><p>This code system http://hl7.org/fhir/ig/vhdir/CodeSystem/codesystem-primarysource defines the following codes:</p><table class="codes"><tr><td style="white-space:nowrap"><b>Code</b></td><td><b>Display</b></td><td><b>Definition</b></td></tr><tr><td style="white-space:nowrap">licenseboard<a name="codesystem-primarysource-licenseboard"> </a></td><td>License Board</td><td>License Board</td></tr><tr><td style="white-space:nowrap">primaryeducation<a name="codesystem-primarysource-primaryeducation"> </a></td><td>Primary Education</td><td>Primary Education</td></tr><tr><td style="white-space:nowrap">continuingeducation<a name="codesystem-primarysource-continuingeducation"> </a></td><td>Continuing Education</td><td>Continuing Education</td></tr><tr><td style="white-space:nowrap">postalservice<a name="codesystem-primarysource-postalservice"> </a></td><td>Postal Service</td><td>Postal Service</td></tr><tr><td style="white-space:nowrap">relationshipowner<a name="codesystem-primarysource-relationshipowner"> </a></td><td>Relationship owner</td><td>Relationship owner</td></tr><tr><td style="white-space:nowrap">registrationauthority<a name="codesystem-primarysource-registrationauthority"> </a></td><td>Registration Authority</td><td>Registration Authority</td></tr><tr><td style="white-space:nowrap">legalsource<a name="codesystem-primarysource-legalsource"> </a></td><td>legal source</td><td>legal source</td></tr><tr><td style="white-space:nowrap">issuingsource<a name="codesystem-primarysource-issuingsource"> </a></td><td>issuing source</td><td>issuing source</td></tr><tr><td style="white-space:nowrap">authoritativesource<a name="codesystem-primarysource-authoritativesource"> </a></td><td>authoritative source</td><td>authoritative source</td></tr></table></div>
  </text>
  <url value="http://hl7.org/fhir/ig/vhdir/CodeSystem/codesystem-primarysource"/>
  <version value="0.2.0"/>
  <name value="VhDir Primary Source Code System"/>
  <title value="VhDir Primary Source Code System"/>
  <status value="active"/>
  <date value="2018-02-21"/>
  <publisher value="HL7 - TBD"/>
  <contact>
    <telecom>
      <system value="other"/>
      <value value="http://hl7.org/fhir"/>
    </telecom>
  </contact>
  <description value="This code system contains codes for documenting the attributes related to the business process of primary source validation durign the maintenance of a Healthcare Directory."/>
  <caseSensitive value="true"/>
  <valueSet value="http://hl7.org/fhir/ig/vhdir/ValueSet/valueset-primarysource"/>
  <content value="complete"/>
  <concept>
    <code value="licenseboard"/>
    <display value="License Board"/>
    <definition value="License Board"/>
  </concept>
  <concept>
    <code value="primaryeducation"/>
    <display value="Primary Education"/>
    <definition value="Primary Education"/>
  </concept>
  <concept>
    <code value="continuingeducation"/>
    <display value="Continuing Education"/>
    <definition value="Continuing Education"/>
  </concept>
  <concept>
    <code value="postalservice"/>
    <display value="Postal Service"/>
    <definition value="Postal Service"/>
  </concept>
  <concept>
    <code value="relationshipowner"/>
    <display value="Relationship owner"/>
    <definition value="Relationship owner"/>
  </concept>
  <concept>
    <code value="registrationauthority"/>
    <display value="Registration Authority"/>
    <definition value="Registration Authority"/>
  </concept>
  <concept>
    <code value="legalsource"/>
    <display value="legal source"/>
    <definition value="legal source"/>
  </concept>
  <concept>
    <code value="issuingsource"/>
    <display value="issuing source"/>
    <definition value="issuing source"/>
  </concept>
  <concept>
    <code value="authoritativesource"/>
    <display value="authoritative source"/>
    <definition value="authoritative source"/>
  </concept>
</CodeSystem>