<?xml version="1.0" encoding="UTF-8"?>

<CodeSystem xmlns="http://hl7.org/fhir">
  <id value="codesystem-network-type"/>
  <text>
    <status value="generated"/><div xmlns="http://www.w3.org/1999/xhtml"><h2>VhDir Network Type Code System</h2><div><p>This code system contains codes for documenting network.</p>
</div><p>This code system http://hl7.org/fhir/ig/vhdir/CodeSystem/codesystem-network-type defines the following codes:</p><table class="codes"><tr><td style="white-space:nowrap"><b>Code</b></td><td><b>Display</b></td><td><b>Definition</b></td></tr><tr><td style="white-space:nowrap">ppo<a name="codesystem-network-type-ppo"> </a></td><td>PPO</td><td>PPO</td></tr><tr><td style="white-space:nowrap">hmo<a name="codesystem-network-type-hmo"> </a></td><td>HMO</td><td>HMO</td></tr><tr><td style="white-space:nowrap">aco<a name="codesystem-network-type-aco"> </a></td><td>ACO</td><td>ACO</td></tr><tr><td style="white-space:nowrap">specialty<a name="codesystem-network-type-specialty"> </a></td><td>Specialty</td><td>Specialty</td></tr><tr><td style="white-space:nowrap">dental<a name="codesystem-network-type-dental"> </a></td><td>Dental</td><td>dental</td></tr><tr><td style="white-space:nowrap">vision<a name="codesystem-network-type-vision"> </a></td><td>Vision</td><td>Vision</td></tr><tr><td style="white-space:nowrap">pharmacy<a name="codesystem-network-type-pharmacy"> </a></td><td>Pharmacy</td><td>Pharmacy</td></tr><tr><td style="white-space:nowrap">national<a name="codesystem-network-type-national"> </a></td><td>National</td><td>National</td></tr><tr><td style="white-space:nowrap">regional<a name="codesystem-network-type-regional"> </a></td><td>Regional</td><td>Regional</td></tr><tr><td style="white-space:nowrap">state<a name="codesystem-network-type-state"> </a></td><td>State</td><td>State</td></tr></table></div>
  </text>
  <url value="http://hl7.org/fhir/ig/vhdir/CodeSystem/codesystem-network-type"/>
  <version value="0.2.0"/>
  <name value="VhDir Network Type Code System"/>
  <title value="VhDir Network Type Code System"/>
  <status value="active"/>
  <date value="2018-02-21"/>
  <publisher value="HL7 - TBD"/>
  <contact>
    <telecom>
      <system value="other"/>
      <value value="http://hl7.org/fhir"/>
    </telecom>
  </contact>
  <description value="This code system contains codes for documenting network."/>
  <caseSensitive value="true"/>
  <valueSet value="http://hl7.org/fhir/ig/vhdir/ValueSet/valueset-network-type"/>
  <content value="complete"/>
  <concept>
    <code value="ppo"/>
    <display value="PPO"/>
    <definition value="PPO"/>
  </concept>
  <concept>
    <code value="hmo"/>
    <display value="HMO"/>
    <definition value="HMO"/>
  </concept>
  <concept>
    <code value="aco"/>
    <display value="ACO"/>
    <definition value="ACO"/>
  </concept>
  <concept>
    <code value="specialty"/>
    <display value="Specialty"/>
    <definition value="Specialty"/>
  </concept>
  <concept>
    <code value="dental"/>
    <display value="Dental"/>
    <definition value="dental"/>
  </concept>
  <concept>
    <code value="vision"/>
    <display value="Vision"/>
    <definition value="Vision"/>
  </concept>
  <concept>
    <code value="pharmacy"/>
    <display value="Pharmacy"/>
    <definition value="Pharmacy"/>
  </concept>
  <concept>
    <code value="national"/>
    <display value="National"/>
    <definition value="National"/>
  </concept>
  <concept>
    <code value="regional"/>
    <display value="Regional"/>
    <definition value="Regional"/>
  </concept>
  <concept>
    <code value="state"/>
    <display value="State"/>
    <definition value="State"/>
  </concept>
</CodeSystem>