<?xml version="1.0" encoding="UTF-8"?>

<Device xmlns="http://hl7.org/fhir">
  <id value="udi-1"/>
  <meta>
    <profile value="http://hl7.org/fhir/us/core/StructureDefinition/us-core-device"/>
  </meta>
  <text>
    <status value="generated"/><div xmlns="http://www.w3.org/1999/xhtml"><p><b>Generated Narrative with Details</b></p><p><b>id</b>: udi-1</p><p><b>meta</b>: </p><h3>Udis</h3><table class="grid"><tr><td>-</td><td><b>CarrierHRF</b></td></tr><tr><td>*</td><td>(01)09504000059118(17)141120(10)7654321D(21)10987654d321</td></tr></table><p><b>status</b>: active</p><p><b>type</b>: Coated femoral stem prosthesis, modular <span style="background: LightGoldenRodYellow">(Details : {SNOMED CT code '468063009' = '468063009', given as 'Coated femoral stem prosthesis, modular'})</span></p><p><b>patient</b>: <a href="Patient-example.html">Amy Shaw. Generated Summary: id: example; Medical Record Number = 1032702 (USUAL); active; Amy V. Shaw ; ph: 555-555-5555(HOME), amy.shaw@example.com; gender: female; birthDate: Feb 20, 2007</a></p></div>
  </text>
  <udi>
    <carrierHRF value="(01)09504000059118(17)141120(10)7654321D(21)10987654d321"/>
  </udi>
  <status value="active"/>
  <type>
    <coding>
      <system value="http://snomed.info/sct"/>
      <code value="468063009"/>
      <display value="Coated femoral stem prosthesis, modular"/>
    </coding>
  </type>
  <patient>
    <reference value="Patient/example"/>
    <display value="Amy Shaw"/>
  </patient>
</Device>