<?xml version="1.0" encoding="UTF-8"?>

<MedicationRequest xmlns="http://hl7.org/fhir">
<!-- example using medication codes -->
  <id value="uscore-mo1"/>
  <meta>
    <profile value="http://hl7.org/fhir/us/core/StructureDefinition/us-core-medicationrequest"/>
  </meta>
  <text>
    <status value="generated"/><div xmlns="http://www.w3.org/1999/xhtml"><p><b>Generated Narrative with Details</b></p><p><b>id</b>: uscore-mo1</p><p><b>meta</b>: </p><p><b>status</b>: active</p><p><b>intent</b>: order</p><p><b>medication</b>: Nizatidine 15 MG/ML Oral Solution [Axid] <span style="background: LightGoldenRodYellow">(Details : {RxNorm code '582620' = '582620', given as 'Nizatidine 15 MG/ML Oral Solution [Axid]'})</span></p><p><b>subject</b>: <a href="Patient-example.html">Amy Shaw. Generated Summary: id: example; Medical Record Number = 1032702 (USUAL); active; Amy V. Shaw ; ph: 555-555-5555(HOME), amy.shaw@example.com; gender: female; birthDate: Feb 20, 2007</a></p><p><b>authoredOn</b>: Apr 5, 2008</p><h3>Requesters</h3><table class="grid"><tr><td>-</td><td><b>Agent</b></td></tr><tr><td>*</td><td>Ronald Bone, MD</td></tr></table><p><b>dosageInstruction</b>: </p><h3>DispenseRequests</h3><table class="grid"><tr><td>-</td><td><b>NumberOfRepeatsAllowed</b></td><td><b>Quantity</b></td><td><b>ExpectedSupplyDuration</b></td></tr><tr><td>*</td><td>1</td><td>480 mL<span style="background: LightGoldenRodYellow"> (Details: UCUM code mL = 'mL')</span></td><td>30 days<span style="background: LightGoldenRodYellow"> (Details: UCUM code d = 'd')</span></td></tr></table></div>
  </text>
  <status value="active"/>
  <intent value="order"/>
  <medicationCodeableConcept>
    <coding>
      <system value="http://www.nlm.nih.gov/research/umls/rxnorm"/>
      <code value="582620"/>
      <display value="Nizatidine 15 MG/ML Oral Solution [Axid]"/>
    </coding>
    <text value="Nizatidine 15 MG/ML Oral Solution [Axid]"/>
  </medicationCodeableConcept>
  <subject>
    <reference value="Patient/example"/>
    <display value="Amy Shaw"/>
  </subject>
  <authoredOn value="2008-04-05"/>
  <requester>
    <agent>
    <!--  MedicationRequest Practitioner reference causes a build error
						<reference value="Practitioner/practitioner-1"/>
			 -->
      <display value="Ronald Bone, MD"/>
    </agent>
  </requester>
<!--   either a code or a reference to the medication being prescribed. As described earlier, this could be contained, separately
        within a bundle or simply a reference to a remote server.  -->
<!-- 	The following elements are not mandatory for the uscorenaut Profile  -->
  <dosageInstruction>
    <text value="10 mL bid"/>
    <timing>
      <repeat>
        <boundsPeriod>
          <start value="2008-04-05"/>
        </boundsPeriod>
      </repeat>
    </timing>
  </dosageInstruction>
  <dispenseRequest>
    <numberOfRepeatsAllowed value="1"/>
    <quantity>
      <value value="480"/>
      <unit value="mL"/>
      <system value="http://unitsofmeasure.org"/>
      <code value="mL"/>
    </quantity>
    <expectedSupplyDuration>
      <value value="30"/>
      <unit value="days"/>
      <system value="http://unitsofmeasure.org"/>
      <code value="d"/>
    </expectedSupplyDuration>
  </dispenseRequest>
</MedicationRequest>