<?xml version="1.0" encoding="UTF-8"?>

<MedicationStatement xmlns="http://hl7.org/fhir">
<!-- this is an example using a contained reference to a medication
 -->
  <id value="uscore-ms2"/>
  <meta>
    <profile value="http://hl7.org/fhir/us/core/StructureDefinition/us-core-medicationstatement"/>
  </meta>
  <text>
    <status value="generated"/><div xmlns="http://www.w3.org/1999/xhtml"><p><b>Generated Narrative with Details</b></p><p><b>id</b>: uscore-ms2</p><p><b>meta</b>: </p><p><b>contained</b>: </p><p><b>status</b>: active</p><p><b>medication</b>: lisinopril oral 10 mg. Generated Summary: unknown resource contained</p><p><b>effective</b>: May 1, 2010, 12:00:00 AM --&gt; (ongoing)</p><p><b>dateAsserted</b>: May 1, 2016, 4:13:03 PM</p><p><b>subject</b>: <a href="Patient-example.html">Amy Shaw. Generated Summary: id: example; Medical Record Number = 1032702 (USUAL); active; Amy V. Shaw ; ph: 555-555-5555(HOME), amy.shaw@example.com; gender: female; birthDate: Feb 20, 2007</a></p><p><b>taken</b>: y</p></div>
  </text>
  <contained>
    <Medication>
      <id value="med1"/>
      <code>
        <coding>
          <system value="http://www.nlm.nih.gov/research/umls/rxnorm"/>
          <code value="206765"/>
          <display value="Lisinopril 10 MG Oral Tablet [Prinivil]"/>
        </coding>
        <text value="Lisinopril 10 MG Oral Tablet [Prinivil]"/>
      </code>
    </Medication>
  </contained>
  <status value="active"/>
<!--   either a code or a reference to the medication being prescribed. As described earlier, this could be contained, separately
					within a bundle or simply a reference to a remote server.  -->
  <medicationReference>
    <reference value="#med1"/>
    <display value="lisinopril oral 10 mg"/>
  </medicationReference>
  <effectivePeriod>
    <start value="2010-05-01"/>
  </effectivePeriod>
  <dateAsserted value="2016-05-01T16:13:03Z"/>
  <subject>
    <reference value="Patient/example"/>
    <display value="Amy Shaw"/>
  </subject>
  <taken value="y"/>
</MedicationStatement>