<?xml version="1.0" encoding="UTF-8"?>

<Observation xmlns="http://hl7.org/fhir">
  <id value="urine-ph"/>
  <meta>
    <versionId value="206600"/>
    <lastUpdated value="2016-04-18T04:12:25.425+00:00"/>
    <profile value="http://hl7.org/fhir/us/core/StructureDefinition/us-core-observationresults"/>
  </meta>
  <text>
    <status value="generated"/><div xmlns="http://www.w3.org/1999/xhtml"><p><b>Generated Narrative with Details</b></p><p><b>id</b>: urine-ph</p><p><b>meta</b>: </p><p><b>status</b>: final</p><p><b>category</b>: Laboratory <span style="background: LightGoldenRodYellow">(Details : {http://hl7.org/fhir/observation-category code 'laboratory' = 'Laboratory', given as 'Laboratory'})</span></p><p><b>code</b>: PH <span style="background: LightGoldenRodYellow">(Details : {LOINC code '5803-2' = '5803-2', given as 'pH of Urine by Test strip'})</span></p><p><b>subject</b>: <a href="Patient-example.html">Amy Shaw. Generated Summary: id: example; Medical Record Number = 1032702 (USUAL); active; Amy V. Shaw ; ph: 555-555-5555(HOME), amy.shaw@example.com; gender: female; birthDate: Feb 20, 2007</a></p><p><b>effective</b>: Jul 5, 2005</p><p><b>value</b>: 6.0 (pH)<span style="background: LightGoldenRodYellow"> (Details: UCUM code [pH] = '[pH]')</span></p><h3>ReferenceRanges</h3><table class="grid"><tr><td>-</td><td><b>Low</b></td><td><b>High</b></td></tr><tr><td>*</td><td>5.0 (pH)<span style="background: LightGoldenRodYellow"> (Details: UCUM code [pH] = '[pH]')</span></td><td>8.0 (pH)<span style="background: LightGoldenRodYellow"> (Details: UCUM code [pH] = '[pH]')</span></td></tr></table></div>
  </text>
  <status value="final"/>
  <category>
    <coding>
      <system value="http://hl7.org/fhir/observation-category"/>
      <code value="laboratory"/>
      <display value="Laboratory"/>
    </coding>
    <text value="Laboratory"/>
  </category>
  <code>
    <coding>
      <system value="http://loinc.org"/>
      <code value="5803-2"/>
      <display value="pH of Urine by Test strip"/>
    </coding>
    <text value="PH"/>
  </code>
  <subject>
    <reference value="Patient/example"/>
    <display value="Amy Shaw"/>
  </subject>
  <effectiveDateTime value="2005-07-05"/>
  <valueQuantity>
    <value value="6.0"/>
    <unit value="(pH)"/>
    <system value="http://unitsofmeasure.org"/>
    <code value="[pH]"/>
  </valueQuantity>
  <referenceRange>
    <low>
      <value value="5.0"/>
      <unit value="(pH)"/>
      <system value="http://unitsofmeasure.org"/>
      <code value="[pH]"/>
    </low>
    <high>
      <value value="8.0"/>
      <unit value="(pH)"/>
      <system value="http://unitsofmeasure.org"/>
      <code value="[pH]"/>
    </high>
  </referenceRange>
</Observation>