<?xml version="1.0" encoding="UTF-8"?>

<Observation xmlns="http://hl7.org/fhir">
  <id value="urine-cells"/>
  <meta>
    <versionId value="206624"/>
    <lastUpdated value="2016-04-18T04:23:12.123+00:00"/>
    <profile value="http://hl7.org/fhir/us/core/StructureDefinition/us-core-observationresults"/>
  </meta>
  <text>
    <status value="generated"/><div xmlns="http://www.w3.org/1999/xhtml"><p><b>Generated Narrative with Details</b></p><p><b>id</b>: urine-cells</p><p><b>meta</b>: </p><p><b>status</b>: final</p><p><b>category</b>: Laboratory <span style="background: LightGoldenRodYellow">(Details : {http://hl7.org/fhir/observation-category code 'laboratory' = 'Laboratory', given as 'Laboratory'})</span></p><p><b>code</b>: EPITHELIAL CELLS <span style="background: LightGoldenRodYellow">(Details : {LOINC code '5787-7' = '5787-7', given as 'Epithelial cells [#/area] in Urine sediment by Microscopy high power field'})</span></p><p><b>subject</b>: <a href="Patient-example.html">Amy Shaw. Generated Summary: id: example; Medical Record Number = 1032702 (USUAL); active; Amy V. Shaw ; ph: 555-555-5555(HOME), amy.shaw@example.com; gender: female; birthDate: Feb 20, 2007</a></p><p><b>effective</b>: Jul 5, 2005</p><p><b>value</b>: 1-5 cells/HPF</p><h3>ReferenceRanges</h3><table class="grid"><tr><td>-</td><td><b>Text</b></td></tr><tr><td>*</td><td>None Seen/HPF</td></tr></table></div>
  </text>
  <status value="final"/>
  <category>
    <coding>
      <system value="http://hl7.org/fhir/observation-category"/>
      <code value="laboratory"/>
      <display value="Laboratory"/>
    </coding>
    <text value="Laboratory"/>
  </category>
  <code>
    <coding>
      <system value="http://loinc.org"/>
      <code value="5787-7"/>
      <display value="Epithelial cells [#/area] in Urine sediment by Microscopy high power field"/>
    </coding>
    <text value="EPITHELIAL CELLS"/>
  </code>
  <subject>
    <reference value="Patient/example"/>
    <display value="Amy Shaw"/>
  </subject>
  <effectiveDateTime value="2005-07-05"/>
  <valueRange>
    <low>
      <value value="1"/>
      <unit value="cells/HPF"/>
      <system value="http://unitsofmeasure.org"/>
      <code value="/[HPF]"/>
    </low>
    <high>
      <value value="5"/>
      <unit value="cells/HPF"/>
      <system value="http://unitsofmeasure.org"/>
      <code value="/[HPF]"/>
    </high>
  </valueRange>
  <referenceRange>
    <text value="None Seen/HPF"/>
  </referenceRange>
</Observation>