<?xml version="1.0" encoding="UTF-8"?>

<Observation xmlns="http://hl7.org/fhir">
  <id value="urine-sediment"/>
  <meta>
    <versionId value="206577"/>
    <lastUpdated value="2016-04-18T04:07:12.383+00:00"/>
    <profile value="http://hl7.org/fhir/us/core/StructureDefinition/us-core-observationresults"/>
  </meta>
  <text>
    <status value="generated"/><div xmlns="http://www.w3.org/1999/xhtml"><p><b>Generated Narrative with Details</b></p><p><b>id</b>: urine-sediment</p><p><b>meta</b>: </p><p><b>status</b>: final</p><p><b>category</b>: Laboratory <span style="background: LightGoldenRodYellow">(Details : {http://hl7.org/fhir/observation-category code 'laboratory' = 'Laboratory', given as 'Laboratory'})</span></p><p><b>code</b>: COMMENT <span style="background: LightGoldenRodYellow">(Details : {LOINC code '11279-7' = '11279-7', given as 'Urine sediment comments by Light microscopy Narrative'})</span></p><p><b>subject</b>: <a href="Patient-example.html">Amy Shaw. Generated Summary: id: example; Medical Record Number = 1032702 (USUAL); active; Amy V. Shaw ; ph: 555-555-5555(HOME), amy.shaw@example.com; gender: female; birthDate: Feb 20, 2007</a></p><p><b>effective</b>: Jul 5, 2005</p><p><b>value</b>: Recommend Urine Culture</p></div>
  </text>
  <status value="final"/>
  <category>
    <coding>
      <system value="http://hl7.org/fhir/observation-category"/>
      <code value="laboratory"/>
      <display value="Laboratory"/>
    </coding>
    <text value="Laboratory"/>
  </category>
  <code>
    <coding>
      <system value="http://loinc.org"/>
      <code value="11279-7"/>
      <display value="Urine sediment comments by Light microscopy Narrative"/>
    </coding>
    <text value="COMMENT"/>
  </code>
  <subject>
    <reference value="Patient/example"/>
    <display value="Amy Shaw"/>
  </subject>
  <effectiveDateTime value="2005-07-05"/>
  <valueString value="Recommend Urine Culture"/>
</Observation>