<?xml version="1.0" encoding="UTF-8"?>

<SearchParameter xmlns="http://hl7.org/fhir">
  <id value="searchparameter-location"/>
  <text>
    <status value="generated"/><div xmlns="http://www.w3.org/1999/xhtml"><p><b>Generated Narrative with Details</b></p><p><b>url</b>: <a href="http://hl7.org/fhir/ig/vhdir/SearchParameter/searchparameter-location">http://hl7.org/fhir/ig/vhdir/SearchParameter/searchparameter-location</a></p><p><b>version</b>: 0.0.0</p><p><b>name</b>: VHDir Location Search Parameter</p><p><b>status</b>: DRAFT</p><p><b>date</b>: May 23, 2018</p><p><b>publisher</b>: HL7 Patient Administration Committee</p><p><b>contact</b>: </p><p><b>description</b>: Select care teams operating at the specified location</p><p><b>url</b>: <a href="http://hl7.org/fhir/ig/vhdir/SearchParameter/searchparameter-location">http://hl7.org/fhir/ig/vhdir/SearchParameter/searchparameter-location</a></p><p><b>version</b>: 0.0.0</p><p><b>name</b>: VHDir Location Search Parameter</p><p><b>status</b>: DRAFT</p><p><b>date</b>: May 23, 2018</p><p><b>publisher</b>: HL7 Patient Administration Committee</p><p><b>contact</b>: </p><p><b>description</b>: Select care teams operating at the specified location</p><p><b>code</b>: location</p><p><b>base</b>: CareTeam</p><p><b>type</b>: REFERENCE</p><p><b>expression</b>: CareTeam.extension('http://hl7.org/fhir/ig/vhdir/StructureDefinition/location-reference')</p></div>
  </text>
  <url value="http://hl7.org/fhir/ig/vhdir/SearchParameter/searchparameter-location"/>
  <version value="0.0.0"/>
  <name value="VHDir Location Search Parameter"/>
  <status value="draft"/>
  <date value="2018-05-23"/>
  <publisher value="HL7 Patient Administration Committee"/>
  <contact>
    <telecom>
      <system value="url"/>
      <value value="http://www.hl7.org/Special/committees/pafm/index.cfm"/>
    </telecom>
  </contact>
  <description value="Select care teams operating at the specified location"/>
  <code value="location"/>
  <base value="CareTeam"/>
  <type value="reference"/>
  <expression value="CareTeam.extension(&#39;http://hl7.org/fhir/ig/vhdir/StructureDefinition/location-reference&#39;)"/>
</SearchParameter>