<?xml version="1.0" encoding="UTF-8"?>

<ValueSet xmlns="http://hl7.org/fhir">
  <id value="us-core-condition-category"/>
  <text>
    <status value="generated"/><div xmlns="http://www.w3.org/1999/xhtml"><h2>US Core Condition Category Codes</h2><div><p>The US core Condition Category Codes support the separate concepts of problems and health concerns in Condition.category in order for API consumers to be able to separate health concerns and problems. However this is not mandatory for 2015 certification</p>
</div><p>This value set includes codes from the following code systems:</p><ul><li>Include all codes defined in <a href="http://hl7.org/fhir/STU3/codesystem-condition-category.html"><code>http://hl7.org/fhir/condition-category</code></a></li><li>Include these codes as defined in <a href="CodeSystem-condition-category.html"><code>http://hl7.org/fhir/us/core/CodeSystem/condition-category</code></a><table class="none"><tr><td style="white-space:nowrap"><b>Code</b></td><td><b>Display</b></td></tr><tr><td><a href="CodeSystem-condition-category.html#condition-category-health-concern">health-concern</a></td><td>Health Concern</td><td>Additional health concerns from other stakeholders which are outside the provider’s problem list.</td></tr></table></li></ul></div>
  </text>
  <url value="http://hl7.org/fhir/us/core/ValueSet/us-core-condition-category"/>
  <version value="1.1.0"/>
  <name value="US Core Condition Category Codes"/>
  <status value="draft"/>
  <date value="2016-08-10T00:00:00-07:00"/>
  <publisher value="HL7 US Realm Steering Committee"/>
  <description value="The&#xA0;US core Condition Category Codes&#xA0;support the separate concepts of problems and health concerns in&#xA0;Condition.category&#xA0;in order for API consumers to be able to separate health concerns and problems. However this is not mandatory for 2015 certification"/>
  <jurisdiction>
    <coding>
      <system value="urn:iso:std:iso:3166"/>
      <code value="US"/>
    </coding>
  </jurisdiction>
  <purpose value="So API consumers can separate health concerns and problems."/>
  <compose>
    <include>
      <system value="http://hl7.org/fhir/condition-category"/>
    </include>
    <include>
      <system value="http://hl7.org/fhir/us/core/CodeSystem/condition-category"/>
      <concept>
        <code value="health-concern"/>
        <display value="Health Concern"/>
      </concept>
    </include>
  </compose>
</ValueSet>