<?xml version="1.0" encoding="UTF-8"?>

<ValueSet xmlns="http://hl7.org/fhir">
  <id value="valueset-digitalcertificatestandard"/>
  <text>
    <status value="generated"/><div xmlns="http://www.w3.org/1999/xhtml"><h2>VhDir Digital Certificate Standard Value Set</h2><div><p>This value set includes a list of standards defining digital certificates.</p>
</div><p>This value set includes codes from the following code systems:</p><ul><li>Include these codes as defined in <a href="CodeSystem-codesystem-digitalcertificate.html"><code>http://hl7.org/fhir/ig/vhdir/CodeSystem/codesystem-digitalcertificate</code></a><table class="none"><tr><td style="white-space:nowrap"><b>Code</b></td><td><b>Display</b></td></tr><tr><td><a href="CodeSystem-codesystem-digitalcertificate.html#codesystem-digitalcertificate-x.46509v3">x.509v3</a></td><td>x.509v3</td><td>A standard published by the International Telecommunication Union’s Telecommunication Standardization Sector (ITU-T) that defines a framework for public-key certificates, including specification of data objects used to represent the certificates themselves.</td></tr></table></li></ul></div>
  </text>
  <url value="http://hl7.org/fhir/ig/vhdir/ValueSet/valueset-digitalcertificatestandard"/>
  <version value="0.2.0"/>
  <name value="VhDir Digital Certificate Standard Value Set"/>
  <title value="VhDir Digital Certificate Standard Value Set"/>
  <status value="active"/>
  <date value="2018-02-21"/>
  <publisher value="HL7 - TBD"/>
  <contact>
    <telecom>
      <system value="other"/>
      <value value="http://hl7.org/fhir"/>
    </telecom>
  </contact>
  <description value="This value set includes a list of standards defining digital certificates."/>
  <compose>
    <include>
      <system value="http://hl7.org/fhir/ig/vhdir/CodeSystem/codesystem-digitalcertificate"/>
      <concept>
        <code value="x.509v3"/>
      </concept>
    </include>
  </compose>
</ValueSet>