<?xml version="1.0" encoding="UTF-8"?>

<ValueSet xmlns="http://hl7.org/fhir">
  <id value="valueset-externalvalidationtype"/>
  <text>
    <status value="generated"/><div xmlns="http://www.w3.org/1999/xhtml"><h2>VhDir External Validation Type Value Set</h2><div><p>Attested information varies in the means by which it is validated. For example information some information may be validated by a single external source. Other information such as participation in a network or another relationship may require mulitple sources. Some cannot, and will be validated. This value set defines a set of codes describing the means of validation.</p>
</div><p>This value set includes codes from the following code systems:</p><ul><li>Include these codes as defined in <a href="CodeSystem-codesystem-validation.html"><code>http://hl7.org/fhir/ig/vhdir/CodeSystem/codesystem-validation</code></a><table class="none"><tr><td style="white-space:nowrap"><b>Code</b></td><td><b>Display</b></td></tr><tr><td><a href="CodeSystem-codesystem-validation.html#codesystem-validation-none">none</a></td><td>none</td><td>No validation needed/planned for this resource or element.</td></tr><tr><td><a href="CodeSystem-codesystem-validation.html#codesystem-validation-primarysource">primarysource</a></td><td>Primary source</td><td>Indicates the element or resource is validated against a single source.</td></tr><tr><td><a href="CodeSystem-codesystem-validation.html#codesystem-validation-multisource">multisource</a></td><td>Multi-source</td><td>Indicates the element or resource may require validation against multiple sources, e.g. a practitioner participating in an insurance network.</td></tr></table></li></ul></div>
  </text>
  <url value="http://hl7.org/fhir/ig/vhdir/ValueSet/valueset-externalvalidationtype"/>
  <version value="0.2.0"/>
  <name value="VhDir External Validation Type Value Set"/>
  <title value="VhDir External Validation Type Value Set"/>
  <status value="active"/>
  <date value="2018-02-21"/>
  <publisher value="HL7 - TBD"/>
  <contact>
    <telecom>
      <system value="other"/>
      <value value="http://hl7.org/fhir"/>
    </telecom>
  </contact>
  <description value="Attested information varies in the means by which it is validated. For example information some information may be validated by a single external source. Other information such as participation in a network or another relationship may require mulitple sources. Some cannot, and will be validated. This value set defines a set of codes describing the means of validation."/>
  <compose>
    <include>
      <system value="http://hl7.org/fhir/ig/vhdir/CodeSystem/codesystem-validation"/>
      <concept>
        <code value="none"/>
      </concept>
      <concept>
        <code value="primarysource"/>
      </concept>
      <concept>
        <code value="multisource"/>
      </concept>
    </include>
  </compose>
</ValueSet>