<?xml version="1.0" encoding="UTF-8"?>

<ValueSet xmlns="http://hl7.org/fhir">
  <id value="us-core-substance-sct"/>
  <text>
    <status value="generated"/><div xmlns="http://www.w3.org/1999/xhtml"><h2>US Core SNOMED CT Substances Other Than Clinical Drugs</h2><div><p>SNOMED CT concepts from SCTID 716186003 No Known allergy (situation) and substance concepts Other Than Clinical Drug Substances that are not represented by RXNORM  drug concepts or FDA UNII substance concepts. This value set is meant to be quite broad and includes many substances that may never be prescribed or be a reactant. It does not remove all overlap with RXNORM and UNII; for those concepts, the alternative code system should be chosen.</p>
</div><p><b>Copyright Statement:</b> This value set includes content from SNOMED CT, which is copyright © 2002+ International Health Terminology Standards Development Organisation (IHTSDO), and distributed by agreement between IHTSDO and HL7. Implementer use of SNOMED CT is not covered by this agreement.</p><p>This value set includes codes from the following code systems:</p><ul><li>Include codes from <a href="http://www.snomed.org/"><code>http://snomed.info/sct</code></a> where concept  is-a  716186003</li><li>Include codes from <a href="http://www.snomed.org/"><code>http://snomed.info/sct</code></a> where concept  is-a  105590001</li><li>Exclude codes from <a href="http://www.snomed.org/"><code>http://snomed.info/sct</code></a> where concept  is-a  410942007</li><li>Exclude codes from <a href="http://www.snomed.org/"><code>http://snomed.info/sct</code></a> where concept  is-a  438951008</li><li>Exclude codes from <a href="http://www.snomed.org/"><code>http://snomed.info/sct</code></a> where concept  is-a  312412007</li><li>Exclude codes from <a href="http://www.snomed.org/"><code>http://snomed.info/sct</code></a> where concept  is-a  312413002</li><li>Exclude codes from <a href="http://www.snomed.org/"><code>http://snomed.info/sct</code></a> where concept  is-a  312417001</li></ul></div>
  </text>
  <url value="http://hl7.org/fhir/us/core/ValueSet/us-core-substance-sct"/>
  <version value="1.1.0"/>
  <name value="US Core SNOMED CT Substances Other Than Clinical Drugs"/>
  <status value="draft"/>
  <date value="2016-12-02T00:00:00-08:00"/>
  <publisher value="HL7 US Realm Steering Committee"/>
  <contact>
    <telecom>
      <system value="other"/>
      <value value="http://hl7.org/fhir"/>
    </telecom>
  </contact>
  <description value="SNOMED CT concepts from SCTID 716186003 No Known allergy (situation) and substance concepts Other Than Clinical Drug Substances that are not represented by RXNORM  drug concepts or FDA UNII substance concepts. This value set is meant to be quite broad and includes many substances that may never be prescribed or be a reactant. It does not remove all overlap with RXNORM and UNII; for those concepts, the alternative code system should be chosen."/>
  <jurisdiction>
    <coding>
      <system value="urn:iso:std:iso:3166"/>
      <code value="US"/>
    </coding>
  </jurisdiction>
  <copyright value="This value set includes content from SNOMED CT, which is copyright &#xA9; 2002+ International Health Terminology Standards Development Organisation (IHTSDO), and distributed by agreement between IHTSDO and HL7. Implementer use of SNOMED CT is not covered by this agreement."/>
  <compose>
    <include>
      <system value="http://snomed.info/sct"/>
      <filter>
        <property value="concept"/>
        <op value="is-a"/>
        <value value="716186003"/>
      </filter>
    </include>
    <include>
      <system value="http://snomed.info/sct"/>
      <filter>
        <property value="concept"/>
        <op value="is-a"/>
        <value value="105590001"/>
      </filter>
    </include>
    <exclude>
      <system value="http://snomed.info/sct"/>
      <filter>
        <property value="concept"/>
        <op value="is-a"/>
        <value value="410942007"/>
      </filter>
    </exclude>
    <exclude>
      <system value="http://snomed.info/sct"/>
      <filter>
        <property value="concept"/>
        <op value="is-a"/>
        <value value="438951008"/>
      </filter>
    </exclude>
    <exclude>
      <system value="http://snomed.info/sct"/>
      <filter>
        <property value="concept"/>
        <op value="is-a"/>
        <value value="312412007"/>
      </filter>
    </exclude>
    <exclude>
      <system value="http://snomed.info/sct"/>
      <filter>
        <property value="concept"/>
        <op value="is-a"/>
        <value value="312413002"/>
      </filter>
    </exclude>
    <exclude>
      <system value="http://snomed.info/sct"/>
      <filter>
        <property value="concept"/>
        <op value="is-a"/>
        <value value="312417001"/>
      </filter>
    </exclude>
  </compose>
</ValueSet>