<?xml version="1.0" encoding="UTF-8"?>

<ValueSet xmlns="http://hl7.org/fhir">
  <id value="omb-race-category"/>
  <text>
    <status value="generated"/><div xmlns="http://www.w3.org/1999/xhtml"><h2>OMB Race Categories</h2><div><p>The codes for the concepts 'Unknown' and  'Asked but no answer' and the the codes for the five race categories - 'American Indian' or 'Alaska Native', 'Asian', 'Black or African American', 'Native Hawaiian or Other Pacific Islander', and 'White' - as defined by the <a href="https://www.whitehouse.gov/omb/fedreg_1997standards">OMB Standards for Maintaining, Collecting, and Presenting Federal Data on Race and Ethnicity, Statistical Policy Directive No. 15, as revised, October 30, 1997</a> .</p>
</div><p>This value set includes codes from the following code systems:</p><ul><li>Include these codes as defined in <a href="CodeSystem-cdcrec.html"><code>urn:oid:2.16.840.1.113883.6.238</code></a><table class="none"><tr><td style="white-space:nowrap"><b>Code</b></td><td><b>Display</b></td></tr><tr><td><a href="CodeSystem-cdcrec.html#cdcrec-1002-5">1002-5</a></td><td>American Indian or Alaska Native</td><td>American Indian or Alaska Native</td></tr><tr><td><a href="CodeSystem-cdcrec.html#cdcrec-2028-9">2028-9</a></td><td>Asian</td><td>Asian</td></tr><tr><td><a href="CodeSystem-cdcrec.html#cdcrec-2054-5">2054-5</a></td><td>Black or African American</td><td>Black or African American</td></tr><tr><td><a href="CodeSystem-cdcrec.html#cdcrec-2076-8">2076-8</a></td><td>Native Hawaiian or Other Pacific Islander</td><td>Native Hawaiian or Other Pacific Islander</td></tr><tr><td><a href="CodeSystem-cdcrec.html#cdcrec-2106-3">2106-3</a></td><td>White</td><td>White</td></tr></table></li><li>Include these codes as defined in <a href="http://hl7.org/fhir/STU3/v3/NullFlavor/cs.html"><code>http://hl7.org/fhir/v3/NullFlavor</code></a><table class="none"><tr><td style="white-space:nowrap"><b>Code</b></td><td><b>Display</b></td></tr><tr><td><a href="http://hl7.org/fhir/STU3/v3/NullFlavor/cs.html#v3-NullFlavor-UNK">UNK</a></td><td>Unknown</td><td>Description:A proper value is applicable, but not known.<br/>
                        
                           Usage Notes: This means the actual value is not known.  If the only thing that is unknown is how to properly express the value in the necessary constraints (value set, datatype, etc.), then the OTH or UNC flavor should be used.  No properties should be included for a datatype with this property unless:<br/>
                        
                           Those properties themselves directly translate to a semantic of &quot;unknown&quot;.  (E.g. a local code sent as a translation that conveys 'unknown')
                           Those properties further qualify the nature of what is unknown.  (E.g. specifying a use code of &quot;H&quot; and a URL prefix of &quot;tel:&quot; to convey that it is the home phone number that is unknown.)</td></tr><tr><td><a href="http://hl7.org/fhir/STU3/v3/NullFlavor/cs.html#v3-NullFlavor-ASKU">ASKU</a></td><td>Asked but no answer</td><td>Information was sought but not found (e.g., patient was asked but didn't know)</td></tr></table></li></ul></div>
  </text>
  <url value="http://hl7.org/fhir/us/core/ValueSet/omb-race-category"/>
  <identifier>
    <system value="urn:ietf:rfc:3986"/>
    <value value="urn:oid:2.16.840.1.113883.4.642.2.575"/>
  </identifier>
  <version value="1.1.0"/>
  <name value="OMB Race Categories"/>
  <status value="active"/>
  <date value="2016-05-24T23:59:08-07:00"/>
  <publisher value="HL7 US Realm Steering Committee"/>
  <contact>
    <telecom>
      <system value="other"/>
      <value value="http://hl7.org/fhir"/>
    </telecom>
  </contact>
  <contact>
    <telecom>
      <system value="other"/>
      <value value="http://wiki.siframework.org/Data+Access+Framework+Homepage"/>
    </telecom>
  </contact>
  <description value="The codes for the concepts &#39;Unknown&#39; and  &#39;Asked but no answer&#39; and the the codes for the five race categories - &#39;American Indian&#39; or &#39;Alaska Native&#39;, &#39;Asian&#39;, &#39;Black or African American&#39;, &#39;Native Hawaiian or Other Pacific Islander&#39;, and &#39;White&#39; - as defined by the [OMB Standards for Maintaining, Collecting, and Presenting Federal Data on Race and Ethnicity, Statistical Policy Directive No. 15, as revised, October 30, 1997](https://www.whitehouse.gov/omb/fedreg_1997standards) ."/>
  <jurisdiction>
    <coding>
      <system value="urn:iso:std:iso:3166"/>
      <code value="US"/>
    </coding>
  </jurisdiction>
  <compose>
    <include>
      <system value="urn:oid:2.16.840.1.113883.6.238"/>
      <concept>
        <code value="1002-5"/>
        <display value="American Indian or Alaska Native"/>
      </concept>
      <concept>
        <code value="2028-9"/>
        <display value="Asian"/>
      </concept>
      <concept>
        <code value="2054-5"/>
        <display value="Black or African American"/>
      </concept>
      <concept>
        <code value="2076-8"/>
        <display value="Native Hawaiian or Other Pacific Islander"/>
      </concept>
      <concept>
        <code value="2106-3"/>
        <display value="White"/>
      </concept>
    </include>
    <include>
      <system value="http://hl7.org/fhir/v3/NullFlavor"/>
      <concept>
        <code value="UNK"/>
        <display value="Unknown"/>
      </concept>
      <concept>
        <code value="ASKU"/>
        <display value="Asked but no answer"/>
      </concept>
    </include>
  </compose>
</ValueSet>