<?xml version="1.0" encoding="UTF-8"?>

<ValueSet xmlns="http://hl7.org/fhir">
  <id value="valueset-coverage-type"/>
  <text>
    <status value="generated"/><div xmlns="http://www.w3.org/1999/xhtml"><h2>VhDir Coverage Type</h2><div><p>This value set defines a set of codes that indicate the type of coverage of a plan.</p>
</div><p>This value set includes codes from the following code systems:</p><ul><li>Include these codes as defined in <a href="CodeSystem-codesystem-payercharacteristics.html"><code>http://hl7.org/fhir/ig/vhdir/CodeSystem/codesystem-payercharacteristics</code></a><table class="none"><tr><td style="white-space:nowrap"><b>Code</b></td><td><b>Display</b></td></tr><tr><td><a href="CodeSystem-codesystem-payercharacteristics.html#codesystem-payercharacteristics-medical">medical</a></td><td>Medical</td><td>Type of insurance plan that covers medical services.</td></tr><tr><td><a href="CodeSystem-codesystem-payercharacteristics.html#codesystem-payercharacteristics-dental">dental</a></td><td>Dental</td><td>Type of insurance plan that covers dental services.</td></tr><tr><td><a href="CodeSystem-codesystem-payercharacteristics.html#codesystem-payercharacteristics-mentHlth">mentHlth</a></td><td>Mental Health</td><td>Mental health insurance coverage.</td></tr><tr><td><a href="CodeSystem-codesystem-payercharacteristics.html#codesystem-payercharacteristics-substanceabuse">substanceabuse</a></td><td>Substance Abuse</td><td>Type of insurance plan that covers substance abuse services.</td></tr><tr><td><a href="CodeSystem-codesystem-payercharacteristics.html#codesystem-payercharacteristics-vision">vision</a></td><td>Vision</td><td>Type of insurance plan that covers vision services.</td></tr><tr><td><a href="CodeSystem-codesystem-payercharacteristics.html#codesystem-payercharacteristics-drug">drug</a></td><td>Drug</td><td>Type of insurance plan that covers prescription drugs.</td></tr><tr><td><a href="CodeSystem-codesystem-payercharacteristics.html#codesystem-payercharacteristics-stc">stc</a></td><td>Short Term Care</td><td>Type of insurance plan that covers short term care.</td></tr><tr><td><a href="CodeSystem-codesystem-payercharacteristics.html#codesystem-payercharacteristics-ltc">ltc</a></td><td>Long Term Care</td><td>Type of insurance plan that covers long term care.</td></tr><tr><td><a href="CodeSystem-codesystem-payercharacteristics.html#codesystem-payercharacteristics-hospice">hospice</a></td><td>Hospice</td><td>Type of insurance plan that covers hospice services.</td></tr><tr><td><a href="CodeSystem-codesystem-payercharacteristics.html#codesystem-payercharacteristics-homehealth">homehealth</a></td><td>Home Health</td><td>Type of insurance plan that covers home health services.</td></tr><tr><td><a href="CodeSystem-codesystem-payercharacteristics.html#codesystem-payercharacteristics-dmepos">dmepos</a></td><td>DMEPOS</td><td>Durable Medical Equipment, Prosthetics/Orthotics and Supplies.</td></tr><tr><td><a href="CodeSystem-codesystem-payercharacteristics.html#codesystem-payercharacteristics-imagingadv">imagingadv</a></td><td>Advanced Imaging (CT/PET Scans, MRIs)</td><td>Advances imaging techniques services (CT/PET Scans, MRIs) coverage.</td></tr><tr><td><a href="CodeSystem-codesystem-payercharacteristics.html#codesystem-payercharacteristics-prev">prev</a></td><td>Preventive Care/Screening/Immunization</td><td>Preventive Care/Screening/Immunization.</td></tr><tr><td><a href="CodeSystem-codesystem-payercharacteristics.html#codesystem-payercharacteristics-rehab">rehab</a></td><td>Rehabilitation</td><td>Rehabilitation.</td></tr></table></li></ul></div>
  </text>
  <url value="http://hl7.org/fhir/ig/vhdir/ValueSet/valueset-coverage-type"/>
  <version value="0.2.0"/>
  <name value="VhDir Coverage Type"/>
  <title value="VhDir Coverage Type"/>
  <status value="active"/>
  <date value="2018-02-21"/>
  <publisher value="HL7 - TBD"/>
  <contact>
    <telecom>
      <system value="other"/>
      <value value="http://hl7.org/fhir"/>
    </telecom>
  </contact>
  <description value="This value set defines a set of codes that indicate the type of coverage of a plan."/>
  <compose>
    <include>
      <system value="http://hl7.org/fhir/ig/vhdir/CodeSystem/codesystem-payercharacteristics"/>
      <concept>
        <code value="medical"/>
      </concept>
      <concept>
        <code value="dental"/>
      </concept>
      <concept>
        <code value="mentHlth"/>
      </concept>
      <concept>
        <code value="substanceabuse"/>
      </concept>
      <concept>
        <code value="vision"/>
      </concept>
      <concept>
        <code value="drug"/>
      </concept>
      <concept>
        <code value="stc"/>
      </concept>
      <concept>
        <code value="ltc"/>
      </concept>
      <concept>
        <code value="hospice"/>
      </concept>
      <concept>
        <code value="homehealth"/>
      </concept>
      <concept>
        <code value="dmepos"/>
      </concept>
      <concept>
        <code value="imagingadv"/>
      </concept>
      <concept>
        <code value="prev"/>
      </concept>
      <concept>
        <code value="rehab"/>
      </concept>
    </include>
  </compose>
</ValueSet>