<?xml version="1.0" encoding="UTF-8"?>

<ValueSet xmlns="http://hl7.org/fhir">
  <id value="valueset-productplan-type"/>
  <text>
    <status value="generated"/><div xmlns="http://www.w3.org/1999/xhtml"><h2>VhDir Product Plan Type</h2><div><p>This value set defines a set of codes that indicate the type of a product plan.</p>
</div><p>This value set includes codes from the following code systems:</p><ul><li>Include these codes as defined in <code>http://hl7.org/fhir/ig/vhdir/CodeSystem/codesystem-payorcharacteristics</code><table class="none"><tr><td style="white-space:nowrap"><b>Code</b></td><td><b>Display</b></td></tr><tr><td>medical</td><td/><td/></tr><tr><td>dental</td><td/><td/></tr><tr><td>menthlth</td><td/><td/></tr><tr><td>substanceabuse</td><td/><td/></tr><tr><td>vision</td><td/><td/></tr><tr><td>drug</td><td/><td/></tr><tr><td>stc</td><td/><td/></tr><tr><td>ltc</td><td/><td/></tr><tr><td>hospice</td><td/><td/></tr><tr><td>homehealth</td><td/><td/></tr></table></li></ul></div>
  </text>
  <url value="http://hl7.org/fhir/ig/vhdir/ValueSet/valueset-productplan-type"/>
  <version value="0.2.0"/>
  <name value="VhDir Product Plan Type"/>
  <title value="VhDir Product Plan Type"/>
  <status value="active"/>
  <date value="2018-02-21"/>
  <publisher value="HL7 - TBD"/>
  <contact>
    <telecom>
      <system value="other"/>
      <value value="http://hl7.org/fhir"/>
    </telecom>
  </contact>
  <description value="This value set defines a set of codes that indicate the type of a product plan."/>
  <compose>
    <include>
      <system value="http://hl7.org/fhir/ig/vhdir/CodeSystem/codesystem-payorcharacteristics"/>
      <concept>
        <code value="medical"/>
      </concept>
      <concept>
        <code value="dental"/>
      </concept>
      <concept>
        <code value="menthlth"/>
      </concept>
      <concept>
        <code value="substanceabuse"/>
      </concept>
      <concept>
        <code value="vision"/>
      </concept>
      <concept>
        <code value="drug"/>
      </concept>
      <concept>
        <code value="stc"/>
      </concept>
      <concept>
        <code value="ltc"/>
      </concept>
      <concept>
        <code value="hospice"/>
      </concept>
      <concept>
        <code value="homehealth"/>
      </concept>
    </include>
  </compose>
</ValueSet>