<?xml version="1.0" encoding="UTF-8"?>

<ValueSet xmlns="http://hl7.org/fhir">
  <id value="us-core-substance-ndfrt"/>
  <meta>
    <lastUpdated value="2016-05-24T23:59:08.250-07:00"/>
  </meta>
  <text>
    <status value="generated"/><div xmlns="http://www.w3.org/1999/xhtml"><h2>US Core Substance ND-FRT codes</h2><div><p>All ND-FRT NUIs for concepts that are subsumed by 'Mechanism of Action - N0000000223', 'Physiologic Effect - N0000009802' or 'Chemical Structure - N0000000002'.</p>
</div><p>This value set includes codes from the following code systems:</p><ul><li>Include codes from <code>http://hl7.org/fhir/ndfrt</code> where concept  is-a  N0000000223</li><li>Include codes from <code>http://hl7.org/fhir/ndfrt</code> where concept  is-a  N0000009802</li><li>Include codes from <code>http://hl7.org/fhir/ndfrt</code> where concept  is-a  N0000000002</li></ul></div>
  </text>
  <url value="http://hl7.org/fhir/us/core/ValueSet/us-core-substance-ndfrt"/>
  <identifier>
    <system value="urn:ietf:rfc:3986"/>
    <value value="urn:oid:2.16.840.1.113883.3.88.12.80.18"/>
  </identifier>
  <version value="1.1.0"/>
  <name value="US Core Substance ND-FRT codes"/>
  <status value="draft"/>
  <date value="2018-10-18T21:01:01-07:00"/>
  <publisher value="HL7 US Realm Steering Committee"/>
  <contact>
    <telecom>
      <system value="other"/>
      <value value="http://hl7.org/fhir"/>
    </telecom>
  </contact>
  <description value="All ND-FRT NUIs for concepts that are subsumed by &#39;Mechanism of Action - N0000000223&#39;, &#39;Physiologic Effect - N0000009802&#39; or &#39;Chemical Structure - N0000000002&#39;."/>
  <jurisdiction>
    <coding>
      <system value="urn:iso:std:iso:3166"/>
      <code value="US"/>
    </coding>
  </jurisdiction>
  <compose>
    <include>
      <system value="http://hl7.org/fhir/ndfrt"/>
      <filter>
        <property value="concept"/>
        <op value="is-a"/>
        <value value="N0000000223"/>
      </filter>
    </include>
    <include>
      <system value="http://hl7.org/fhir/ndfrt"/>
      <filter>
        <property value="concept"/>
        <op value="is-a"/>
        <value value="N0000009802"/>
      </filter>
    </include>
    <include>
      <system value="http://hl7.org/fhir/ndfrt"/>
      <filter>
        <property value="concept"/>
        <op value="is-a"/>
        <value value="N0000000002"/>
      </filter>
    </include>
  </compose>
</ValueSet>