{"resourceType":"SearchParameter","id":"searchparameter-coverage-area","text":{"status":"generated","div":"<div xmlns=\"http://www.w3.org/1999/xhtml\"><p><b>Generated Narrative with Details</b></p><p><b>url</b>: <a href=\"http://hl7.org/fhir/ig/vhdir/SearchParameter/searchparameter-coverage-area\">http://hl7.org/fhir/ig/vhdir/SearchParameter/searchparameter-coverage-area</a></p><p><b>version</b>: 0.0.0</p><p><b>name</b>: VHDir Coverage Area Search Parameter</p><p><b>status</b>: DRAFT</p><p><b>date</b>: May 23, 2018</p><p><b>publisher</b>: HL7 Patient Administration Committee</p><p><b>contact</b>: </p><p><b>description</b>: Select organizations (networks) that operate in the specified location</p><p><b>url</b>: <a href=\"http://hl7.org/fhir/ig/vhdir/SearchParameter/searchparameter-coverage-area\">http://hl7.org/fhir/ig/vhdir/SearchParameter/searchparameter-coverage-area</a></p><p><b>version</b>: 0.0.0</p><p><b>name</b>: VHDir Coverage Area Search Parameter</p><p><b>status</b>: DRAFT</p><p><b>date</b>: May 23, 2018</p><p><b>publisher</b>: HL7 Patient Administration Committee</p><p><b>contact</b>: </p><p><b>description</b>: Select organizations (networks) that operate in the specified location</p><p><b>code</b>: coverage-area</p><p><b>base</b>: Organization</p><p><b>type</b>: REFERENCE</p><p><b>expression</b>: Organization.extension('http://hl7.org/fhir/ig/vhdir/StructureDefinition/location-reference')</p></div>"},"url":"http://hl7.org/fhir/ig/vhdir/SearchParameter/searchparameter-coverage-area","version":"0.0.0","name":"VHDir Coverage Area Search Parameter","status":"draft","date":"2018-05-23","publisher":"HL7 Patient Administration Committee","contact":[{"telecom":[{"system":"url","value":"http://www.hl7.org/Special/committees/pafm/index.cfm"}]}],"description":"Select organizations (networks) that operate in the specified location","code":"coverage-area","base":["Organization"],"type":"reference","expression":"Organization.extension('http://hl7.org/fhir/ig/vhdir/StructureDefinition/location-reference')"}