{"resourceType":"SearchParameter","id":"searchparameter-plan-identifier","text":{"status":"generated","div":"<div xmlns=\"http://www.w3.org/1999/xhtml\"><p><b>Generated Narrative with Details</b></p><p><b>url</b>: <a href=\"http://hl7.org/fhir/ig/vhdir/SearchParameter/searchparameter-plan-identifier\">http://hl7.org/fhir/ig/vhdir/SearchParameter/searchparameter-plan-identifier</a></p><p><b>version</b>: 0.0.0</p><p><b>name</b>: VHDir Plan Identifier Search Parameter</p><p><b>status</b>: DRAFT</p><p><b>date</b>: May 23, 2018</p><p><b>publisher</b>: HL7 Patient Administration Committee</p><p><b>contact</b>: </p><p><b>description</b>: ****TODO****</p><p><b>url</b>: <a href=\"http://hl7.org/fhir/ig/vhdir/SearchParameter/searchparameter-plan-identifier\">http://hl7.org/fhir/ig/vhdir/SearchParameter/searchparameter-plan-identifier</a></p><p><b>version</b>: 0.0.0</p><p><b>name</b>: VHDir Plan Identifier Search Parameter</p><p><b>status</b>: DRAFT</p><p><b>date</b>: May 23, 2018</p><p><b>publisher</b>: HL7 Patient Administration Committee</p><p><b>contact</b>: </p><p><b>description</b>: ****TODO****</p><p><b>code</b>: plan-identifier</p><p><b>base</b>: ProductPlan</p><p><b>type</b>: TOKEN</p><p><b>expression</b>: ProductPlan.plan.identifier</p></div>"},"url":"http://hl7.org/fhir/ig/vhdir/SearchParameter/searchparameter-plan-identifier","version":"0.0.0","name":"VHDir Plan Identifier Search Parameter","status":"draft","date":"2018-05-23","publisher":"HL7 Patient Administration Committee","contact":[{"telecom":[{"system":"url","value":"http://www.hl7.org/Special/committees/pafm/index.cfm"}]}],"description":"****TODO****","code":"plan-identifier","base":["ProductPlan"],"type":"token","expression":"ProductPlan.plan.identifier"}