{"resourceType":"SearchParameter","id":"searchparameter-note-author","text":{"status":"generated","div":"<div xmlns=\"http://www.w3.org/1999/xhtml\"><p><b>Generated Narrative with Details</b></p><p><b>url</b>: <a href=\"http://hl7.org/fhir/ig/vhdir/SearchParameter/searchparameter-note-author\">http://hl7.org/fhir/ig/vhdir/SearchParameter/searchparameter-note-author</a></p><p><b>version</b>: 0.0.0</p><p><b>name</b>: VHDir Note Author Search Parameter</p><p><b>status</b>: DRAFT</p><p><b>date</b>: May 23, 2018</p><p><b>publisher</b>: HL7 Patient Administration Committee</p><p><b>contact</b>: </p><p><b>description</b>: ****TODO****</p><p><b>url</b>: <a href=\"http://hl7.org/fhir/ig/vhdir/SearchParameter/searchparameter-note-author\">http://hl7.org/fhir/ig/vhdir/SearchParameter/searchparameter-note-author</a></p><p><b>version</b>: 0.0.0</p><p><b>name</b>: VHDir Note Author Search Parameter</p><p><b>status</b>: DRAFT</p><p><b>date</b>: May 23, 2018</p><p><b>publisher</b>: HL7 Patient Administration Committee</p><p><b>contact</b>: </p><p><b>description</b>: ****TODO****</p><p><b>code</b>: note-author</p><p><b>base</b>: CareTeam</p><p><b>type</b>: REFERENCE</p><p><b>expression</b>: ****TODO****</p></div>"},"url":"http://hl7.org/fhir/ig/vhdir/SearchParameter/searchparameter-note-author","version":"0.0.0","name":"VHDir Note Author Search Parameter","status":"draft","date":"2018-05-23","publisher":"HL7 Patient Administration Committee","contact":[{"telecom":[{"system":"url","value":"http://www.hl7.org/Special/committees/pafm/index.cfm"}]}],"description":"****TODO****","code":"note-author","base":["CareTeam"],"type":"reference","expression":"****TODO****"}