{"resourceType":"SearchParameter","id":"searchparameter-target-location","text":{"status":"generated","div":"<div xmlns=\"http://www.w3.org/1999/xhtml\"><p><b>Generated Narrative with Details</b></p><p><b>url</b>: <a href=\"http://hl7.org/fhir/ig/vhdir/SearchParameter/searchparameter-target-location\">http://hl7.org/fhir/ig/vhdir/SearchParameter/searchparameter-target-location</a></p><p><b>version</b>: 0.0.0</p><p><b>name</b>: VHDir Target Location Search Parameter</p><p><b>status</b>: DRAFT</p><p><b>date</b>: May 23, 2018</p><p><b>publisher</b>: HL7 Patient Administration Committee</p><p><b>contact</b>: </p><p><b>description</b>: Select validation information for the specified attribute of a resource</p><p><b>url</b>: <a href=\"http://hl7.org/fhir/ig/vhdir/SearchParameter/searchparameter-target-location\">http://hl7.org/fhir/ig/vhdir/SearchParameter/searchparameter-target-location</a></p><p><b>version</b>: 0.0.0</p><p><b>name</b>: VHDir Target Location Search Parameter</p><p><b>status</b>: DRAFT</p><p><b>date</b>: May 23, 2018</p><p><b>publisher</b>: HL7 Patient Administration Committee</p><p><b>contact</b>: </p><p><b>description</b>: Select validation information for the specified attribute of a resource</p><p><b>code</b>: target-location</p><p><b>base</b>: VerificationResult</p><p><b>type</b>: REFERENCE</p><p><b>expression</b>: VerificationResult.targetLocation</p></div>"},"url":"http://hl7.org/fhir/ig/vhdir/SearchParameter/searchparameter-target-location","version":"0.0.0","name":"VHDir Target Location Search Parameter","status":"draft","date":"2018-05-23","publisher":"HL7 Patient Administration Committee","contact":[{"telecom":[{"system":"url","value":"http://www.hl7.org/Special/committees/pafm/index.cfm"}]}],"description":"Select validation information for the specified attribute of a resource","code":"target-location","base":["VerificationResult"],"type":"reference","expression":"VerificationResult.targetLocation"}