{"resourceType":"SearchParameter","id":"searchparameter-endpoint","text":{"status":"generated","div":"<div xmlns=\"http://www.w3.org/1999/xhtml\"><p><b>Generated Narrative with Details</b></p><p><b>url</b>: <a href=\"http://hl7.org/fhir/ig/vhdir/SearchParameter/searchparameter-endpoint\">http://hl7.org/fhir/ig/vhdir/SearchParameter/searchparameter-endpoint</a></p><p><b>version</b>: 0.0.0</p><p><b>name</b>: VHDir Endpoint Search Parameter</p><p><b>status</b>: DRAFT</p><p><b>date</b>: May 23, 2018</p><p><b>publisher</b>: HL7 Patient Administration Committee</p><p><b>contact</b>: </p><p><b>description</b>: Select practitioners with the specified endpoint</p><p><b>url</b>: <a href=\"http://hl7.org/fhir/ig/vhdir/SearchParameter/searchparameter-endpoint\">http://hl7.org/fhir/ig/vhdir/SearchParameter/searchparameter-endpoint</a></p><p><b>version</b>: 0.0.0</p><p><b>name</b>: VHDir Endpoint Search Parameter</p><p><b>status</b>: DRAFT</p><p><b>date</b>: May 23, 2018</p><p><b>publisher</b>: HL7 Patient Administration Committee</p><p><b>contact</b>: </p><p><b>description</b>: Select practitioners with the specified endpoint</p><p><b>code</b>: endpoint</p><p><b>base</b>: Practitioner, CareTeam</p><p><b>type</b>: REFERENCE</p><p><b>expression</b>: Practitioner.extension('http://hl7.org/fhir/ig/vhdir/StructureDefinition/endpoint-reference')</p></div>"},"url":"http://hl7.org/fhir/ig/vhdir/SearchParameter/searchparameter-endpoint","version":"0.0.0","name":"VHDir Endpoint Search Parameter","status":"draft","date":"2018-05-23","publisher":"HL7 Patient Administration Committee","contact":[{"telecom":[{"system":"url","value":"http://www.hl7.org/Special/committees/pafm/index.cfm"}]}],"description":"Select practitioners with the specified endpoint","code":"endpoint","base":["Practitioner","CareTeam"],"type":"reference","expression":"Practitioner.extension('http://hl7.org/fhir/ig/vhdir/StructureDefinition/endpoint-reference')"}