{"resourceType":"SearchParameter","id":"searchparameter-primarysource-organization","text":{"status":"generated","div":"<div xmlns=\"http://www.w3.org/1999/xhtml\"><p><b>Generated Narrative with Details</b></p><p><b>url</b>: <a href=\"http://hl7.org/fhir/ig/vhdir/SearchParameter/searchparameter-primarysource-organization\">http://hl7.org/fhir/ig/vhdir/SearchParameter/searchparameter-primarysource-organization</a></p><p><b>version</b>: 0.0.0</p><p><b>name</b>: VHDir Primarysource Organization Search Parameter</p><p><b>status</b>: DRAFT</p><p><b>date</b>: May 23, 2018</p><p><b>publisher</b>: HL7 Patient Administration Committee</p><p><b>contact</b>: </p><p><b>description</b>: Select validation information for data that was validated against the specified primary source organization</p><p><b>url</b>: <a href=\"http://hl7.org/fhir/ig/vhdir/SearchParameter/searchparameter-primarysource-organization\">http://hl7.org/fhir/ig/vhdir/SearchParameter/searchparameter-primarysource-organization</a></p><p><b>version</b>: 0.0.0</p><p><b>name</b>: VHDir Primarysource Organization Search Parameter</p><p><b>status</b>: DRAFT</p><p><b>date</b>: May 23, 2018</p><p><b>publisher</b>: HL7 Patient Administration Committee</p><p><b>contact</b>: </p><p><b>description</b>: Select validation information for data that was validated against the specified primary source organization</p><p><b>code</b>: primarysource-organization</p><p><b>base</b>: VerificationResult</p><p><b>type</b>: REFERENCE</p><p><b>expression</b>: VerificationResult.primarySource.organization</p></div>"},"url":"http://hl7.org/fhir/ig/vhdir/SearchParameter/searchparameter-primarysource-organization","version":"0.0.0","name":"VHDir Primarysource Organization Search Parameter","status":"draft","date":"2018-05-23","publisher":"HL7 Patient Administration Committee","contact":[{"telecom":[{"system":"url","value":"http://www.hl7.org/Special/committees/pafm/index.cfm"}]}],"description":"Select validation information for data that was validated against the specified primary source organization","code":"primarysource-organization","base":["VerificationResult"],"type":"reference","expression":"VerificationResult.primarySource.organization"}