{"resourceType":"SearchParameter","id":"searchparameter-usecase-type","text":{"status":"generated","div":"<div xmlns=\"http://www.w3.org/1999/xhtml\"><p><b>Generated Narrative with Details</b></p><p><b>url</b>: <a href=\"http://hl7.org/fhir/ig/vhdir/SearchParameter/searchparameter-usecase-type\">http://hl7.org/fhir/ig/vhdir/SearchParameter/searchparameter-usecase-type</a></p><p><b>version</b>: 0.0.0</p><p><b>name</b>: VHDir Usecase Type Search Parameter</p><p><b>status</b>: DRAFT</p><p><b>date</b>: May 23, 2018</p><p><b>publisher</b>: HL7 Patient Administration Committee</p><p><b>contact</b>: </p><p><b>description</b>: Select endpoints that support the type of services indicated by the specified code</p><p><b>url</b>: <a href=\"http://hl7.org/fhir/ig/vhdir/SearchParameter/searchparameter-usecase-type\">http://hl7.org/fhir/ig/vhdir/SearchParameter/searchparameter-usecase-type</a></p><p><b>version</b>: 0.0.0</p><p><b>name</b>: VHDir Usecase Type Search Parameter</p><p><b>status</b>: DRAFT</p><p><b>date</b>: May 23, 2018</p><p><b>publisher</b>: HL7 Patient Administration Committee</p><p><b>contact</b>: </p><p><b>description</b>: Select endpoints that support the type of services indicated by the specified code</p><p><b>code</b>: usecase-type</p><p><b>base</b>: Endpoint</p><p><b>type</b>: TOKEN</p><p><b>expression</b>: Endpoint.extension('http://hl7.org/fhir/ig/vhdir/StructureDefinition/endpoint-usecase').extension('type')</p></div>"},"url":"http://hl7.org/fhir/ig/vhdir/SearchParameter/searchparameter-usecase-type","version":"0.0.0","name":"VHDir Usecase Type Search Parameter","status":"draft","date":"2018-05-23","publisher":"HL7 Patient Administration Committee","contact":[{"telecom":[{"system":"url","value":"http://www.hl7.org/Special/committees/pafm/index.cfm"}]}],"description":"Select endpoints that support the type of services indicated by the specified code","code":"usecase-type","base":["Endpoint"],"type":"token","expression":"Endpoint.extension('http://hl7.org/fhir/ig/vhdir/StructureDefinition/endpoint-usecase').extension('type')"}