{"resourceType":"ValueSet","id":"valueset-accessibility","text":{"status":"generated","div":"<div xmlns=\"http://www.w3.org/1999/xhtml\"><h2>VhDir Accessibility Value Set</h2><div><p>Codes for documenting general categories of accommodations available.</p>\n</div><p>This value set includes codes from the following code systems:</p><ul><li>Include all codes defined in <a href=\"CodeSystem-codesystem-accessibility.html\"><code>http://hl7.org/fhir/ig/vhdir/CodeSystem/codesystem-accessibility</code></a></li></ul></div>"},"url":"http://hl7.org/fhir/ig/vhdir/ValueSet/valueset-accessibility","version":"0.2.0","name":"VhDir Accessibility Value Set","title":"VhDir Accessibility Value Set","status":"active","date":"2018-02-21","publisher":"HL7 - TBD","contact":[{"telecom":[{"system":"other","value":"http://hl7.org/fhir"}]}],"description":"Codes for documenting general categories of accommodations available.","compose":{"include":[{"system":"http://hl7.org/fhir/ig/vhdir/CodeSystem/codesystem-accessibility"}]}}