{"resourceType":"ValueSet","id":"valueset-identifierstatus","text":{"status":"generated","div":"<div xmlns=\"http://www.w3.org/1999/xhtml\"><h2>VhDir Identifier Status Value Set</h2><div><p>Codes for documenting the status of an identifier.</p>\n</div><p>This value set includes codes from the following code systems:</p><ul><li>Include all codes defined in <a href=\"CodeSystem-codesystem-credentialstatus.html\"><code>http://hl7.org/fhir/ig/vhdir/CodeSystem/codesystem-credentialstatus</code></a></li></ul></div>"},"url":"http://hl7.org/fhir/ig/vhdir/ValueSet/valueset-identifierstatus","version":"0.2.0","name":"VhDir Identifier Status Value Set","title":"VhDir Identifier Status Value Set","status":"active","date":"2018-02-21","publisher":"HL7 - TBD","contact":[{"telecom":[{"system":"other","value":"http://hl7.org/fhir"}]}],"description":"Codes for documenting the status of an identifier.","compose":{"include":[{"system":"http://hl7.org/fhir/ig/vhdir/CodeSystem/codesystem-credentialstatus"}]}}