<?xml version="1.0" encoding="UTF-8"?><CodeSystem xmlns="http://hl7.org/fhir"><id value="codesystem-organizationdemographics"/><text><status value="generated"/><div xmlns="http://www.w3.org/1999/xhtml"><h2>VhDir Organization Demographics Code System</h2><div><p>This code system contains codes for documenting the attributes of an Organization.</p>
</div><p>This code system http://hl7.org/fhir/ig/vhdir/CodeSystem/codesystem-organizationdemographics defines the following codes:</p><table class="codes"><tr><td style="white-space:nowrap"><b>Code</b></td><td><b>Display</b></td><td><b>Definition</b></td></tr><tr><td style="white-space:nowrap">legalalternative<a name="codesystem-organizationdemographics-legalalternative"> </a></td><td>legal alternative</td><td>A pseudonym used by an organization to perform their business under a name that differs from the registered, legal name of the business, also known as a trade name, business name, or &#39;doing business as&#39; (d.b.a.).</td></tr><tr><td style="white-space:nowrap">historical<a name="codesystem-organizationdemographics-historical"> </a></td><td>Historical</td><td>Any previously used legal or trade names used by an organization since the creation of the business. Could include names used by independent organizations before a merger or other reorganization.</td></tr></table></div></text><url value="http://hl7.org/fhir/ig/vhdir/CodeSystem/codesystem-organizationdemographics"/><version value="0.2.0"/><name value="VhDir Organization Demographics Code System"/><title value="VhDir Organization Demographics Code System"/><status value="active"/><date value="2018-02-21"/><publisher value="HL7 - TBD"/><contact><telecom><system value="other"/><value value="http://hl7.org/fhir"/></telecom></contact><description value="This code system contains codes for documenting the attributes of an Organization."/><caseSensitive value="true"/><valueSet value="http://hl7.org/fhir/ig/vhdir/ValueSet/VhDir-organizationdemographicsAliasType"/><content value="complete"/><concept><code value="legalalternative"/><display value="legal alternative"/><definition value="A pseudonym used by an organization to perform their business under a name that differs from the registered, legal name of the business, also known as a trade name, business name, or &#39;doing business as&#39; (d.b.a.)."/></concept><concept><code value="historical"/><display value="Historical"/><definition value="Any previously used legal or trade names used by an organization since the creation of the business. Could include names used by independent organizations before a merger or other reorganization."/></concept></CodeSystem>