<?xml version="1.0" encoding="UTF-8"?><CodeSystem xmlns="http://hl7.org/fhir"><id value="codesystem-accessibility"/><text><status value="generated"/><div xmlns="http://www.w3.org/1999/xhtml"><h2>VhDir Accessibility Code System</h2><div><p>This code system contains codes for documenting the attributes of accessibility</p>
</div><p>This code system http://hl7.org/fhir/ig/vhdir/CodeSystem/codesystem-accessibility defines the following codes:</p><table class="codes"><tr><td style="white-space:nowrap"><b>Code</b></td><td><b>Display</b></td><td><b>Definition</b></td></tr><tr><td style="white-space:nowrap">cultcomp<a name="codesystem-accessibility-cultcomp"> </a></td><td>Cultural competence</td><td>Provides services that meet the social,cultural, and linguistic needs of persons.</td></tr><tr><td style="white-space:nowrap">handiaccess<a name="codesystem-accessibility-handiaccess"> </a></td><td>handicap accessible</td><td>Provides access to persons with disabilities.</td></tr><tr><td style="white-space:nowrap">adacomp<a name="codesystem-accessibility-adacomp"> </a></td><td>ADA compliant</td><td>Provides access which complies with the Americans with Disabilities Act and/or amendments.</td></tr><tr><td style="white-space:nowrap">pubtrans<a name="codesystem-accessibility-pubtrans"> </a></td><td>public transit options</td><td>Provides access using public transportation modes.</td></tr><tr><td style="white-space:nowrap">anssrvc<a name="codesystem-accessibility-anssrvc"> </a></td><td>answering service</td><td>Provides capability to communicate when intended recipient is not immediately available.</td></tr><tr><td style="white-space:nowrap">vision<a name="codesystem-accessibility-vision"> </a></td><td>vision</td><td>Provides services for visually impaired persons.</td></tr><tr><td style="white-space:nowrap">cognitive<a name="codesystem-accessibility-cognitive"> </a></td><td>cognitive</td><td>Provides services for cognitively impaired persons.</td></tr><tr><td style="white-space:nowrap">mobility<a name="codesystem-accessibility-mobility"> </a></td><td>mobility</td><td>Provides services for mobility impaired persons.</td></tr></table></div></text><url value="http://hl7.org/fhir/ig/vhdir/CodeSystem/codesystem-accessibility"/><version value="0.2.0"/><name value="VhDir Accessibility Code System"/><title value="VhDir Accessibility Code System"/><status value="active"/><date value="2018-02-21"/><publisher value="HL7 - TBD"/><contact><telecom><system value="other"/><value value="http://hl7.org/fhir"/></telecom></contact><description value="This code system contains codes for documenting the attributes of accessibility"/><caseSensitive value="true"/><valueSet value="http://hl7.org/fhir/ig/vhdir/ValueSet/valueset-accessibility"/><content value="complete"/><concept><code value="cultcomp"/><display value="Cultural competence"/><definition value="Provides services that meet the social,cultural, and linguistic needs of persons."/></concept><concept><code value="handiaccess"/><display value="handicap accessible"/><definition value="Provides access to persons with disabilities."/></concept><concept><code value="adacomp"/><display value="ADA compliant"/><definition value="Provides access which complies with the Americans with Disabilities Act and/or amendments."/></concept><concept><code value="pubtrans"/><display value="public transit options"/><definition value="Provides access using public transportation modes."/></concept><concept><code value="anssrvc"/><display value="answering service"/><definition value="Provides capability to communicate when intended recipient is not immediately available."/></concept><concept><code value="vision"/><display value="vision"/><definition value="Provides services for visually impaired persons."/></concept><concept><code value="cognitive"/><display value="cognitive"/><definition value="Provides services for cognitively impaired persons."/></concept><concept><code value="mobility"/><display value="mobility"/><definition value="Provides services for mobility impaired persons."/></concept></CodeSystem>