<?xml version="1.0" encoding="UTF-8"?><SearchParameter xmlns="http://hl7.org/fhir"><id value="searchparameter-primarysource-organization"/><text><status value="generated"/><div xmlns="http://www.w3.org/1999/xhtml"><p><b>Generated Narrative with Details</b></p><p><b>url</b>: <a href="http://hl7.org/fhir/ig/vhdir/SearchParameter/searchparameter-primarysource-organization">http://hl7.org/fhir/ig/vhdir/SearchParameter/searchparameter-primarysource-organization</a></p><p><b>version</b>: 0.0.0</p><p><b>name</b>: VHDir Primarysource Organization Search Parameter</p><p><b>status</b>: DRAFT</p><p><b>date</b>: May 23, 2018</p><p><b>publisher</b>: HL7 Patient Administration Committee</p><p><b>contact</b>: </p><p><b>description</b>: Select validation information for data that was validated against the specified primary source organization</p><p><b>url</b>: <a href="http://hl7.org/fhir/ig/vhdir/SearchParameter/searchparameter-primarysource-organization">http://hl7.org/fhir/ig/vhdir/SearchParameter/searchparameter-primarysource-organization</a></p><p><b>version</b>: 0.0.0</p><p><b>name</b>: VHDir Primarysource Organization Search Parameter</p><p><b>status</b>: DRAFT</p><p><b>date</b>: May 23, 2018</p><p><b>publisher</b>: HL7 Patient Administration Committee</p><p><b>contact</b>: </p><p><b>description</b>: Select validation information for data that was validated against the specified primary source organization</p><p><b>code</b>: primarysource-organization</p><p><b>base</b>: VerificationResult</p><p><b>type</b>: REFERENCE</p><p><b>expression</b>: VerificationResult.primarySource.organization</p></div></text><url value="http://hl7.org/fhir/ig/vhdir/SearchParameter/searchparameter-primarysource-organization"/><version value="0.0.0"/><name value="VHDir Primarysource Organization Search Parameter"/><status value="draft"/><date value="2018-05-23"/><publisher value="HL7 Patient Administration Committee"/><contact><telecom><system value="url"/><value value="http://www.hl7.org/Special/committees/pafm/index.cfm"/></telecom></contact><description value="Select validation information for data that was validated against the specified primary source organization"/><code value="primarysource-organization"/><base value="VerificationResult"/><type value="reference"/><expression value="VerificationResult.primarySource.organization"/></SearchParameter>