<?xml version="1.0" encoding="UTF-8"?><SearchParameter xmlns="http://hl7.org/fhir"><id value="searchparameter-usecase-standard"/><text><status value="generated"/><div xmlns="http://www.w3.org/1999/xhtml"><p><b>Generated Narrative with Details</b></p><p><b>url</b>: <a href="http://hl7.org/fhir/ig/vhdir/SearchParameter/searchparameter-usecase-standard">http://hl7.org/fhir/ig/vhdir/SearchParameter/searchparameter-usecase-standard</a></p><p><b>version</b>: 0.0.0</p><p><b>name</b>: VHDir Usecase Standard Search Parameter</p><p><b>status</b>: DRAFT</p><p><b>date</b>: May 23, 2018</p><p><b>publisher</b>: HL7 Patient Administration Committee</p><p><b>contact</b>: </p><p><b>description</b>: Select endpoints that support the specified standard</p><p><b>url</b>: <a href="http://hl7.org/fhir/ig/vhdir/SearchParameter/searchparameter-usecase-standard">http://hl7.org/fhir/ig/vhdir/SearchParameter/searchparameter-usecase-standard</a></p><p><b>version</b>: 0.0.0</p><p><b>name</b>: VHDir Usecase Standard Search Parameter</p><p><b>status</b>: DRAFT</p><p><b>date</b>: May 23, 2018</p><p><b>publisher</b>: HL7 Patient Administration Committee</p><p><b>contact</b>: </p><p><b>description</b>: Select endpoints that support the specified standard</p><p><b>code</b>: usecase-standard</p><p><b>base</b>: Endpoint</p><p><b>type</b>: REFERENCE</p><p><b>expression</b>: Endpoint.extension(&#39;http://hl7.org/fhir/ig/vhdir/StructureDefinition/endpoint-usecase&#39;).extension(&#39;standard&#39;)</p></div></text><url value="http://hl7.org/fhir/ig/vhdir/SearchParameter/searchparameter-usecase-standard"/><version value="0.0.0"/><name value="VHDir Usecase Standard Search Parameter"/><status value="draft"/><date value="2018-05-23"/><publisher value="HL7 Patient Administration Committee"/><contact><telecom><system value="url"/><value value="http://www.hl7.org/Special/committees/pafm/index.cfm"/></telecom></contact><description value="Select endpoints that support the specified standard"/><code value="usecase-standard"/><base value="Endpoint"/><type value="reference"/><expression value="Endpoint.extension(&#39;http://hl7.org/fhir/ig/vhdir/StructureDefinition/endpoint-usecase&#39;).extension(&#39;standard&#39;)"/></SearchParameter>