<?xml version="1.0" encoding="UTF-8"?><SearchParameter xmlns="http://hl7.org/fhir"><id value="searchparameter-coveragearea"/><text><status value="generated"/><div xmlns="http://www.w3.org/1999/xhtml"><p><b>Generated Narrative with Details</b></p><p><b>url</b>: <a href="http://hl7.org/fhir/ig/vhdir/SearchParameter/searchparameter-coveragearea">http://hl7.org/fhir/ig/vhdir/SearchParameter/searchparameter-coveragearea</a></p><p><b>version</b>: 0.0.0</p><p><b>name</b>: VHDir Coveragearea Search Parameter</p><p><b>status</b>: DRAFT</p><p><b>date</b>: May 23, 2018</p><p><b>publisher</b>: HL7 Patient Administration Committee</p><p><b>contact</b>: </p><p><b>description</b>: Select services offered in a region described by the specified location</p><p><b>url</b>: <a href="http://hl7.org/fhir/ig/vhdir/SearchParameter/searchparameter-coveragearea">http://hl7.org/fhir/ig/vhdir/SearchParameter/searchparameter-coveragearea</a></p><p><b>version</b>: 0.0.0</p><p><b>name</b>: VHDir Coveragearea Search Parameter</p><p><b>status</b>: DRAFT</p><p><b>date</b>: May 23, 2018</p><p><b>publisher</b>: HL7 Patient Administration Committee</p><p><b>contact</b>: </p><p><b>description</b>: Select services offered in a region described by the specified location</p><p><b>code</b>: coveragearea</p><p><b>base</b>: HealthcareService</p><p><b>type</b>: REFERENCE</p><p><b>expression</b>: HealthcareService.coverageArea</p></div></text><url value="http://hl7.org/fhir/ig/vhdir/SearchParameter/searchparameter-coveragearea"/><version value="0.0.0"/><name value="VHDir Coveragearea Search Parameter"/><status value="draft"/><date value="2018-05-23"/><publisher value="HL7 Patient Administration Committee"/><contact><telecom><system value="url"/><value value="http://www.hl7.org/Special/committees/pafm/index.cfm"/></telecom></contact><description value="Select services offered in a region described by the specified location"/><code value="coveragearea"/><base value="HealthcareService"/><type value="reference"/><expression value="HealthcareService.coverageArea"/></SearchParameter>