<?xml version="1.0" encoding="UTF-8"?><SearchParameter xmlns="http://hl7.org/fhir"><id value="searchparameter-coverage-limit-value"/><text><status value="generated"/><div xmlns="http://www.w3.org/1999/xhtml"><p><b>Generated Narrative with Details</b></p><p><b>url</b>: <a href="http://hl7.org/fhir/ig/vhdir/SearchParameter/searchparameter-coverage-limit-value">http://hl7.org/fhir/ig/vhdir/SearchParameter/searchparameter-coverage-limit-value</a></p><p><b>version</b>: 0.0.0</p><p><b>name</b>: VHDir Coverage Limit Value Search Parameter</p><p><b>status</b>: DRAFT</p><p><b>date</b>: May 23, 2018</p><p><b>publisher</b>: HL7 Patient Administration Committee</p><p><b>contact</b>: </p><p><b>description</b>: ****TODO****</p><p><b>url</b>: <a href="http://hl7.org/fhir/ig/vhdir/SearchParameter/searchparameter-coverage-limit-value">http://hl7.org/fhir/ig/vhdir/SearchParameter/searchparameter-coverage-limit-value</a></p><p><b>version</b>: 0.0.0</p><p><b>name</b>: VHDir Coverage Limit Value Search Parameter</p><p><b>status</b>: DRAFT</p><p><b>date</b>: May 23, 2018</p><p><b>publisher</b>: HL7 Patient Administration Committee</p><p><b>contact</b>: </p><p><b>description</b>: ****TODO****</p><p><b>code</b>: coverage-limit-value</p><p><b>base</b>: ProductPlan</p><p><b>type</b>: QUANTITY</p><p><b>expression</b>: ProductPlan.coverage.benefit.limits.limitValue</p></div></text><url value="http://hl7.org/fhir/ig/vhdir/SearchParameter/searchparameter-coverage-limit-value"/><version value="0.0.0"/><name value="VHDir Coverage Limit Value Search Parameter"/><status value="draft"/><date value="2018-05-23"/><publisher value="HL7 Patient Administration Committee"/><contact><telecom><system value="url"/><value value="http://www.hl7.org/Special/committees/pafm/index.cfm"/></telecom></contact><description value="****TODO****"/><code value="coverage-limit-value"/><base value="ProductPlan"/><type value="quantity"/><expression value="ProductPlan.coverage.benefit.limits.limitValue"/></SearchParameter>