<?xml version="1.0" encoding="UTF-8"?><SearchParameter xmlns="http://hl7.org/fhir"><id value="searchparameter-coverage-area"/><text><status value="generated"/><div xmlns="http://www.w3.org/1999/xhtml"><p><b>Generated Narrative with Details</b></p><p><b>url</b>: <a href="http://hl7.org/fhir/ig/vhdir/SearchParameter/searchparameter-coverage-area">http://hl7.org/fhir/ig/vhdir/SearchParameter/searchparameter-coverage-area</a></p><p><b>version</b>: 0.0.0</p><p><b>name</b>: VHDir Coverage Area Search Parameter</p><p><b>status</b>: DRAFT</p><p><b>date</b>: May 23, 2018</p><p><b>publisher</b>: HL7 Patient Administration Committee</p><p><b>contact</b>: </p><p><b>description</b>: Select organizations (networks) that operate in the specified location</p><p><b>url</b>: <a href="http://hl7.org/fhir/ig/vhdir/SearchParameter/searchparameter-coverage-area">http://hl7.org/fhir/ig/vhdir/SearchParameter/searchparameter-coverage-area</a></p><p><b>version</b>: 0.0.0</p><p><b>name</b>: VHDir Coverage Area Search Parameter</p><p><b>status</b>: DRAFT</p><p><b>date</b>: May 23, 2018</p><p><b>publisher</b>: HL7 Patient Administration Committee</p><p><b>contact</b>: </p><p><b>description</b>: Select organizations (networks) that operate in the specified location</p><p><b>code</b>: coverage-area</p><p><b>base</b>: Organization</p><p><b>type</b>: REFERENCE</p><p><b>expression</b>: Organization.extension(&#39;http://hl7.org/fhir/ig/vhdir/StructureDefinition/location-reference&#39;)</p></div></text><url value="http://hl7.org/fhir/ig/vhdir/SearchParameter/searchparameter-coverage-area"/><version value="0.0.0"/><name value="VHDir Coverage Area Search Parameter"/><status value="draft"/><date value="2018-05-23"/><publisher value="HL7 Patient Administration Committee"/><contact><telecom><system value="url"/><value value="http://www.hl7.org/Special/committees/pafm/index.cfm"/></telecom></contact><description value="Select organizations (networks) that operate in the specified location"/><code value="coverage-area"/><base value="Organization"/><type value="reference"/><expression value="Organization.extension(&#39;http://hl7.org/fhir/ig/vhdir/StructureDefinition/location-reference&#39;)"/></SearchParameter>