<?xml version="1.0" encoding="UTF-8"?><SearchParameter xmlns="http://hl7.org/fhir"><id value="searchparameter-alias"/><text><status value="generated"/><div xmlns="http://www.w3.org/1999/xhtml"><p><b>Generated Narrative with Details</b></p><p><b>url</b>: <a href="http://hl7.org/fhir/ig/vhdir/SearchParameter/searchparameter-alias">http://hl7.org/fhir/ig/vhdir/SearchParameter/searchparameter-alias</a></p><p><b>version</b>: 0.0.0</p><p><b>name</b>: VHDir Alias Search Parameter</p><p><b>status</b>: DRAFT</p><p><b>date</b>: May 23, 2018</p><p><b>publisher</b>: HL7 Patient Administration Committee</p><p><b>contact</b>: </p><p><b>description</b>: Select care teams with the specified alias</p><p><b>url</b>: <a href="http://hl7.org/fhir/ig/vhdir/SearchParameter/searchparameter-alias">http://hl7.org/fhir/ig/vhdir/SearchParameter/searchparameter-alias</a></p><p><b>version</b>: 0.0.0</p><p><b>name</b>: VHDir Alias Search Parameter</p><p><b>status</b>: DRAFT</p><p><b>date</b>: May 23, 2018</p><p><b>publisher</b>: HL7 Patient Administration Committee</p><p><b>contact</b>: </p><p><b>description</b>: Select care teams with the specified alias</p><p><b>code</b>: alias</p><p><b>base</b>: CareTeam</p><p><b>type</b>: STRING</p><p><b>expression</b>: CareTeam.extension(&#39;http://hl7.org/fhir/ig/vhdir/StructureDefinition/careteam-alias&#39;)</p></div></text><url value="http://hl7.org/fhir/ig/vhdir/SearchParameter/searchparameter-alias"/><version value="0.0.0"/><name value="VHDir Alias Search Parameter"/><status value="draft"/><date value="2018-05-23"/><publisher value="HL7 Patient Administration Committee"/><contact><telecom><system value="url"/><value value="http://www.hl7.org/Special/committees/pafm/index.cfm"/></telecom></contact><description value="Select care teams with the specified alias"/><code value="alias"/><base value="CareTeam"/><type value="string"/><expression value="CareTeam.extension(&#39;http://hl7.org/fhir/ig/vhdir/StructureDefinition/careteam-alias&#39;)"/></SearchParameter>