<?xml version="1.0" encoding="UTF-8"?><ValueSet xmlns="http://hl7.org/fhir"><id value="valueset-network-type"/><text><status value="generated"/><div xmlns="http://www.w3.org/1999/xhtml"><h2>VhDir Network Type Value Set</h2><div><p>Codes for documenting network type.</p>
</div><p>This value set includes codes from the following code systems:</p><ul><li>Include all codes defined in <a href="CodeSystem-codesystem-network-type.html"><code>http://hl7.org/fhir/ig/vhdir/CodeSystem/codesystem-network-type</code></a></li></ul></div></text><url value="http://hl7.org/fhir/ig/vhdir/ValueSet/valueset-network-type"/><version value="0.2.0"/><name value="VhDir Network Type Value Set"/><title value="VhDir Network Type Value Set"/><status value="active"/><date value="2018-02-21"/><publisher value="HL7 - TBD"/><contact><telecom><system value="other"/><value value="http://hl7.org/fhir"/></telecom></contact><description value="Codes for documenting network type."/><compose><include><system value="http://hl7.org/fhir/ig/vhdir/CodeSystem/codesystem-network-type"/></include></compose></ValueSet>