<?xml version="1.0" encoding="UTF-8"?><ValueSet xmlns="http://hl7.org/fhir"><id value="us-core-cvx"/><text><status value="generated"/><div xmlns="http://www.w3.org/1999/xhtml"><h2>Vaccine Administered Value Set (CVX)</h2><div><p>This identifies the vaccine substance administered - CVX codes</p>
</div><p>This value set includes codes from the following code systems:</p><ul><li>Include all codes defined in <code>http://hl7.org/fhir/sid/cvx</code></li></ul></div></text><url value="http://hl7.org/fhir/us/core/ValueSet/us-core-cvx"/><identifier><system value="urn:ietf:rfc:3986"/><value value="urn:oid:2.16.840.1.113883.3.88.12.80.22"/></identifier><version value="1.1.0"/><name value="Vaccine Administered Value Set (CVX)"/><status value="active"/><date value="2016-08-10T00:00:00-07:00"/><publisher value="HL7 US Realm Steering Committee"/><contact><telecom><system value="other"/><value value="http://hl7.org/fhir"/></telecom></contact><description value="This identifies the vaccine substance administered - CVX codes"/><jurisdiction><coding><system value="urn:iso:std:iso:3166"/><code value="US"/></coding></jurisdiction><compose><include><system value="http://hl7.org/fhir/sid/cvx"/></include></compose></ValueSet>