<?xml version="1.0" encoding="UTF-8"?><ValueSet xmlns="http://hl7.org/fhir"><id value="valueset-identifier-type"/><text><status value="generated"/><div xmlns="http://www.w3.org/1999/xhtml"><h2>VhDir Identifier Type Value Set</h2><div><p>Codes for documenting practitioner identifier type.</p>
</div><p>This value set includes codes from the following code systems:</p><ul><li>Include all codes defined in <a href="http://build.fhir.org/v2/0203/index.html"><code>http://hl7.org/fhir/v2/0203</code></a></li></ul></div></text><url value="http://hl7.org/fhir/ig/vhdir/ValueSet/valueset-identifier-type"/><version value="0.2.0"/><name value="VhDir Identifier Type Value Set"/><title value="VhDir Identifier Type Value Set"/><status value="active"/><date value="2018-02-21"/><publisher value="HL7 - TBD"/><contact><telecom><system value="other"/><value value="http://hl7.org/fhir"/></telecom></contact><description value="Codes for documenting practitioner identifier type."/><compose><include><system value="http://hl7.org/fhir/v2/0203"/></include></compose></ValueSet>