<?xml version="1.0" encoding="UTF-8"?><ValueSet xmlns="http://hl7.org/fhir"><id value="valueset-certificationedition"/><text><status value="generated"/><div xmlns="http://www.w3.org/1999/xhtml"><h2>VhDir Certification Edition Value Set</h2><div><p>Codes for documenting the certification edition of an electronic health record system.</p>
</div><p>This value set includes codes from the following code systems:</p><ul><li>Include these codes as defined in <a href="CodeSystem-codesystem-ehrcharacteristics.html"><code>http://hl7.org/fhir/ig/vhdir/CodeSystem/codesystem-ehrcharacteristics</code></a><table class="none"><tr><td style="white-space:nowrap"><b>Code</b></td><td><b>Display</b></td></tr><tr><td><a href="CodeSystem-codesystem-ehrcharacteristics.html#codesystem-ehrcharacteristics-2011">2011</a></td><td>ONC 2011 Certification</td><td>The ONC 2011 Certification Edition</td></tr><tr><td><a href="CodeSystem-codesystem-ehrcharacteristics.html#codesystem-ehrcharacteristics-2014">2014</a></td><td>ONC 2014 Certification</td><td>The ONC 2014 Certification Edition</td></tr><tr><td><a href="CodeSystem-codesystem-ehrcharacteristics.html#codesystem-ehrcharacteristics-2015">2015</a></td><td>ONC 2015 Certification</td><td>The ONC 2015 Certification Edition</td></tr></table></li></ul></div></text><url value="http://hl7.org/fhir/ig/vhdir/ValueSet/valueset-certificationedition"/><version value="0.2.0"/><name value="VhDir Certification Edition Value Set"/><title value="VhDir Certification Edition Value Set"/><status value="active"/><date value="2018-02-21"/><publisher value="HL7 - TBD"/><contact><telecom><system value="other"/><value value="http://hl7.org/fhir"/></telecom></contact><description value="Codes for documenting the certification edition of an electronic health record system."/><compose><include><system value="http://hl7.org/fhir/ig/vhdir/CodeSystem/codesystem-ehrcharacteristics"/><concept><code value="2011"/></concept><concept><code value="2014"/></concept><concept><code value="2015"/></concept></include></compose></ValueSet>