<?xml version="1.0" encoding="UTF-8"?><ValueSet xmlns="http://hl7.org/fhir"><id value="valueset-plan-type"/><text><status value="generated"/><div xmlns="http://www.w3.org/1999/xhtml"><h2>VhDir Plan Type</h2><div><p>This value set defines a set of codes that indicate the type of a plan.</p>
</div><p>This value set includes codes from the following code systems:</p><ul><li>Include these codes as defined in <code>http://hl7.org/fhir/ig/vhdir/CodeSystem/codesystem-payorcharacteristics</code><table class="none"><tr><td style="white-space:nowrap"><b>Code</b></td><td><b>Display</b></td></tr><tr><td>cat</td><td/><td/></tr><tr><td>bronze</td><td/><td/></tr><tr><td>bronzeexp</td><td/><td/></tr><tr><td>silver</td><td/><td/></tr><tr><td>gold</td><td/><td/></tr><tr><td>platinum</td><td/><td/></tr><tr><td>lowded</td><td/><td/></tr><tr><td>highded</td><td/><td/></tr></table></li></ul></div></text><url value="http://hl7.org/fhir/ig/vhdir/ValueSet/valueset-plan-type"/><version value="0.2.0"/><name value="VhDir Plan Type"/><title value="VhDir Plan Type"/><status value="active"/><date value="2018-02-21"/><publisher value="HL7 - TBD"/><contact><telecom><system value="other"/><value value="http://hl7.org/fhir"/></telecom></contact><description value="This value set defines a set of codes that indicate the type of a plan."/><compose><include><system value="http://hl7.org/fhir/ig/vhdir/CodeSystem/codesystem-payorcharacteristics"/><concept><code value="cat"/></concept><concept><code value="bronze"/></concept><concept><code value="bronzeexp"/></concept><concept><code value="silver"/></concept><concept><code value="gold"/></concept><concept><code value="platinum"/></concept><concept><code value="lowded"/></concept><concept><code value="highded"/></concept></include></compose></ValueSet>