<?xml version="1.0" encoding="UTF-8"?><ValueSet xmlns="http://hl7.org/fhir"><id value="us-core-observation-value-codes"/><text><status value="generated"/><div xmlns="http://www.w3.org/1999/xhtml"><h2>Observation Value Codes (SNOMED-CT)</h2><div><p><a href="http://www.ihtsdo.org/">Snomed-CT</a> concept codes for coded results</p>
</div><p><b>Copyright Statement:</b> This value set includes content from SNOMED CT, which is copyright &#xA9; 2002+ International Health Terminology Standards Development Organisation (IHTSDO), and distributed by agreement between IHTSDO and HL7. Implementer use of SNOMED CT is not covered by this agreement</p><p>This value set includes codes from the following code systems:</p><ul><li>Include all codes defined in <a href="http://www.snomed.org/"><code>http://snomed.info/sct</code></a></li></ul></div></text><extension url="http://hl7.org/fhir/StructureDefinition/valueset-extensible"><valueBoolean value="true"/></extension><url value="http://hl7.org/fhir/us/core/ValueSet/us-core-observation-value-codes"/><version value="1.1.0"/><name value="Observation Value Codes (SNOMED-CT)"/><status value="draft"/><date value="2016-08-10T00:00:00-07:00"/><publisher value="HL7 US Realm Steering Committee"/><contact><telecom><system value="other"/><value value="http://hl7.org/fhir"/></telecom><telecom><system value="email"/><value value="fhir@lists.hl7.org"/></telecom></contact><description value="[Snomed-CT](http://www.ihtsdo.org/) concept codes for coded results"/><jurisdiction><coding><system value="urn:iso:std:iso:3166"/><code value="US"/></coding></jurisdiction><copyright value="This value set includes content from SNOMED CT, which is copyright &#xA9; 2002+ International Health Terminology Standards Development Organisation (IHTSDO), and distributed by agreement between IHTSDO and HL7. Implementer use of SNOMED CT is not covered by this agreement"/><extensible value="true"/><compose><include><system value="http://snomed.info/sct"/></include></compose></ValueSet>