<?xml version="1.0" encoding="UTF-8"?><ValueSet xmlns="http://hl7.org/fhir"><id value="us-core-narrative-status"/><text><status value="generated"/><div xmlns="http://www.w3.org/1999/xhtml"><h2>Narrative Status</h2><div><p>This value set limits the text status for the resource narrative.</p>
</div><p><b>Copyright Statement:</b> HL7</p><p>This value set includes codes from the following code systems:</p><ul><li>Include these codes as defined in <a href="http://hl7.org/fhir/STU3/codesystem-narrative-status.html"><code>http://hl7.org/fhir/narrative-status</code></a><table class="none"><tr><td style="white-space:nowrap"><b>Code</b></td><td><b>Display</b></td></tr><tr><td><a href="http://hl7.org/fhir/STU3/codesystem-narrative-status.html#narrative-status-additional">additional</a></td><td>additional</td><td>The contents of the narrative may contain additional information not found in the structured data. Note that there is no computable way to determine what the extra information is, other than by human inspection</td></tr><tr><td><a href="http://hl7.org/fhir/STU3/codesystem-narrative-status.html#narrative-status-generated">generated</a></td><td>generated</td><td>The contents of the narrative are entirely generated from the structured data in the content.</td></tr></table></li></ul></div></text><url value="http://hl7.org/fhir/us/core/ValueSet/us-core-narrative-status"/><version value="1.1.0"/><name value="Narrative Status"/><status value="draft"/><date value="2018-10-18T21:01:01-07:00"/><publisher value="HL7 US Realm Steering Committee"/><contact><telecom><system value="other"/><value value="http://hl7.org/fhir"/></telecom></contact><description value="This value set limits the text status for the resource narrative."/><jurisdiction><coding><system value="urn:iso:std:iso:3166"/><code value="US"/></coding></jurisdiction><copyright value="HL7"/><compose><include><system value="http://hl7.org/fhir/narrative-status"/><concept><code value="additional"/><display value="additional"/></concept><concept><code value="generated"/><display value="generated"/></concept></include></compose></ValueSet>