<?xml version="1.0" encoding="UTF-8"?>

<CapabilityStatement xmlns="http://hl7.org/fhir">
  <id value="client"/>
  <text>
    <status value="generated"/><div xmlns="http://www.w3.org/1999/xhtml"><h2>vhdir-client</h2><div><p>This profile defines the expected capabilities of the Validated Healthcare Directory Client conforming to the Validated Healthcare Directory IG.</p>
</div><table><tr><td>Mode</td><td>CLIENT</td></tr><tr><td>Description</td><td/></tr><tr><td>Transaction</td><td></td></tr><tr><td>System History</td><td></td></tr><tr><td>System Search</td><td></td></tr></table><table><tr><th><b>Resource Type</b></th><th><b>Profile</b></th><th><b>Read</b></th><th><b>V-Read</b></th><th><b>Search</b></th><th><b>Update</b></th><th><b>Updates</b></th><th><b>Create</b></th><th><b>Delete</b></th><th><b>History</b></th></tr><tr><td>Location</td><td>y</td><td>y</td><td>y</td><td></td><td>y</td><td></td><td></td><td></td></tr><tr><td>Organization</td><td>y</td><td>y</td><td>y</td><td></td><td>y</td><td></td><td></td><td></td></tr><tr><td>Practitioner</td><td>y</td><td>y</td><td>y</td><td></td><td>y</td><td></td><td></td><td></td></tr><tr><td>PractitionerRole</td><td>y</td><td>y</td><td>y</td><td></td><td>y</td><td></td><td></td><td></td></tr></table></div>
  </text>
  <url value="http://hl7.org/fhir/ig/vhdir/CapabilityStatement/client"/>
  <version value="0.2.0"/>
  <name value="vhdir-client"/>
  <title value="VhDir Validated Healthcare Directory Client"/>
  <status value="active"/>
  <date value="2017-08-04"/>
  <publisher value="HL7 Patient Administration Committee"/>
  <contact>
    <telecom>
      <system value="other"/>
      <value value="http://www.hl7.org/SpecialCommittees/usrealm/index.cfm"/>
    </telecom>
  </contact>
  <description value="This profile defines the expected capabilities of the Validated Healthcare Directory Client conforming to the Validated Healthcare Directory IG."/>
  <kind value="requirements"/>
  <fhirVersion value="3.0.1"/>
  <format value="xml"/>
  <format value="json"/>
  <rest>
    <mode value="client"/>
    <resource>
      <type value="Location"/>
      <interaction>
        <extension url="http://hl7.org/fhir/StructureDefinition/capabilitystatement-expectation">
          <valueCode value="SHOULD"/>
        </extension>
        <code value="search-type"/>
        <documentation value="Allows discovery of existing US Core location resources using different search criteria."/>
      </interaction>
      <interaction>
        <extension url="http://hl7.org/fhir/StructureDefinition/capabilitystatement-expectation">
          <valueCode value="SHOULD"/>
        </extension>
        <code value="read"/>
        <documentation value="Allows retrieval of a historical version of a US Core location instance"/>
      </interaction>
      <interaction>
        <extension url="http://hl7.org/fhir/StructureDefinition/capabilitystatement-expectation">
          <valueCode value="SHOULD"/>
        </extension>
        <code value="history-instance"/>
        <documentation value="Allows review of changes to US Core Medication instance over time"/>
      </interaction>
      <interaction>
        <extension url="http://hl7.org/fhir/StructureDefinition/capabilitystatement-expectation">
          <valueCode value="SHOULD"/>
        </extension>
        <code value="vread"/>
        <documentation value="Allows retrieval of a historical version of a US Core Medication instance"/>
      </interaction>
    </resource>
    <resource>
      <type value="Organization"/>
      <interaction>
        <extension url="http://hl7.org/fhir/StructureDefinition/capabilitystatement-expectation">
          <valueCode value="SHOULD"/>
        </extension>
        <code value="search-type"/>
        <documentation value="Allows discovery of existing US Core organization resources using different search criteria"/>
      </interaction>
      <interaction>
        <extension url="http://hl7.org/fhir/StructureDefinition/capabilitystatement-expectation">
          <valueCode value="SHOULD"/>
        </extension>
        <code value="read"/>
        <documentation value="Allows retrieval of a specific US Core organization by id"/>
      </interaction>
      <interaction>
        <extension url="http://hl7.org/fhir/StructureDefinition/capabilitystatement-expectation">
          <valueCode value="SHOULD"/>
        </extension>
        <code value="history-instance"/>
        <documentation value="Allows review of changes to US Core organization instance over time"/>
      </interaction>
      <interaction>
        <extension url="http://hl7.org/fhir/StructureDefinition/capabilitystatement-expectation">
          <valueCode value="SHOULD"/>
        </extension>
        <code value="vread"/>
        <documentation value="Allows retrieval of a historical version of a US Core organization instance"/>
      </interaction>
    </resource>
    <resource>
      <type value="Practitioner"/>
      <interaction>
        <extension url="http://hl7.org/fhir/StructureDefinition/capabilitystatement-expectation">
          <valueCode value="SHOULD"/>
        </extension>
        <code value="search-type"/>
        <documentation value="Allows discovery of existing US Core practitioner resources using different search criteria"/>
      </interaction>
      <interaction>
        <extension url="http://hl7.org/fhir/StructureDefinition/capabilitystatement-expectation">
          <valueCode value="SHOULD"/>
        </extension>
        <code value="read"/>
        <documentation value="Allows retrieval of a specific US Core practitioner by id"/>
      </interaction>
      <interaction>
        <extension url="http://hl7.org/fhir/StructureDefinition/capabilitystatement-expectation">
          <valueCode value="SHOULD"/>
        </extension>
        <code value="history-instance"/>
        <documentation value="Allows review of changes to US Core practitioner instance over time"/>
      </interaction>
      <interaction>
        <extension url="http://hl7.org/fhir/StructureDefinition/capabilitystatement-expectation">
          <valueCode value="SHOULD"/>
        </extension>
        <code value="vread"/>
        <documentation value="Afllows retrieval of a historical version of a US Core practitioner instance"/>
      </interaction>
    </resource>
    <resource>
      <type value="PractitionerRole"/>
      <interaction>
        <extension url="http://hl7.org/fhir/StructureDefinition/capabilitystatement-expectation">
          <valueCode value="SHOULD"/>
        </extension>
        <code value="search-type"/>
        <documentation value="Allows discovery of existing US Core practitioner resources using different search criteria"/>
      </interaction>
      <interaction>
        <extension url="http://hl7.org/fhir/StructureDefinition/capabilitystatement-expectation">
          <valueCode value="SHOULD"/>
        </extension>
        <code value="read"/>
        <documentation value="Allows retrieval of a specific US Core practitioner by id"/>
      </interaction>
      <interaction>
        <extension url="http://hl7.org/fhir/StructureDefinition/capabilitystatement-expectation">
          <valueCode value="SHOULD"/>
        </extension>
        <code value="history-instance"/>
        <documentation value="Allows review of changes to US Core practitioner instance over time"/>
      </interaction>
      <interaction>
        <extension url="http://hl7.org/fhir/StructureDefinition/capabilitystatement-expectation">
          <valueCode value="SHOULD"/>
        </extension>
        <code value="vread"/>
        <documentation value="Afllows retrieval of a historical version of a US Core practitioner instance"/>
      </interaction>
    </resource>
  </rest>
</CapabilityStatement>