﻿{
  "openapi": "3.0.1",
  "info": {
    "title": "VhDir Validated Healthcare Directory Client",
    "description": "This profile defines the expected capabilities of the Validated Healthcare Directory Client conforming to the Validated Healthcare Directory IG.",
    "license": {
      "name": "CC0-1.0"
    },
    "version": "0.2.0",
    "contact": {}
  },
  "externalDocs": {
    "url": "http://hl7.org/fhir/ig/vhdir/CapabilityStatement/client",
    "description": "FHIR CapabilityStatement"
  }
}