{
  "resourceType": "CodeSystem",
  "id": "codesystem-digitalcertificate",
  "text": {
    "status": "generated",
    "div": "<div xmlns=\"http://www.w3.org/1999/xhtml\"><h2>VhDir Digital Certificate Code System</h2><div><p>Public key infrastructure (PKI) refers to the architecture, organizations, techniques, practices, and procedures that collectively support the implementation and operation of a certificate-based public key cryptographic system. A certificate is a set of data that uniquely identifies a key pair and an owner that is authorized to use the key pair. The certificate contains the owner’s public key and other information, and is digitally signed by a Certification Authority (i.e., a trusted party), thereby binding the public key to the owner. This code system includes terms describing various aspects of a certificate-based public key cryptographic system, such as applicable standards, types of certificates, uses of certificates, and associated trust frameworks.</p>\n</div><p>This code system http://hl7.org/fhir/ig/vhdir/CodeSystem/codesystem-digitalcertificate defines the following codes:</p><table class=\"codes\"><tr><td style=\"white-space:nowrap\"><b>Code</b></td><td><b>Display</b></td><td><b>Definition</b></td></tr><tr><td style=\"white-space:nowrap\">TLS/SSL<a name=\"codesystem-digitalcertificate-TLS.47SSL\"> </a></td><td>TLS/SSL</td><td>A certificate for a device such as a server or router, used to authenticate the device and establish secure communications between the device and a client.</td></tr><tr><td style=\"white-space:nowrap\">device<a name=\"codesystem-digitalcertificate-device\"> </a></td><td>Device</td><td>A certificate used to verify the identity of a device.</td></tr><tr><td style=\"white-space:nowrap\">grp<a name=\"codesystem-digitalcertificate-grp\"> </a></td><td>Group</td><td>A certificate for a collection of individual subscribers acting in a shared capacity, such as an organization.</td></tr><tr><td style=\"white-space:nowrap\">ind<a name=\"codesystem-digitalcertificate-ind\"> </a></td><td>Individual</td><td>A certificate for a single person.</td></tr><tr><td style=\"white-space:nowrap\">role<a name=\"codesystem-digitalcertificate-role\"> </a></td><td>Role based</td><td>A certificate for a specific role on behalf of which a subscriber is authorized to act, such as a Chief Information Officer.</td></tr><tr><td style=\"white-space:nowrap\">signing<a name=\"codesystem-digitalcertificate-signing\"> </a></td><td>Signing</td><td>A certificate issued for the purpose of digitally signing information to confirm the author and guarantee that the content has not been altered or corrupted since it was signed by use of a cryptographic hash.</td></tr><tr><td style=\"white-space:nowrap\">encrypt<a name=\"codesystem-digitalcertificate-encrypt\"> </a></td><td>Encryption</td><td>A certificate containing a public key that can encrypt or decrypt electronic messages, files, documents, or data transmissions, or establish or exchange a session key for these same purposes.</td></tr><tr><td style=\"white-space:nowrap\">auth<a name=\"codesystem-digitalcertificate-auth\"> </a></td><td>Authentication</td><td>A certificate which can be used to obtain assurance of the accuracy of the claimed identity of an entity.</td></tr><tr><td style=\"white-space:nowrap\">x.509v3<a name=\"codesystem-digitalcertificate-x.46509v3\"> </a></td><td>x.509v3</td><td>A standard published by the International Telecommunication Union’s Telecommunication Standardization Sector (ITU-T) that defines a framework for public-key certificates, including specification of data objects used to represent the certificates themselves.</td></tr><tr><td style=\"white-space:nowrap\">direct<a name=\"codesystem-digitalcertificate-direct\"> </a></td><td>DirectTrust</td><td>DirectTrust is a non-profit health care industry alliance that has established and maintains rules, standards, and policies associated with the operation of the security and trust-in-identity layer for Direct exchange.</td></tr><tr><td style=\"white-space:nowrap\">FPKI<a name=\"codesystem-digitalcertificate-FPKI\"> </a></td><td>Federal Public Key Infrastructure (FPKI)/Federal Trust Framework</td><td>The Federal Public Key Infrastructure (FPKI) Program provides the government with a trust framework and infrastructure to administer digital certificates and public-private key pairs. FPKI consists of a network of Certification Authorities (CAs) that issue Personal Identity Verification (PIV) credentials and person identity certificates, PIV-interoperable credentials and person identity certificates, other person identity certificates, and enterprise device identity certificates.</td></tr><tr><td style=\"white-space:nowrap\">SAFEBioP<a name=\"codesystem-digitalcertificate-SAFEBioP\"> </a></td><td>SAFE-BioPharma</td><td>The SAFE-BioPharma Association develops and maintains policies and practices used by identity credential issuers. SAFE-BioPharma examines and certifies that the identity proofing, credential issuance, and credential management policies and practices of electronic identity credential issuers are comparable to Federal Identity, Credential, and Access Management (FICAM) requirements.</td></tr><tr><td style=\"white-space:nowrap\">ONCTEF<a name=\"codesystem-digitalcertificate-ONCTEF\"> </a></td><td>ONC Trusted Exchange Framework (TEF)</td><td>The TEF outlines a common set of principles for trusted exchange and minimum terms and conditions for trusted exchange to bridge the gap between providers’ and patients’ information systems and enable interoperability across disparate health information networks (HINs).</td></tr><tr><td style=\"white-space:nowrap\">NATE<a name=\"codesystem-digitalcertificate-NATE\"> </a></td><td>National Association for Trusted Exchange (NATE)</td><td>NATE Blue Button for Consumers (NBB4C) Trust Bundle contains trust anchors of consumer-facing applications (CFAs) that utilize Direct to securely move data from one application to another. Participation in the NBB4C Trust Bundle facilitates secure exchange of health information from provider-controlled applications to consumer-controlled applications such as personal health records (PHRs) using Direct secure messaging protocols.</td></tr><tr><td style=\"white-space:nowrap\">other<a name=\"codesystem-digitalcertificate-other\"> </a></td><td>other</td><td>A trust framework other than DirectTrust, FPKI/Federal Trust Framework, SAFE-BioPharma, NATE Blue Button for Consumers Trust Bundle, or ONC Trusted Exchange Framework.</td></tr></table></div>"
  },
  "url": "http://hl7.org/fhir/ig/vhdir/CodeSystem/codesystem-digitalcertificate",
  "version": "0.2.0",
  "name": "VhDir Digital Certificate Code System",
  "title": "VhDir Digital Certificate Code System",
  "status": "active",
  "date": "2018-02-21",
  "publisher": "HL7 - TBD",
  "contact": [
    {
      "telecom": [
        {
          "system": "other",
          "value": "http://hl7.org/fhir"
        }
      ]
    }
  ],
  "description": "Public key infrastructure (PKI) refers to the architecture, organizations, techniques, practices, and procedures that collectively support the implementation and operation of a certificate-based public key cryptographic system. A certificate is a set of data that uniquely identifies a key pair and an owner that is authorized to use the key pair. The certificate contains the owner’s public key and other information, and is digitally signed by a Certification Authority (i.e., a trusted party), thereby binding the public key to the owner. This code system includes terms describing various aspects of a certificate-based public key cryptographic system, such as applicable standards, types of certificates, uses of certificates, and associated trust frameworks.",
  "caseSensitive": true,
  "content": "complete",
  "concept": [
    {
      "code": "TLS/SSL",
      "display": "TLS/SSL",
      "definition": "A certificate for a device such as a server or router, used to authenticate the device and establish secure communications between the device and a client."
    },
    {
      "code": "device",
      "display": "Device",
      "definition": "A certificate used to verify the identity of a device."
    },
    {
      "code": "grp",
      "display": "Group",
      "definition": "A certificate for a collection of individual subscribers acting in a shared capacity, such as an organization."
    },
    {
      "code": "ind",
      "display": "Individual",
      "definition": "A certificate for a single person."
    },
    {
      "code": "role",
      "display": "Role based",
      "definition": "A certificate for a specific role on behalf of which a subscriber is authorized to act, such as a Chief Information Officer."
    },
    {
      "code": "signing",
      "display": "Signing",
      "definition": "A certificate issued for the purpose of digitally signing information to confirm the author and guarantee that the content has not been altered or corrupted since it was signed by use of a cryptographic hash."
    },
    {
      "code": "encrypt",
      "display": "Encryption",
      "definition": "A certificate containing a public key that can encrypt or decrypt electronic messages, files, documents, or data transmissions, or establish or exchange a session key for these same purposes."
    },
    {
      "code": "auth",
      "display": "Authentication",
      "definition": "A certificate which can be used to obtain assurance of the accuracy of the claimed identity of an entity."
    },
    {
      "code": "x.509v3",
      "display": "x.509v3",
      "definition": "A standard published by the International Telecommunication Union’s Telecommunication Standardization Sector (ITU-T) that defines a framework for public-key certificates, including specification of data objects used to represent the certificates themselves."
    },
    {
      "code": "direct",
      "display": "DirectTrust",
      "definition": "DirectTrust is a non-profit health care industry alliance that has established and maintains rules, standards, and policies associated with the operation of the security and trust-in-identity layer for Direct exchange."
    },
    {
      "code": "FPKI",
      "display": "Federal Public Key Infrastructure (FPKI)/Federal Trust Framework",
      "definition": "The Federal Public Key Infrastructure (FPKI) Program provides the government with a trust framework and infrastructure to administer digital certificates and public-private key pairs. FPKI consists of a network of Certification Authorities (CAs) that issue Personal Identity Verification (PIV) credentials and person identity certificates, PIV-interoperable credentials and person identity certificates, other person identity certificates, and enterprise device identity certificates."
    },
    {
      "code": "SAFEBioP",
      "display": "SAFE-BioPharma",
      "definition": "The SAFE-BioPharma Association develops and maintains policies and practices used by identity credential issuers. SAFE-BioPharma examines and certifies that the identity proofing, credential issuance, and credential management policies and practices of electronic identity credential issuers are comparable to Federal Identity, Credential, and Access Management (FICAM) requirements."
    },
    {
      "code": "ONCTEF",
      "display": "ONC Trusted Exchange Framework (TEF)",
      "definition": "The TEF outlines a common set of principles for trusted exchange and minimum terms and conditions for trusted exchange to bridge the gap between providers’ and patients’ information systems and enable interoperability across disparate health information networks (HINs)."
    },
    {
      "code": "NATE",
      "display": "National Association for Trusted Exchange (NATE)",
      "definition": "NATE Blue Button for Consumers (NBB4C) Trust Bundle contains trust anchors of consumer-facing applications (CFAs) that utilize Direct to securely move data from one application to another. Participation in the NBB4C Trust Bundle facilitates secure exchange of health information from provider-controlled applications to consumer-controlled applications such as personal health records (PHRs) using Direct secure messaging protocols."
    },
    {
      "code": "other",
      "display": "other",
      "definition": "A trust framework other than DirectTrust, FPKI/Federal Trust Framework, SAFE-BioPharma, NATE Blue Button for Consumers Trust Bundle, or ONC Trusted Exchange Framework."
    }
  ]
}