<?xml version="1.0" encoding="UTF-8"?>

<Condition xmlns="http://hl7.org/fhir">
  <id value="hc1"/>
  <meta>
    <profile value="http://hl7.org/fhir/us/core/StructureDefinition/us-core-condition"/>
  </meta>
  <text>
    <status value="generated"/><div xmlns="http://www.w3.org/1999/xhtml"><p><b>Generated Narrative with Details</b></p><p><b>id</b>: hc1</p><p><b>meta</b>: </p><p><b>clinicalStatus</b>: active</p><p><b>verificationStatus</b>: confirmed</p><p><b>category</b>: Health Concern <span style="background: LightGoldenRodYellow">(Details : {http://hl7.org/fhir/us/core/CodeSystem/condition-category code 'health-concern' = 'Health Concern', given as 'Health Concern'})</span></p><p><b>code</b>: Cost of medications <span style="background: LightGoldenRodYellow">(Details )</span></p><p><b>subject</b>: <a href="Patient-example.html">Amy Shaw. Generated Summary: id: example; Medical Record Number = 1032702 (USUAL); active; Amy V. Shaw ; ph: 555-555-5555(HOME), amy.shaw@example.com; gender: female; birthDate: Feb 20, 2007</a></p><p><b>onset</b>: Dec 14, 2007</p></div>
  </text>
  <clinicalStatus value="active"/>
  <verificationStatus value="confirmed"/>
  <category>
    <coding>
      <system value="http://hl7.org/fhir/us/core/CodeSystem/condition-category"/>
      <code value="health-concern"/>
      <display value="Health Concern"/>
    </coding>
    <text value="Health Concern"/>
  </category>
  <code>
    <text value="Cost of medications"/>
  </code>
  <subject>
    <reference value="Patient/example"/>
    <display value="Amy Shaw"/>
  </subject>
  <onsetDateTime value="2007-12-14"/>
</Condition>