<?xml version="1.0" encoding="UTF-8"?>

<HealthcareService xmlns="http://hl7.org/fhir">
  <id value="ffcardiology"/>
  <meta>
    <profile value="http://hl7.org/fhir/ig/vhdir/StructureDefinition/vhdir-healthcareservice"/>
  </meta>
  <text>
    <status value="generated"/><div xmlns="http://www.w3.org/1999/xhtml"><p><b>Generated Narrative with Details</b></p><p><b>identifier</b>: Business ID = service001 (SECONDARY)</p><p><b>active</b>: true</p><p><b>providedBy</b>: <a href="http://hl7.org/fhir/ig/vhdir/Organization/foundingfathers">Founding Fathers Memorial Hospital</a></p><p><b>category</b>: Hospital <span style="background: LightGoldenRodYellow">(Details : {http://hl7.org/fhir/service-category code '35' = 'Hospital', given as 'Hospital'})</span></p><p><b>type</b>: Cardiology <span style="background: LightGoldenRodYellow">(Details : {http://hl7.org/fhir/service-type code '165' = 'Cardiology', given as 'Cardiology'})</span></p><p><b>specialty</b>: Cardiology <span style="background: LightGoldenRodYellow">(Details : {SNOMED CT code '394579002' = 'Cardiology (qualifier value)', given as 'Cardiology'})</span></p><p><b>location</b>: <a href="http://hl7.org/fhir/ig/vhdir/Location/location2">Founding Fathers Memorial Hospital, Heart and Vascular Institute</a></p><p><b>name</b>: Founding Fathers Memorial Hospital Heart and Vascular Services</p><p><b>comment</b>: Cardiac surgery, heart failure, cardiac electrophysiology, vascular surgery, and cardiovascular research</p><p><b>telecom</b>: -unknown-</p><p><b>serviceProvisionCode</b>: Fees apply <span style="background: LightGoldenRodYellow">(Details : {http://hl7.org/fhir/service-provision-conditions code 'cost' = 'Fees apply', given as 'Fees apply'})</span></p><p><b>eligibility</b>: None <span style="background: LightGoldenRodYellow">(Details )</span></p><p><b>eligibilityNote</b>: No specific eligibility requirements</p><p><b>referralMethod</b>: phone <span style="background: LightGoldenRodYellow">(Details : {http://hl7.org/fhir/service-referral-method code 'phone' = 'Phone', given as 'phone'})</span>, Fax <span style="background: LightGoldenRodYellow">(Details : {http://hl7.org/fhir/service-referral-method code 'fax' = 'Fax', given as 'Fax'})</span></p><p><b>appointmentRequired</b>: true</p><h3>AvailableTimes</h3><table class="grid"><tr><td>-</td><td><b>DaysOfWeek</b></td><td><b>AllDay</b></td><td><b>AvailableStartTime</b></td><td><b>AvailableEndTime</b></td></tr><tr><td>*</td><td>MON</td><td>false</td><td/><td/></tr></table><p><b>availabilityExceptions</b>: No interventional cardiac procedures are scheduled on Wednesdays</p><p><b>endpoint</b>: <a href="http://hl7.org/fhir/ig/vhdir/Endpoint/direct321">Direct address for the Founding Fathers Heart and Vascular Institute</a></p></div>
  </text>
  <extension url="http://hl7.org/fhir/ig/vhdir/StructureDefinition/newpatients">
    <extension url="acceptingPatients">
      <valueBoolean value="true"/>
    </extension>
    <extension url="network">
      <valueReference>
        <reference value="http://hl7.org/fhir/ig/vhdir/Network/patriotppo"/>
        <display value="Patriot Preferred Provider Network"/>
      </valueReference>
    </extension>
  </extension>
  <identifier>
    <extension url="http://hl7.org/fhir/ig/vhdir/StructureDefinition/identifier-status">
      <valueCode value="active"/>
    </extension>
    <use value="secondary"/>
    <type>
      <text value="Business ID"/>
    </type>
    <system value="www.foundingfathersmemorial.com"/>
    <value value="service001"/>
    <assigner>
      <reference value="http://hl7.org/fhir/ig/vhdir/Organization/foundingfathers"/>
      <display value="Founding Fathers Memorial Hospital"/>
    </assigner>
  </identifier>
  <active value="true"/>
  <providedBy>
    <reference value="http://hl7.org/fhir/ig/vhdir/Organization/foundingfathers"/>
    <display value="Founding Fathers Memorial Hospital"/>
  </providedBy>
  <category>
    <coding>
      <system value="http://hl7.org/fhir/service-category"/>
      <code value="35"/>
      <display value="Hospital"/>
    </coding>
  </category>
  <type>
    <coding>
      <system value="http://hl7.org/fhir/service-type"/>
      <code value="165"/>
      <display value="Cardiology"/>
    </coding>
  </type>
  <specialty>
    <coding>
      <system value="http://snomed.info/sct"/>
      <code value="394579002"/>
      <display value="Cardiology"/>
    </coding>
  </specialty>
  <location>
    <reference value="http://hl7.org/fhir/ig/vhdir/Location/location2"/>
    <display value="Founding Fathers Memorial Hospital, Heart and Vascular Institute"/>
  </location>
  <name value="Founding Fathers Memorial Hospital Heart and Vascular Services"/>
  <comment value="Cardiac surgery, heart failure, cardiac electrophysiology, vascular surgery, and cardiovascular research"/>
  <telecom>
    <extension url="http://hl7.org/fhir/ig/vhdir/StructureDefinition/contactpoint-viaintermediary">
      <valueReference>
        <reference value="http://hl7.org/fhir/ig/vhdir/Location/location2"/>
        <display value="Founding Fathers Memorial Hospital, Heart and Vascular Institute"/>
      </valueReference>
    </extension>
  </telecom>
  <serviceProvisionCode>
    <coding>
      <system value="http://hl7.org/fhir/service-provision-conditions"/>
      <code value="cost"/>
      <display value="Fees apply"/>
    </coding>
  </serviceProvisionCode>
  <eligibility>
    <text value="None"/>
  </eligibility>
  <eligibilityNote value="No specific eligibility requirements"/>
  <referralMethod>
    <coding>
      <system value="http://hl7.org/fhir/service-referral-method"/>
      <code value="phone"/>
      <display value="phone"/>
    </coding>
  </referralMethod>
  <referralMethod>
    <coding>
      <system value="http://hl7.org/fhir/service-referral-method"/>
      <code value="fax"/>
      <display value="Fax"/>
    </coding>
  </referralMethod>
  <appointmentRequired value="true"/>
  <availableTime>
    <daysOfWeek value="mon"/>
    <daysOfWeek value="tue"/>
    <daysOfWeek value="wed"/>
    <daysOfWeek value="thu"/>
    <daysOfWeek value="fri"/>
    <allDay value="false"/>
    <availableStartTime value="08:00:00"/>
    <availableEndTime value="18:00:00"/>
  </availableTime>
  <availabilityExceptions value="No interventional cardiac procedures are scheduled on Wednesdays"/>
  <endpoint>
    <reference value="http://hl7.org/fhir/ig/vhdir/Endpoint/direct321"/>
    <display value="Direct address for the Founding Fathers Heart and Vascular Institute"/>
  </endpoint>
</HealthcareService>