<?xml version="1.0" encoding="UTF-8"?>

<Observation xmlns="http://hl7.org/fhir">
  <id value="urine-color"/>
  <meta>
    <versionId value="206419"/>
    <lastUpdated value="2016-04-18T03:27:43.203+00:00"/>
    <profile value="http://hl7.org/fhir/us/core/StructureDefinition/us-core-observationresults"/>
  </meta>
  <text>
    <status value="generated"/><div xmlns="http://www.w3.org/1999/xhtml"><p><b>Generated Narrative with Details</b></p><p><b>id</b>: urine-color</p><p><b>meta</b>: </p><p><b>status</b>: final</p><p><b>category</b>: Laboratory <span style="background: LightGoldenRodYellow">(Details : {http://hl7.org/fhir/observation-category code 'laboratory' = 'Laboratory', given as 'Laboratory'})</span></p><p><b>code</b>: COLOR <span style="background: LightGoldenRodYellow">(Details : {LOINC code '5778-6' = '5778-6', given as 'Color of Urine'})</span></p><p><b>subject</b>: <a href="Patient-example.html">Amy Shaw. Generated Summary: id: example; Medical Record Number = 1032702 (USUAL); active; Amy V. Shaw ; ph: 555-555-5555(HOME), amy.shaw@example.com; gender: female; birthDate: Feb 20, 2007</a></p><p><b>effective</b>: Jul 5, 2005</p><p><b>value</b>: Yellow <span style="background: LightGoldenRodYellow">(Details : {http://snomed.inbnm,fo/sct code '371244009' = '371244009', given as 'Yellow'})</span></p><h3>ReferenceRanges</h3><table class="grid"><tr><td>-</td><td><b>Text</b></td></tr><tr><td>*</td><td>Yellow</td></tr></table></div>
  </text>
  <status value="final"/>
  <category>
    <coding>
      <system value="http://hl7.org/fhir/observation-category"/>
      <code value="laboratory"/>
      <display value="Laboratory"/>
    </coding>
    <text value="Laboratory"/>
  </category>
  <code>
    <coding>
      <system value="http://loinc.org"/>
      <code value="5778-6"/>
      <display value="Color of Urine"/>
    </coding>
    <text value="COLOR"/>
  </code>
  <subject>
    <reference value="Patient/example"/>
    <display value="Amy Shaw"/>
  </subject>
  <effectiveDateTime value="2005-07-05"/>
  <valueCodeableConcept>
    <coding>
      <system value="http://snomed.inbnm,fo/sct"/>
      <code value="371244009"/>
      <display value="Yellow"/>
    </coding>
    <text value="Yellow"/>
  </valueCodeableConcept>
  <referenceRange>
    <text value="Yellow"/>
  </referenceRange>
</Observation>