<?xml version="1.0" encoding="UTF-8"?>

<Observation xmlns="http://hl7.org/fhir">
  <id value="oxygen-saturation"/>
  <meta>
    <profile value="http://hl7.org/fhir/StructureDefinition/vitalsigns"/>
  </meta>
  <text>
    <status value="generated"/><div xmlns="http://www.w3.org/1999/xhtml"><p><b>Generated Narrative with Details</b></p><p><b>id</b>: oxygen-saturation</p><p><b>meta</b>: </p><p><b>status</b>: final</p><p><b>category</b>: Vital Signs <span style="background: LightGoldenRodYellow">(Details : {http://hl7.org/fhir/observation-category code 'vital-signs' = 'Vital Signs', given as 'Vital Signs'})</span></p><p><b>code</b>: oxygen_saturation <span style="background: LightGoldenRodYellow">(Details : {LOINC code '59408-5' = '59408-5', given as 'Oxygen saturation in Arterial blood by Pulse oximetry'})</span></p><p><b>subject</b>: <a href="Patient-example.html">Amy Shaw. Generated Summary: id: example; Medical Record Number = 1032702 (USUAL); active; Amy V. Shaw ; ph: 555-555-5555(HOME), amy.shaw@example.com; gender: female; birthDate: Feb 20, 2007</a></p><p><b>context</b>: GP Visit</p><p><b>effective</b>: Jul 2, 1999</p><p><b>value</b>: 99.0 %O2<span style="background: LightGoldenRodYellow"> (Details: UCUM code % = '%')</span></p></div>
  </text>
  <status value="final"/>
  <category>
    <coding>
      <system value="http://hl7.org/fhir/observation-category"/>
      <code value="vital-signs"/>
      <display value="Vital Signs"/>
    </coding>
    <text value="Vital Signs"/>
  </category>
  <code>
    <coding>
      <system value="http://loinc.org"/>
      <code value="59408-5"/>
      <display value="Oxygen saturation in Arterial blood by Pulse oximetry"/>
    </coding>
    <text value="oxygen_saturation"/>
  </code>
  <subject>
    <reference value="Patient/example"/>
    <display value="Amy Shaw"/>
  </subject>
  <context>
    <display value="GP Visit"/>
  </context>
  <effectiveDateTime value="1999-07-02"/>
  <valueQuantity>
    <value value="99.0"/>
    <unit value="%O2"/>
    <system value="http://unitsofmeasure.org"/>
    <code value="%"/>
  </valueQuantity>
</Observation>