{
  "resourceType": "Organization",
  "id": "patriotppo",
  "meta": {
    "profile": [
      "http://hl7.org/fhir/ig/vhdir/StructureDefinition/vhdir-network"
    ]
  },
  "text": {
    "status": "generated",
    "div": "<div xmlns=\"http://www.w3.org/1999/xhtml\"><p><b>Generated Narrative with Details</b></p><p><b>identifier</b>: Healthcare.gov Network ID = DCN001 (SECONDARY)</p><p><b>active</b>: true</p><p><b>type</b>: PPO <span style=\"background: LightGoldenRodYellow\">(Details : {http://hl7.org/fhir/ig/vhdir/CodeSystem/codesystem-network-type code 'ppo' = 'PPO', given as 'PPO'})</span></p><p><b>name</b>: Patriot Preferred Provider Network</p><p><b>alias</b>: Patriot PPO</p><p><b>address</b>: 101 Independence Ave SE, Washington, DC 20540(WORK)</p><p><b>partOf</b>: <a href=\"http://hl7.org/fhir/ig/vhdir/Organization/homeland\">Homeland Health Insurance</a></p><h3>Contacts</h3><table class=\"grid\"><tr><td>-</td><td><b>Purpose</b></td><td><b>Name</b></td><td><b>Telecom</b></td><td><b>Address</b></td></tr><tr><td>*</td><td>Administrative <span style=\"background: LightGoldenRodYellow\">(Details : {http://hl7.org/fhir/contactentity-type code 'ADMIN' = 'Administrative', given as 'Administrative'})</span></td><td>James Madison</td><td>ph: 202-010-1234(WORK)</td><td>101 Independence Ave SE, Washington, DC 20540(WORK)</td></tr></table><p><b>endpoint</b>: homelandinsurance.org/services/network</p></div>"
  },
  "extension": [
    {
      "url": "http://hl7.org/fhir/StructureDefinition/organization-period",
      "valuePeriod": {
        "start": "2012-03-11"
      }
    },
    {
      "url": "http://hl7.org/fhir/ig/vhdir/StructureDefinition/location-reference",
      "valueReference": {
        "reference": "http://hl7.org/fhir/ig/vhdir/Location/dc1",
        "display": "Washington, DC metro area"
      }
    }
  ],
  "identifier": [
    {
      "extension": [
        {
          "url": "http://hl7.org/fhir/ig/vhdir/StructureDefinition/identifier-status",
          "valueCode": "active"
        }
      ],
      "use": "secondary",
      "type": {
        "coding": [
          {
            "system": "http://hl7.org/fhir/v2/0203",
            "code": "NIIP",
            "display": "National Insurance Payor Identifier (Payor)"
          }
        ],
        "text": "Healthcare.gov Network ID"
      },
      "system": "https://www.qhpcertification.cms.gov/s/QHP",
      "value": "DCN001",
      "assigner": {
        "reference": "http://hl7.org/fhir/ig/vhdir/Organization/cms1",
        "display": "Centers for Medicare and Medicaid Services"
      }
    }
  ],
  "active": true,
  "type": [
    {
      "coding": [
        {
          "system": "http://hl7.org/fhir/ig/vhdir/CodeSystem/codesystem-network-type",
          "code": "ppo",
          "display": "PPO"
        }
      ]
    }
  ],
  "name": "Patriot Preferred Provider Network",
  "alias": [
    "Patriot PPO"
  ],
  "address": [
    {
      "extension": [
        {
          "extension": [
            {
              "url": "latitude",
              "valueDecimal": 38.888684
            },
            {
              "url": "longitude",
              "valueDecimal": -77.004719
            }
          ],
          "url": "http://hl7.org/fhir/StructureDefinition/geolocation"
        }
      ],
      "use": "work",
      "type": "both",
      "text": "101 Independence Ave SE, Washington, DC 20540",
      "line": [
        "101 Independence Ave SE"
      ],
      "city": "Washington",
      "state": "DC",
      "postalCode": "20540",
      "country": "USA"
    }
  ],
  "partOf": {
    "reference": "http://hl7.org/fhir/ig/vhdir/Organization/homeland",
    "display": "Homeland Health Insurance"
  },
  "contact": [
    {
      "purpose": {
        "coding": [
          {
            "system": "http://hl7.org/fhir/contactentity-type",
            "code": "ADMIN",
            "display": "Administrative"
          }
        ]
      },
      "name": {
        "use": "usual",
        "text": "James Madison",
        "family": "Madison",
        "given": [
          "James"
        ]
      },
      "telecom": [
        {
          "extension": [
            {
              "extension": [
                {
                  "url": "daysOfWeek",
                  "valueCode": "mon"
                },
                {
                  "url": "daysOfWeek",
                  "valueCode": "tue"
                },
                {
                  "url": "daysOfWeek",
                  "valueCode": "wed"
                },
                {
                  "url": "daysOfWeek",
                  "valueCode": "thu"
                },
                {
                  "url": "daysOfWeek",
                  "valueCode": "fri"
                },
                {
                  "url": "availableStartTime",
                  "valueTime": "09:00:00"
                },
                {
                  "url": "availableEndTime",
                  "valueTime": "17:00:00"
                }
              ],
              "url": "http://hl7.org/fhir/ig/vhdir/StructureDefinition/contactpoint-availabletime"
            }
          ],
          "system": "phone",
          "value": "202-010-1234",
          "use": "work"
        }
      ],
      "address": {
        "extension": [
          {
            "extension": [
              {
                "url": "latitude",
                "valueDecimal": 38.888684
              },
              {
                "url": "longitude",
                "valueDecimal": -77.004719
              }
            ],
            "url": "http://hl7.org/fhir/StructureDefinition/geolocation"
          }
        ],
        "use": "work",
        "type": "both",
        "text": "101 Independence Ave SE, Washington, DC 20540",
        "line": [
          "101 Independence Ave SE"
        ],
        "city": "Washington",
        "state": "DC",
        "postalCode": "20540",
        "country": "USA"
      }
    }
  ],
  "endpoint": [
    {
      "display": "homelandinsurance.org/services/network"
    }
  ]
}