{
  "resourceType": "SearchParameter",
  "id": "searchparameter-qualification-wherevalid-code",
  "text": {
    "status": "generated",
    "div": "<div xmlns=\"http://www.w3.org/1999/xhtml\"><p><b>Generated Narrative with Details</b></p><p><b>url</b>: <a href=\"http://hl7.org/fhir/ig/vhdir/SearchParameter/searchparameter-qualification-wherevalid-code\">http://hl7.org/fhir/ig/vhdir/SearchParameter/searchparameter-qualification-wherevalid-code</a></p><p><b>version</b>: 0.0.0</p><p><b>name</b>: VHDir Qualification Wherevalid Code Search Parameter</p><p><b>status</b>: DRAFT</p><p><b>date</b>: May 23, 2018</p><p><b>publisher</b>: HL7 Patient Administration Committee</p><p><b>contact</b>: </p><p><b>description</b>: Select practitioners with a qualification that is valid at the location indicated by the specified code</p><p><b>url</b>: <a href=\"http://hl7.org/fhir/ig/vhdir/SearchParameter/searchparameter-qualification-wherevalid-code\">http://hl7.org/fhir/ig/vhdir/SearchParameter/searchparameter-qualification-wherevalid-code</a></p><p><b>version</b>: 0.0.0</p><p><b>name</b>: VHDir Qualification Wherevalid Code Search Parameter</p><p><b>status</b>: DRAFT</p><p><b>date</b>: May 23, 2018</p><p><b>publisher</b>: HL7 Patient Administration Committee</p><p><b>contact</b>: </p><p><b>description</b>: Select practitioners with a qualification that is valid at the location indicated by the specified code</p><p><b>code</b>: qualification-wherevalid-code</p><p><b>base</b>: Practitioner, Organization, PractitionerRole</p><p><b>type</b>: TOKEN</p><p><b>expression</b>: Practitioner.qualification.extension('http://hl7.org/fhir/ig/vhdir/StructureDefinition/practitioner-qualification').extension('whereValid').as(CodeableConcept)</p></div>"
  },
  "url": "http://hl7.org/fhir/ig/vhdir/SearchParameter/searchparameter-qualification-wherevalid-code",
  "version": "0.0.0",
  "name": "VHDir Qualification Wherevalid Code Search Parameter",
  "status": "draft",
  "date": "2018-05-23",
  "publisher": "HL7 Patient Administration Committee",
  "contact": [
    {
      "telecom": [
        {
          "system": "url",
          "value": "http://www.hl7.org/Special/committees/pafm/index.cfm"
        }
      ]
    }
  ],
  "description": "Select practitioners with a qualification that is valid at the location indicated by the specified code",
  "code": "qualification-wherevalid-code",
  "base": [
    "Practitioner",
    "Organization",
    "PractitionerRole"
  ],
  "type": "token",
  "expression": "Practitioner.qualification.extension('http://hl7.org/fhir/ig/vhdir/StructureDefinition/practitioner-qualification').extension('whereValid').as(CodeableConcept)"
}