<?xml version="1.0" encoding="UTF-8"?>

<SearchParameter xmlns="http://hl7.org/fhir">
  <id value="searchparameter-primarysource-type"/>
  <text>
    <status value="generated"/><div xmlns="http://www.w3.org/1999/xhtml"><p><b>Generated Narrative with Details</b></p><p><b>url</b>: <a href="http://hl7.org/fhir/ig/vhdir/SearchParameter/searchparameter-primarysource-type">http://hl7.org/fhir/ig/vhdir/SearchParameter/searchparameter-primarysource-type</a></p><p><b>version</b>: 0.0.0</p><p><b>name</b>: VHDir Primarysource Type Search Parameter</p><p><b>status</b>: DRAFT</p><p><b>date</b>: May 23, 2018</p><p><b>publisher</b>: HL7 Patient Administration Committee</p><p><b>contact</b>: </p><p><b>description</b>: Select validation information for data that was validated against the specified type of primary source organization</p><p><b>url</b>: <a href="http://hl7.org/fhir/ig/vhdir/SearchParameter/searchparameter-primarysource-type">http://hl7.org/fhir/ig/vhdir/SearchParameter/searchparameter-primarysource-type</a></p><p><b>version</b>: 0.0.0</p><p><b>name</b>: VHDir Primarysource Type Search Parameter</p><p><b>status</b>: DRAFT</p><p><b>date</b>: May 23, 2018</p><p><b>publisher</b>: HL7 Patient Administration Committee</p><p><b>contact</b>: </p><p><b>description</b>: Select validation information for data that was validated against the specified type of primary source organization</p><p><b>code</b>: primarysource-type</p><p><b>base</b>: VerificationResult</p><p><b>type</b>: TOKEN</p><p><b>expression</b>: VerificationResult.primarySource.type</p></div>
  </text>
  <url value="http://hl7.org/fhir/ig/vhdir/SearchParameter/searchparameter-primarysource-type"/>
  <version value="0.0.0"/>
  <name value="VHDir Primarysource Type Search Parameter"/>
  <status value="draft"/>
  <date value="2018-05-23"/>
  <publisher value="HL7 Patient Administration Committee"/>
  <contact>
    <telecom>
      <system value="url"/>
      <value value="http://www.hl7.org/Special/committees/pafm/index.cfm"/>
    </telecom>
  </contact>
  <description value="Select validation information for data that was validated against the specified type of primary source organization"/>
  <code value="primarysource-type"/>
  <base value="VerificationResult"/>
  <type value="token"/>
  <expression value="VerificationResult.primarySource.type"/>
</SearchParameter>