<?xml version="1.0" encoding="UTF-8"?>

<SearchParameter xmlns="http://hl7.org/fhir">
  <id value="searchparameter-identifier-assigner"/>
  <text>
    <status value="generated"/><div xmlns="http://www.w3.org/1999/xhtml"><p><b>Generated Narrative with Details</b></p><p><b>url</b>: <a href="http://hl7.org/fhir/ig/vhdir/SearchParameter/searchparameter-identifier-assigner">http://hl7.org/fhir/ig/vhdir/SearchParameter/searchparameter-identifier-assigner</a></p><p><b>version</b>: 0.0.0</p><p><b>name</b>: VHDir Identifier Assigner Search Parameter</p><p><b>status</b>: DRAFT</p><p><b>date</b>: May 23, 2018</p><p><b>publisher</b>: HL7 Patient Administration Committee</p><p><b>contact</b>: </p><p><b>description</b>: Select practitioners with an identifier issued by the specified organization</p><p><b>url</b>: <a href="http://hl7.org/fhir/ig/vhdir/SearchParameter/searchparameter-identifier-assigner">http://hl7.org/fhir/ig/vhdir/SearchParameter/searchparameter-identifier-assigner</a></p><p><b>version</b>: 0.0.0</p><p><b>name</b>: VHDir Identifier Assigner Search Parameter</p><p><b>status</b>: DRAFT</p><p><b>date</b>: May 23, 2018</p><p><b>publisher</b>: HL7 Patient Administration Committee</p><p><b>contact</b>: </p><p><b>description</b>: Select practitioners with an identifier issued by the specified organization</p><p><b>code</b>: identifier-assigner</p><p><b>base</b>: Practitioner, Organization, PractitionerRole, OrganizationRole, HealthcareService, Location, CareTeam, Endpoint</p><p><b>type</b>: REFERENCE</p><p><b>expression</b>: Practitioner.identifier.assigner</p></div>
  </text>
  <url value="http://hl7.org/fhir/ig/vhdir/SearchParameter/searchparameter-identifier-assigner"/>
  <version value="0.0.0"/>
  <name value="VHDir Identifier Assigner Search Parameter"/>
  <status value="draft"/>
  <date value="2018-05-23"/>
  <publisher value="HL7 Patient Administration Committee"/>
  <contact>
    <telecom>
      <system value="url"/>
      <value value="http://www.hl7.org/Special/committees/pafm/index.cfm"/>
    </telecom>
  </contact>
  <description value="Select practitioners with an identifier issued by the specified organization"/>
  <code value="identifier-assigner"/>
  <base value="Practitioner"/>
  <base value="Organization"/>
  <base value="PractitionerRole"/>
  <base value="OrganizationRole"/>
  <base value="HealthcareService"/>
  <base value="Location"/>
  <base value="CareTeam"/>
  <base value="Endpoint"/>
  <type value="reference"/>
  <expression value="Practitioner.identifier.assigner"/>
</SearchParameter>