Source File	Size	loadResources	load	generateSnapshots	load-configure	scan	loadDepInfo	loadInfo	checkR4R4B	generateNarratives	validate	loadLists	checkConformanceResources	checkConformanceResources2	checkConformanceResources3	generateLogicalMaps	validateExpressions	scanForUsageStats	checkURLsUnique	processProvenanceDetails	generate1	generate2	generateLogicals	makeDependencies	generateExampleZip	generateValidationPack	scanProfilesForR5	scanExamplesForR5
/input/us-quality-core.xml	48869	-	0	0	0	0	0	0	8	28	0	0	0	0	0	0	0	1	0	0	441	1000	0	0	0	12	0	2
input/profiles/StructureDefinition-us-quality-core-adverseevent.json	11149	2	0	12	1	0	0	0	0	20	0	0	0	0	0	0	0	1	0	0	255	1416	0	0	0	5	1	1
input/profiles/StructureDefinition-us-quality-core-allergyintolerance.json	6676	1	0	12	0	0	0	0	0	7	0	0	1	0	0	0	0	0	0	0	216	227	0	0	0	6	0	0
input/profiles/StructureDefinition-us-quality-core-bodystructure.json	2632	0	0	9	0	0	0	0	0	3	0	0	0	0	0	0	0	1	0	0	80	323	0	1	0	1	0	1
input/profiles/StructureDefinition-us-quality-core-careplan.json	6453	1	0	14	0	0	0	0	0	11	0	0	0	0	0	0	0	1	0	0	219	372	0	0	0	7	1	1
input/profiles/StructureDefinition-us-quality-core-careteam.json	3936	0	0	9	0	0	0	0	0	5	0	0	0	0	0	0	0	0	0	0	104	155	0	0	0	2	0	0
input/profiles/StructureDefinition-us-quality-core-claim.json	8831	1	0	25	0	0	0	0	0	35	0	0	0	0	0	0	0	3	0	0	427	361	0	0	0	7	0	2
input/profiles/StructureDefinition-us-quality-core-claimresponse.json	14535	1	0	38	0	0	0	0	1	26	0	0	1	0	0	0	0	4	0	0	421	534	0	0	0	13	1	1
input/profiles/StructureDefinition-us-quality-core-communication.json	4692	0	0	9	0	0	0	0	0	7	0	0	0	0	0	0	0	2	0	0	129	161	0	0	0	3	0	1
input/profiles/StructureDefinition-us-quality-core-communicationnotdone.json	4925	1	0	11	0	0	0	0	0	17	0	0	0	0	0	0	0	0	0	0	137	148	0	0	0	3	0	0
input/profiles/StructureDefinition-us-quality-core-communicationrequest.json	4824	0	0	7	0	0	0	0	0	5	0	0	0	0	0	0	0	1	0	0	129	141	0	0	0	3	0	0
input/profiles/StructureDefinition-us-quality-core-condition-encounter-diagnosis.json	5668	1	0	9	1	0	0	0	0	5	0	0	0	0	0	0	0	1	0	0	170	231	0	0	0	3	0	1
input/profiles/StructureDefinition-us-quality-core-condition-problems-health-concerns.json	6790	0	0	10	0	0	0	0	0	7	0	0	0	0	0	0	0	0	0	0	201	147	0	0	0	3	1	1
input/profiles/StructureDefinition-us-quality-core-coverage.json	12059	1	0	15	0	0	0	0	0	11	0	0	0	0	0	0	0	4	0	0	258	220	0	0	0	5	0	0
input/profiles/StructureDefinition-us-quality-core-device.json	2102	0	0	35	0	0	0	0	0	8	0	0	0	0	0	0	0	1	0	0	159	152	0	0	0	6	0	1
input/profiles/StructureDefinition-us-quality-core-devicenotrequested.json	5779	1	0	17	0	0	0	0	0	12	0	0	1	0	0	0	0	1	0	0	170	151	0	0	0	3	0	1
input/profiles/StructureDefinition-us-quality-core-devicerequest.json	3794	0	0	9	0	0	0	0	0	7	0	0	0	0	0	0	0	3	0	0	143	124	0	0	0	3	0	0
input/profiles/StructureDefinition-us-quality-core-deviceusestatement.json	3417	1	0	5	0	0	0	0	0	3	0	0	0	0	0	0	0	0	0	0	90	90	0	0	0	2	1	1
input/profiles/StructureDefinition-us-quality-core-diagnosticreport-lab.json	8873	0	0	7	0	0	0	0	0	13	0	0	0	0	0	0	0	1	0	0	173	130	0	0	0	3	0	0
input/profiles/StructureDefinition-us-quality-core-diagnosticreport-note.json	9304	1	0	8	0	0	0	0	0	6	0	0	0	0	0	0	0	2	0	0	165	129	0	0	0	3	3	0
input/profiles/StructureDefinition-us-quality-core-encounter.json	17030	1	0	16	0	0	0	0	0	12	0	0	0	0	0	0	0	2	0	0	341	187	0	0	0	11	2	2
input/profiles/StructureDefinition-us-quality-core-familymemberhistory.json	4567	1	0	9	0	0	0	0	0	6	0	0	0	0	0	0	0	1	0	0	145	135	0	0	0	3	0	0
input/profiles/StructureDefinition-us-quality-core-flag.json	2788	0	0	5	0	0	0	0	0	3	0	0	0	0	0	0	0	0	0	0	75	87	0	0	0	3	1	0
input/profiles/StructureDefinition-us-quality-core-goal.json	4650	0	0	6	0	0	0	0	0	4	0	0	0	0	0	0	0	1	0	0	117	121	0	0	0	3	1	1
input/profiles/StructureDefinition-us-quality-core-imagingstudy.json	8918	1	0	11	0	0	1	0	1	14	0	0	1	0	0	0	0	4	0	0	193	203	0	1	0	4	1	0
input/profiles/StructureDefinition-us-quality-core-immunization.json	5530	1	0	10	0	0	0	0	0	6	0	0	0	0	0	0	0	1	0	0	189	164	0	0	0	5	1	1
input/profiles/StructureDefinition-us-quality-core-immunizationevaluation.json	5309	0	0	5	0	0	0	0	0	4	0	0	0	0	0	0	0	0	0	0	102	100	0	0	0	2	1	0
input/profiles/StructureDefinition-us-quality-core-immunizationnotdone.json	5963	1	0	10	0	0	0	0	0	14	0	0	0	0	0	0	0	2	0	0	203	190	0	0	0	3	0	1
input/profiles/StructureDefinition-us-quality-core-immunizationrecommendation.json	4832	0	0	6	0	0	0	0	0	20	0	0	1	0	0	0	0	0	0	0	126	140	0	0	0	3	0	0
input/profiles/StructureDefinition-us-quality-core-location.json	3414	1	0	8	0	0	0	0	0	8	0	0	0	0	0	0	0	1	0	0	143	181	0	0	0	3	0	1
input/profiles/StructureDefinition-us-quality-core-medication.json	3583	0	0	23	0	0	0	0	0	6	0	0	0	0	0	0	0	1	0	0	110	128	0	0	0	4	0	0
input/profiles/StructureDefinition-us-quality-core-medicationadministration.json	6099	1	0	9	0	0	0	0	0	229	0	0	0	0	0	0	0	0	0	0	163	268	0	0	0	3	1	1
input/profiles/StructureDefinition-us-quality-core-medicationadministrationnotdone.json	7175	0	0	9	0	0	0	0	0	9	0	0	0	0	0	0	0	1	0	0	192	215	0	0	0	4	0	0
input/profiles/StructureDefinition-us-quality-core-medicationdispense.json	10038	1	0	12	0	0	0	0	0	10	0	0	0	0	0	0	0	4	0	0	260	414	0	0	0	7	0	1
input/profiles/StructureDefinition-us-quality-core-medicationdispensedeclined.json	9613	1	0	29	1	0	0	0	0	10	0	0	0	0	0	0	0	1	0	0	263	289	0	0	0	14	0	1
input/profiles/StructureDefinition-us-quality-core-medicationnotrequested.json	12772	1	0	22	0	0	0	0	0	12	0	0	0	0	0	0	0	2	0	0	337	282	0	0	0	11	1	1
input/profiles/StructureDefinition-us-quality-core-medicationrequest.json	18658	1	0	19	0	0	0	0	0	14	0	0	1	0	0	0	0	9	0	0	426	372	0	0	0	8	0	1
input/profiles/StructureDefinition-us-quality-core-medicationstatement.json	6350	1	0	9	0	0	0	0	0	7	0	0	0	0	0	0	0	0	0	0	192	244	0	0	0	4	0	1
input/profiles/StructureDefinition-us-quality-core-nonpatient-observation.json	15610	1	0	12	0	0	0	0	0	14	0	0	0	0	0	0	0	1	0	0	306	239	0	0	0	8	0	0
input/profiles/StructureDefinition-us-quality-core-nutritionorder.json	2408	0	0	9	0	0	0	0	0	7	0	0	0	0	0	0	0	4	0	0	213	188	0	0	0	4	0	1
input/profiles/StructureDefinition-us-quality-core-observation-clinical-result.json	10056	1	0	10	0	0	0	0	0	19	0	0	0	0	0	0	0	3	0	0	264	253	0	0	0	11	1	1
input/profiles/StructureDefinition-us-quality-core-observation-lab.json	14007	1	0	10	0	0	0	0	0	13	0	0	1	0	0	0	0	1	0	0	287	684	0	0	0	5	0	1
input/profiles/StructureDefinition-us-quality-core-observation-screening-assessment.json	20503	1	0	10	0	0	0	0	1	13	0	0	0	0	0	0	0	2	0	0	340	833	0	0	0	8	0	1
input/profiles/StructureDefinition-us-quality-core-observationcancelled.json	11700	1	0	11	0	0	0	0	0	10	0	0	0	0	0	0	0	1	0	2	282	225	0	0	0	5	0	0
input/profiles/StructureDefinition-us-quality-core-organization.json	5045	1	0	14	0	0	0	0	0	9	0	0	0	0	0	0	0	1	0	0	216	236	0	0	0	8	0	1
input/profiles/StructureDefinition-us-quality-core-patient.json	25161	3	0	17	0	0	0	0	0	16	0	0	0	0	0	0	0	4	0	0	365	389	0	0	0	11	1	1
input/profiles/StructureDefinition-us-quality-core-practitioner.json	10168	3	0	13	0	0	0	0	0	10	0	0	1	0	0	0	0	6	0	0	288	353	0	0	0	7	0	2
input/profiles/StructureDefinition-us-quality-core-practitionerrole.json	8364	1	0	7	0	0	0	0	0	14	0	0	0	0	0	0	0	1	0	0	195	213	0	0	0	4	0	0
input/profiles/StructureDefinition-us-quality-core-procedure.json	8881	1	0	9	0	0	0	0	0	7	0	0	0	0	0	0	0	3	0	0	203	203	0	1	0	3	0	1
input/profiles/StructureDefinition-us-quality-core-procedurenotdone.json	8962	1	0	8	0	0	0	0	0	8	0	0	0	0	0	0	0	2	0	0	209	193	0	0	0	8	1	2
input/profiles/StructureDefinition-us-quality-core-questionnaireresponse.json	5086	1	0	8	0	0	0	0	0	5	0	0	0	0	0	0	0	1	0	0	185	202	0	0	0	3	0	1
input/profiles/StructureDefinition-us-quality-core-relatedperson.json	4453	1	0	5	0	0	0	0	0	4	0	0	0	0	0	0	0	0	0	0	111	118	0	0	0	2	0	1
input/profiles/StructureDefinition-us-quality-core-servicenotrequested.json	10108	0	0	9	0	0	0	0	0	11	0	0	0	0	0	0	0	2	0	0	218	208	0	0	0	4	0	0
input/profiles/StructureDefinition-us-quality-core-servicerequest.json	9718	1	0	9	0	0	0	0	0	7	0	0	0	0	0	0	0	2	0	0	217	216	0	0	0	3	0	1
input/profiles/StructureDefinition-us-quality-core-simple-observation.json	18946	1	0	12	0	0	0	0	0	10	0	0	1	0	0	0	0	1	0	0	323	269	0	0	0	6	0	1
input/profiles/StructureDefinition-us-quality-core-substance.json	2586	1	0	5	0	0	0	0	0	7	0	0	0	0	0	0	0	1	0	0	102	132	0	0	0	4	1	0
input/profiles/StructureDefinition-us-quality-core-task.json	4818	1	0	10	0	0	0	0	0	23	0	0	0	0	0	0	0	1	0	0	175	204	0	0	0	5	0	0
input/profiles/StructureDefinition-us-quality-core-taskrejected.json	6449	1	0	11	0	0	0	0	0	9	0	0	0	0	0	0	0	2	0	0	206	219	0	0	0	4	0	1
input/resources/CapabilityStatement-us-quality-core-client.json	127201	4	0	0	4	0	0	0	4	53	0	0	0	0	0	0	0	0	0	0	381	102	0	1	0	5	0	1
input/resources/CapabilityStatement-us-quality-core-server.json	128141	5	0	0	0	0	0	0	2	32	0	0	0	0	0	0	0	0	0	0	369	65	0	1	0	6	0	0
input/resources/SearchParameter-us-quality-core-adverseevent-event.json	904	1	0	0	0	0	0	0	1	3	0	0	0	0	0	0	0	0	0	0	5	7	0	0	0	1	0	1
input/resources/SearchParameter-us-quality-core-adverseevent-recorded-date.json	2739	0	0	0	0	0	0	0	0	1	0	0	0	0	0	0	0	0	0	0	9	7	0	0	0	0	0	0
input/resources/SearchParameter-us-quality-core-adverseevent-subject.json	948	0	0	0	0	0	0	0	0	0	0	0	0	0	0	0	0	0	0	0	5	7	0	0	0	0	0	0
input/resources/SearchParameter-us-quality-core-allergyintolerance-patient.json	956	1	0	0	1	0	0	0	0	1	0	0	0	0	0	0	0	0	0	0	6	5	0	0	0	0	0	0
input/resources/SearchParameter-us-quality-core-bodystructure-patient.json	926	0	0	0	0	0	0	0	0	1	0	0	0	0	0	0	0	0	0	0	5	7	0	0	0	1	0	0
input/resources/SearchParameter-us-quality-core-careplan-category.json	898	0	0	0	0	0	0	0	0	0	0	0	0	0	0	0	0	0	0	0	9	6	0	0	0	0	0	0
input/resources/SearchParameter-us-quality-core-careplan-patient.json	924	1	0	0	0	0	0	0	0	1	0	0	0	0	0	0	0	0	0	0	7	8	0	0	0	0	0	0
input/resources/SearchParameter-us-quality-core-careteam-patient.json	924	0	0	0	0	0	0	0	0	0	0	0	0	0	0	0	0	0	0	0	6	7	0	0	0	0	0	0
input/resources/SearchParameter-us-quality-core-careteam-status.json	886	0	0	0	0	0	0	0	0	1	0	0	0	0	0	0	0	0	0	0	5	6	0	0	0	0	0	0
input/resources/SearchParameter-us-quality-core-claim-patient.json	878	0	0	0	0	0	0	0	0	0	0	0	0	0	0	0	0	0	0	0	6	9	0	0	0	0	0	0
input/resources/SearchParameter-us-quality-core-claimresponse-patient.json	926	1	0	0	0	0	0	0	0	1	0	0	0	0	0	0	0	0	0	0	5	5	0	0	0	0	0	0
input/resources/SearchParameter-us-quality-core-claimresponse-type.json	904	0	0	0	0	0	0	0	0	0	0	0	0	0	0	0	0	0	0	0	5	5	0	0	0	0	0	0
input/resources/SearchParameter-us-quality-core-communication-patient.json	954	0	0	0	0	0	0	0	0	1	0	0	0	0	0	0	0	0	0	0	5	4	0	0	0	0	0	0
input/resources/SearchParameter-us-quality-core-communication-topic.json	910	0	0	0	0	0	0	0	0	0	0	0	0	0	0	0	0	0	0	0	6	6	0	0	0	0	0	0
input/resources/SearchParameter-us-quality-core-communicationrequest-category.json	970	1	0	0	0	0	0	0	0	1	0	0	0	0	0	0	0	0	0	0	5	8	0	0	0	1	0	0
input/resources/SearchParameter-us-quality-core-communicationrequest-patient.json	996	0	0	0	0	0	0	0	0	0	0	0	0	0	0	0	0	0	0	0	5	6	0	0	0	0	0	0
input/resources/SearchParameter-us-quality-core-condition-abatement-date.json	2421	0	0	0	0	0	0	0	1	1	0	0	0	0	0	0	0	0	0	0	8	9	0	0	0	0	0	0
input/resources/SearchParameter-us-quality-core-condition-category.json	904	0	0	0	0	0	0	0	0	0	0	0	0	0	0	0	0	0	0	0	5	5	0	0	0	0	0	0
input/resources/SearchParameter-us-quality-core-condition-code.json	880	1	0	0	0	0	0	0	0	1	0	0	0	0	0	0	0	0	0	0	5	6	0	0	0	0	0	0
input/resources/SearchParameter-us-quality-core-condition-onset-date.json	2393	0	0	0	0	0	0	0	0	1	0	0	0	0	0	0	0	0	0	0	9	9	0	0	0	0	0	0
input/resources/SearchParameter-us-quality-core-condition-patient.json	930	0	0	0	0	0	0	0	0	0	0	0	0	0	0	0	0	0	0	0	5	7	0	0	0	0	0	0
input/resources/SearchParameter-us-quality-core-coverage-patient.json	900	0	0	0	0	0	0	0	0	1	0	0	0	0	0	0	0	0	0	0	6	6	0	0	0	0	0	0
input/resources/SearchParameter-us-quality-core-device-patient.json	884	1	0	0	0	0	0	0	0	0	0	0	0	0	0	0	0	0	0	0	5	6	0	0	0	0	0	0
input/resources/SearchParameter-us-quality-core-device-type.json	862	0	0	0	0	0	0	0	0	1	0	0	0	0	0	0	0	0	0	0	5	6	0	0	0	0	0	0
input/resources/SearchParameter-us-quality-core-devicerequest-code.json	924	0	0	0	0	0	0	0	0	0	0	0	0	0	0	0	0	0	0	0	5	9	0	0	0	1	0	0
input/resources/SearchParameter-us-quality-core-devicerequest-do-not-perform.json	1065	0	0	0	0	0	0	0	0	1	0	0	0	0	0	0	0	0	0	0	6	12	0	0	0	0	0	0
input/resources/SearchParameter-us-quality-core-devicerequest-patient.json	954	1	0	0	0	0	0	0	0	0	0	0	0	0	0	0	0	0	0	0	5	6	0	0	0	0	0	0
input/resources/SearchParameter-us-quality-core-deviceusestatement-device-type.json	975	0	0	0	0	0	0	0	0	1	0	0	0	0	0	0	0	1	0	0	6	5	0	0	0	0	0	0
input/resources/SearchParameter-us-quality-core-deviceusestatement-patient.json	984	0	0	0	0	0	0	0	0	0	0	0	0	0	0	0	0	0	0	0	6	5	0	0	0	0	0	0
input/resources/SearchParameter-us-quality-core-diagnosticreport-category.json	946	0	0	0	0	0	0	0	0	1	0	0	0	0	0	0	0	0	0	0	5	4	0	0	0	0	0	0
input/resources/SearchParameter-us-quality-core-diagnosticreport-code.json	922	1	0	0	0	0	0	0	0	0	0	0	0	0	0	0	0	0	0	0	5	6	0	0	0	0	0	0
input/resources/SearchParameter-us-quality-core-diagnosticreport-date.json	2716	0	0	0	0	0	0	0	0	1	0	0	0	0	0	0	0	0	0	0	8	5	0	0	0	0	0	0
input/resources/SearchParameter-us-quality-core-diagnosticreport-patient.json	972	0	0	0	0	0	0	0	1	0	0	0	0	0	0	0	0	0	0	0	5	5	0	0	0	0	0	0
input/resources/SearchParameter-us-quality-core-encounter-date.json	2671	1	0	0	1	0	0	0	0	1	0	0	0	0	0	0	0	0	0	0	8	6	0	0	0	0	0	0
input/resources/SearchParameter-us-quality-core-encounter-id.json	866	0	0	0	0	0	0	0	0	0	0	0	0	0	0	0	0	0	0	0	5	8	0	0	0	1	0	0
input/resources/SearchParameter-us-quality-core-encounter-patient.json	930	0	0	0	0	0	0	0	0	1	0	0	0	0	0	0	0	0	0	0	6	5	0	0	0	0	0	0
input/resources/SearchParameter-us-quality-core-encounter-type.json	880	1	0	0	0	0	0	0	0	0	0	0	0	0	0	0	0	0	0	0	6	6	0	0	0	0	0	0
input/resources/SearchParameter-us-quality-core-familymemberhistory-patient.json	962	0	0	0	0	0	0	0	0	1	0	0	0	0	0	0	0	0	0	0	5	4	0	0	0	0	0	0
input/resources/SearchParameter-us-quality-core-flag-code.json	850	0	0	0	0	0	0	0	0	0	0	0	0	0	0	0	0	0	0	0	6	5	0	0	0	0	0	0
input/resources/SearchParameter-us-quality-core-flag-patient.json	900	0	0	0	0	0	0	0	0	1	0	0	0	0	0	0	0	0	0	0	5	3	0	0	0	0	0	0
input/resources/SearchParameter-us-quality-core-goal-patient.json	900	1	0	0	0	0	0	0	0	0	0	0	0	0	0	0	0	0	0	0	9	4	0	0	0	0	0	0
input/resources/SearchParameter-us-quality-core-immunization-date.json	2347	0	0	0	0	0	0	0	0	1	0	0	0	0	0	0	0	0	0	0	10	6	0	0	0	0	0	0
input/resources/SearchParameter-us-quality-core-immunization-patient.json	920	0	0	0	0	0	0	0	0	0	0	0	0	0	0	0	0	0	0	0	8	5	0	0	0	0	0	0
input/resources/SearchParameter-us-quality-core-immunization-status.json	910	0	0	0	0	0	0	0	0	1	0	0	0	0	0	0	0	0	0	0	8	10	0	0	0	0	0	0
input/resources/SearchParameter-us-quality-core-immunizationevaluation-patient.json	980	1	0	0	0	0	0	0	0	0	0	0	0	0	0	0	0	0	0	0	13	4	0	0	0	0	0	0
input/resources/SearchParameter-us-quality-core-immunizationevaluation-target-disease.json	1016	0	0	0	0	0	0	0	0	1	0	0	0	0	0	0	0	0	0	0	8	5	0	0	0	1	0	0
input/resources/SearchParameter-us-quality-core-location-id.json	515	0	0	0	0	0	0	0	0	0	0	0	0	0	0	0	0	0	0	0	7	4	0	0	0	0	0	0
input/resources/SearchParameter-us-quality-core-medication-code.json	886	0	0	0	0	0	0	0	0	1	0	0	0	0	0	0	0	0	0	0	7	3	0	0	0	0	0	0
input/resources/SearchParameter-us-quality-core-medicationadministration-code.json	996	1	0	0	0	0	0	0	1	0	0	0	0	0	0	0	0	0	0	0	7	5	0	0	0	0	0	0
input/resources/SearchParameter-us-quality-core-medicationadministration-effective-time.json	2813	0	0	0	0	0	0	0	0	1	0	0	0	0	0	0	0	0	0	0	9	4	0	0	0	0	0	0
input/resources/SearchParameter-us-quality-core-medicationadministration-patient.json	1020	0	0	0	0	0	0	0	0	1	0	0	0	0	0	0	0	0	0	0	7	4	0	0	0	0	0	0
input/resources/SearchParameter-us-quality-core-medicationadministration-status.json	982	1	0	0	0	0	0	0	0	0	0	0	0	0	0	0	0	0	0	0	9	3	0	0	0	0	0	0
input/resources/SearchParameter-us-quality-core-medicationdispense-patient.json	984	0	0	0	0	0	0	0	0	0	0	0	0	0	0	0	0	0	0	0	5	7	0	0	0	0	0	0
input/resources/SearchParameter-us-quality-core-medicationdispense-status.json	946	0	0	0	0	0	0	0	0	1	0	0	0	0	0	0	0	0	0	0	6	7	0	0	0	0	0	0
input/resources/SearchParameter-us-quality-core-medicationrequest-do-not-perform.json	984	0	0	0	0	0	0	0	0	2	0	0	0	0	0	0	0	0	0	0	5	7	0	0	0	0	0	0
input/resources/SearchParameter-us-quality-core-medicationrequest-intent.json	940	1	0	0	0	0	0	0	0	0	0	0	0	0	0	0	0	0	0	0	6	5	0	0	0	0	0	0
input/resources/SearchParameter-us-quality-core-medicationrequest-patient.json	978	0	0	0	0	0	0	0	0	1	0	0	0	0	0	0	0	0	0	0	5	7	0	0	0	0	0	0
input/resources/SearchParameter-us-quality-core-medicationstatement-code.json	966	0	0	0	0	0	0	0	0	0	0	0	0	0	0	0	0	0	0	0	6	5	0	0	0	1	0	0
input/resources/SearchParameter-us-quality-core-medicationstatement-patient.json	990	0	0	0	0	0	0	0	0	1	0	0	0	0	0	0	0	0	0	0	6	3	0	0	0	0	0	0
input/resources/SearchParameter-us-quality-core-observation-category.json	916	1	0	0	0	0	0	0	0	1	0	0	0	0	0	0	0	0	0	0	5	5	0	0	0	0	0	0
input/resources/SearchParameter-us-quality-core-observation-code.json	892	0	0	0	0	0	0	0	0	0	0	0	0	0	0	0	0	0	0	0	5	4	0	0	0	0	0	0
input/resources/SearchParameter-us-quality-core-observation-date.json	2686	0	0	0	0	0	0	0	0	1	0	0	0	0	0	0	0	0	0	0	8	11	0	0	0	0	0	0
input/resources/SearchParameter-us-quality-core-observation-patient.json	942	1	0	0	1	0	0	0	0	0	0	0	0	0	0	0	0	0	0	0	6	5	0	0	0	0	0	0
input/resources/SearchParameter-us-quality-core-observation-status.json	904	0	0	0	0	0	0	0	0	1	0	0	0	0	0	0	0	0	0	0	5	6	0	0	0	0	0	0
input/resources/SearchParameter-us-quality-core-patient-id.json	856	0	0	0	0	0	0	0	0	1	0	0	0	0	0	0	0	0	0	0	5	5	0	0	0	0	0	0
input/resources/SearchParameter-us-quality-core-practitioner-id.json	535	0	0	0	0	0	0	0	1	0	0	0	0	0	0	0	0	0	0	0	6	7	0	0	0	0	0	0
input/resources/SearchParameter-us-quality-core-practitionerrole-id.json	555	1	0	0	0	0	0	0	0	1	0	0	0	0	0	0	0	0	0	0	5	8	0	0	0	0	0	0
input/resources/SearchParameter-us-quality-core-procedure-date.json	2674	0	0	0	0	0	0	0	0	0	0	0	0	0	0	0	0	0	0	0	8	7	0	0	0	1	0	0
input/resources/SearchParameter-us-quality-core-procedure-patient.json	930	0	0	0	0	0	0	0	0	1	0	0	0	0	0	0	0	0	0	0	6	4	0	0	0	0	0	0
input/resources/SearchParameter-us-quality-core-procedure-status.json	892	1	0	0	0	0	0	0	0	0	0	0	0	0	0	0	0	0	0	0	5	6	0	0	0	0	0	0
input/resources/SearchParameter-us-quality-core-questionnaireresponse-id.json	926	0	0	0	0	0	0	0	0	1	0	0	0	0	0	0	0	0	0	0	6	4	0	0	0	0	0	0
input/resources/SearchParameter-us-quality-core-questionnaireresponse-patient.json	1002	0	0	0	0	0	0	0	0	0	0	0	0	0	0	0	0	0	0	0	6	4	0	0	0	0	0	1
input/resources/SearchParameter-us-quality-core-questionnaireresponse-questionnaire.json	1006	1	0	0	0	0	0	0	0	1	0	0	0	0	0	0	0	0	0	0	5	5	0	0	0	0	0	0
input/resources/SearchParameter-us-quality-core-relatedperson-id.json	886	0	0	0	0	0	0	0	0	0	0	0	0	0	0	0	0	0	0	0	6	8	0	0	0	0	0	0
input/resources/SearchParameter-us-quality-core-relatedperson-patient.json	926	0	0	0	0	0	0	0	0	1	0	0	0	0	0	0	0	0	0	0	5	5	0	0	0	0	0	0
input/resources/SearchParameter-us-quality-core-servicerequest-authored.json	2725	0	0	0	0	0	0	0	0	0	0	0	0	0	0	0	0	0	0	0	9	5	0	0	0	0	0	0
input/resources/SearchParameter-us-quality-core-servicerequest-category.json	934	1	0	0	0	0	0	0	0	1	0	0	0	0	0	0	0	0	0	0	6	4	0	0	0	0	0	0
input/resources/SearchParameter-us-quality-core-servicerequest-code.json	910	0	0	0	0	0	0	0	0	0	0	0	0	0	0	0	0	0	0	0	5	4	0	0	0	0	0	0
input/resources/SearchParameter-us-quality-core-servicerequest-do-not-perform.json	966	0	0	0	0	0	0	0	0	1	0	0	0	0	0	0	0	0	0	0	6	3	0	0	0	1	0	0
input/resources/SearchParameter-us-quality-core-servicerequest-id.json	891	0	0	0	0	0	0	0	0	0	0	0	0	0	0	0	0	0	0	0	6	4	0	0	0	0	0	0
input/resources/SearchParameter-us-quality-core-servicerequest-patient.json	960	1	0	0	0	0	0	0	0	1	0	0	0	0	0	0	0	0	0	0	5	7	0	0	0	0	0	0
input/resources/SearchParameter-us-quality-core-substance-code.json	880	0	0	0	0	0	0	0	0	0	0	0	0	0	0	0	0	0	0	0	6	3	0	0	0	0	0	0
input/resources/SearchParameter-us-quality-core-task-code.json	850	0	0	0	0	0	0	0	0	1	0	0	0	0	0	0	0	0	0	0	6	5	0	0	0	0	0	0
input/resources/SearchParameter-us-quality-core-task-patient.json	896	0	0	0	0	0	0	0	0	0	0	0	0	0	0	0	0	0	0	0	11	3	0	0	0	0	0	0
input/resources/SearchParameter-us-quality-core-task-status.json	862	1	0	0	0	0	0	0	1	1	0	0	0	0	0	0	0	0	0	0	6	4	0	0	0	0	0	0
input/resources/StructureDefinition-us-quality-core-doNotPerformReason.json	9409	1	0	2	0	0	0	0	0	2	0	0	0	0	0	0	0	0	0	0	36	90	0	0	0	1	0	0
input/resources/StructureDefinition-us-quality-core-encounter-diagnosisPresentOnAdmission.json	2543	0	0	1	0	0	0	0	0	2	0	0	0	0	0	0	0	0	0	0	34	126	0	0	0	0	0	0
input/resources/StructureDefinition-us-quality-core-isElective.json	2113	1	0	2	0	0	0	0	0	3	0	0	0	0	0	0	0	0	0	0	32	89	0	0	0	1	0	0
input/resources/StructureDefinition-us-quality-core-notDoneReason.json	2322	0	0	2	1	0	0	0	0	2	0	0	0	0	0	0	0	1	0	0	33	94	0	0	0	0	0	0
input/resources/StructureDefinition-us-quality-core-recorded.json	2036	0	0	1	0	0	0	0	0	2	0	0	0	0	0	0	0	0	0	0	32	85	0	0	0	1	0	0
input/resources/StructureDefinition-uscdiplusquality.json	9916	1	0	1	0	0	0	0	0	0	0	0	0	0	0	0	0	0	0	0	16	74	0	0	0	0	0	0
input/resources/adverseevent-example.xml	1616	10	0	0	0	0	0	0	0	1177	0	0	0	0	0	0	0	0	0	0	8	187	0	0	0	0	0	0
input/resources/allergyintolerance-example-refuted.xml	1237	3	0	0	0	0	0	0	0	3	0	0	0	0	0	0	0	0	0	0	7	22	0	0	0	0	0	0
input/resources/allergyintolerance-example.xml	2760	4	0	0	0	0	0	0	0	3	0	0	0	0	0	0	0	0	0	0	11	23	0	0	0	0	0	0
input/resources/bodystructure-example.xml	1062	2	0	0	0	0	0	0	0	13	0	0	0	0	0	0	0	0	0	0	5	9	0	0	0	0	0	0
input/resources/careplan-example.xml	7996	6	0	0	0	0	0	0	0	0	0	0	0	0	0	0	0	0	0	0	10	21	0	0	0	0	0	0
input/resources/careteam-example.xml	722	2	0	0	0	0	0	0	0	1	0	0	0	0	0	0	0	0	0	0	5	8	0	0	0	0	0	0
input/resources/claim-example.xml	2469	3	0	0	0	0	0	0	0	5	0	0	0	0	0	0	0	0	0	0	11	36	0	0	0	0	0	0
input/resources/claimresponse-example.xml	1622	2	0	0	0	0	0	0	0	3	0	0	0	0	0	0	0	0	0	0	11	24	0	0	0	0	0	0
input/resources/communication-example.xml	1737	3	0	0	0	0	0	0	0	80	0	0	0	0	0	0	0	0	0	0	9	27	0	0	0	0	0	0
input/resources/communication-negation-example.xml	1612	2	0	0	0	0	0	0	1	2	0	0	0	0	0	0	0	0	0	0	10	18	0	0	0	0	0	0
input/resources/communicationrequest-example.xml	1693	3	0	0	0	0	0	0	0	3	0	0	0	0	0	0	0	0	0	0	10	26	0	0	0	0	0	0
input/resources/condition-appendicitis-example.xml	1664	2	0	0	0	0	0	0	0	3	0	0	0	0	0	0	0	0	0	0	9	15	0	0	0	0	0	0
input/resources/conditionencounterdiagnosis-example.xml	1975	2	0	0	0	0	0	0	0	1	0	0	0	0	0	0	0	0	0	0	9	18	0	0	0	0	0	0
input/resources/conditionproblemshealthconcerns-example.xml	2241	2	0	0	0	0	0	0	0	0	0	0	0	0	0	0	0	0	0	0	8	8	0	0	0	0	0	0
input/resources/coverage-example.xml	1862	2	0	0	0	0	0	0	0	1	0	0	0	0	0	0	0	0	0	0	8	21	0	0	0	0	0	0
input/resources/device-example.xml	1406	3	0	0	0	0	0	0	0	1	0	0	0	0	0	0	0	0	0	0	6	16	0	0	1	0	0	0
input/resources/devicerequest-example.xml	1072	1	0	0	0	0	0	0	0	14	0	0	0	0	0	0	0	0	0	0	6	16	0	0	0	0	0	0
input/resources/devicerequest-negation-example.xml	1374	2	0	0	0	0	0	0	0	2	0	0	0	0	0	0	0	0	0	0	5	8	0	0	0	0	0	0
input/resources/devicerequest-negation-with-code-example.xml	1375	2	0	0	0	0	0	0	0	0	0	0	0	0	0	0	0	0	0	0	6	7	0	0	0	0	0	0
input/resources/deviceusestatement-example.xml	666	1	0	0	0	0	0	0	0	1	0	0	0	0	0	0	0	0	0	0	5	15	0	0	0	0	0	0
input/resources/diagnosticreport-example.xml	1083	2	0	0	0	0	0	0	0	1	0	0	0	0	0	0	0	0	0	0	7	17	0	0	0	0	0	0
input/resources/diagnosticreport-note-example.xml	2727	2	0	0	0	0	0	0	0	1	0	0	0	0	0	0	0	0	0	0	8	8	0	0	0	0	0	0
input/resources/encounter-ed-example.json	2234	1	0	0	0	0	0	0	0	2	0	0	0	0	0	0	0	0	0	0	9	25	0	0	0	0	0	0
input/resources/encounter-example.xml	2298	2	0	0	0	0	0	0	0	1	0	0	0	0	0	0	0	0	0	0	8	15	0	0	0	0	0	1
input/resources/familymemberhistory-example.xml	1843	2	0	0	0	0	0	0	0	1	0	0	0	0	0	0	0	0	0	0	7	11	0	0	0	0	0	0
input/resources/flag-example.xml	1022	1	0	0	0	0	0	0	0	1	0	0	0	0	0	0	0	0	0	0	4	15	0	0	0	0	0	0
input/resources/goal-example.xml	2135	3	0	0	0	0	0	0	0	2	0	0	0	0	0	0	0	0	0	0	7	18	0	0	0	0	0	0
input/resources/imagingstudy-example.xml	2928	2	0	0	0	0	0	0	1	0	0	0	0	0	0	0	0	0	0	0	7	15	0	0	0	0	0	0
input/resources/immunization-example.xml	2849	4	0	0	0	0	0	0	0	3	0	0	0	0	0	0	0	0	0	0	13	30	0	0	0	0	0	0
input/resources/immunization-negation-example-code.xml	1013	1	0	0	0	0	0	0	0	1	0	0	0	0	0	0	0	0	0	0	6	12	0	0	0	0	0	0
input/resources/immunization-negation-example.xml	1063	2	0	0	0	0	0	0	0	2	0	0	0	0	0	0	0	0	0	0	5	9	0	0	0	0	0	0
input/resources/immunization-statusreason-example.xml	954	2	0	0	0	0	0	0	0	1	0	0	0	0	0	0	0	0	0	0	6	10	0	0	0	0	0	0
input/resources/immunizationevaluation-example.xml	1177	1	0	0	0	0	0	0	0	1	0	0	0	0	0	0	0	0	0	0	8	15	0	0	0	0	0	0
input/resources/immunizationrecommendation-example.xml	2681	2	0	0	0	0	0	0	0	2	0	0	0	0	0	0	0	0	0	0	11	15	0	0	0	0	0	0
input/resources/library-USQualityCore-ModelInfo.json	754	1	0	0	0	0	0	0	0	87	0	0	0	0	0	0	0	0	0	0	607	18	0	0	0	13	0	0
input/resources/library-USQualityCoreCommon.json	1227	0	0	0	0	0	0	0	0	252	0	0	0	0	0	0	0	0	0	0	655	25	0	0	0	20	0	0
input/resources/library-USQualityCoreCommonTests.json	1217	0	0	0	0	0	0	0	0	71	0	0	0	0	0	0	0	0	0	0	1725	55	0	0	0	51	0	0
input/resources/location-example.xml	2103	3	0	0	0	0	0	0	0	2	0	0	0	0	0	0	0	0	0	0	8	15	0	0	0	0	0	0
input/resources/medication-example.xml	2151	2	0	0	0	0	0	0	0	1	0	0	0	0	0	0	0	0	0	0	9	9	0	0	0	0	0	0
input/resources/medicationadministration-cmd-example.xml	1366	2	0	0	0	0	0	0	0	1	0	0	0	0	0	0	0	0	0	0	8	21	0	0	0	0	0	0
input/resources/medicationadministration-example.xml	1401	2	0	0	0	0	0	0	0	1	0	0	0	0	0	0	0	0	0	0	8	19	0	0	0	0	0	0
input/resources/medicationadministration-negation-example.xml	2205	2	0	0	0	0	0	0	1	118	0	0	0	0	0	0	0	0	0	0	9	14	0	0	0	0	0	0
input/resources/medicationadministration-negation-with-code-example.xml	2072	2	0	0	0	0	0	0	0	1	0	0	0	0	0	0	0	0	0	0	13	16	0	0	0	0	0	0
input/resources/medicationdispense-cmd-example.xml	2266	3	0	0	0	0	0	0	0	3	0	0	0	0	0	0	1	0	0	0	11	29	0	0	0	0	0	0
input/resources/medicationdispense-example.xml	2603	2	0	0	0	0	0	0	0	1	0	0	0	0	0	0	0	0	0	0	11	23	0	0	0	0	0	0
input/resources/medicationdispense-negation-example.xml	2101	2	0	0	0	0	0	0	0	4	0	0	0	0	0	0	0	0	0	0	8	9	0	0	0	0	0	0
input/resources/medicationdispense-negation-with-code-example.xml	1969	3	0	0	0	0	0	0	0	1	0	0	0	0	0	0	0	0	0	0	8	11	0	0	0	0	0	0
input/resources/medicationrequest-cmd-example.xml	1810	2	0	0	0	0	0	0	0	1	0	0	0	0	0	0	0	0	1	0	9	18	0	0	0	0	0	0
input/resources/medicationrequest-example.xml	2674	3	0	0	0	0	0	0	0	2	0	0	0	0	0	0	0	0	0	0	9	17	0	0	0	0	0	0
input/resources/medicationrequest-negation-example-code.xml	1149	2	0	0	0	0	0	0	0	2	0	0	0	0	0	0	0	0	0	0	6	12	0	0	0	0	0	0
input/resources/medicationrequest-negation-example.xml	1327	2	0	0	0	0	0	0	0	1	0	0	0	0	0	0	0	0	0	0	6	18	0	0	0	0	0	0
input/resources/medicationrequest-patient-reported-example.xml	1871	2	0	0	0	0	0	0	0	1	0	0	0	0	0	0	0	0	0	0	7	19	0	0	0	0	0	0
input/resources/medicationrequest-patient-requester-example.xml	1779	2	0	0	0	0	0	0	0	2	0	0	0	0	0	0	0	0	0	0	8	14	0	0	0	0	0	0
input/resources/medicationrequest-practitioner-ordered-example.xml	1789	2	0	0	0	0	0	0	0	0	0	0	0	0	0	0	0	0	0	0	7	12	0	0	0	0	0	0
input/resources/medicationstatement-example.xml	1579	2	0	0	0	0	0	0	0	1	0	0	0	0	0	0	0	0	0	0	10	20	0	0	0	0	0	0
input/resources/nutritionorder-example.xml	1768	5	0	0	0	0	0	0	1	2	0	0	0	0	0	0	0	0	0	0	7	20	0	0	0	0	0	0
input/resources/observation-clinical-result-example.xml	1473	2	0	0	0	0	0	0	0	1	0	0	0	0	0	0	0	0	0	0	9	13	0	0	0	0	0	0
input/resources/observation-example-births.xml	1117	2	0	0	0	0	0	0	0	1	0	0	0	0	0	0	0	0	0	0	12	12	0	0	0	0	0	0
input/resources/observation-example-delivery-date-estimate.xml	1140	2	0	0	0	0	0	0	0	0	0	0	0	0	0	0	0	0	0	0	5	12	0	0	0	0	0	0
input/resources/observation-example-frailty.xml	1319	1	0	0	0	0	0	0	0	1	0	0	0	0	0	0	0	0	0	0	7	11	0	0	0	0	0	0
input/resources/observation-example-gestation.xml	1123	2	0	0	0	0	0	0	0	0	0	0	0	0	0	0	0	0	0	0	5	12	0	0	0	0	0	0
input/resources/observation-example-obstetric-delivery.xml	1178	2	0	0	0	0	0	0	0	1	0	0	0	0	0	0	0	0	0	0	6	11	0	0	0	0	0	0
input/resources/observation-example-odh.xml	1193	2	0	0	0	0	0	0	0	1	0	0	0	0	0	0	0	0	0	0	6	11	0	0	0	0	0	0
input/resources/observation-example-parity.xml	1112	2	0	0	0	0	0	0	0	0	0	0	0	0	0	0	0	0	0	0	5	13	0	0	0	0	0	0
input/resources/observation-example-pregnancies.xml	1122	1	0	0	0	0	0	0	0	1	0	0	0	0	0	0	0	0	0	0	6	13	0	0	0	0	0	0
input/resources/observation-example-preterm-births.xml	1113	2	0	0	0	0	0	0	0	0	0	0	0	0	0	0	0	0	0	0	11	13	0	0	0	0	0	0
input/resources/observation-example.xml	3718	3	0	0	0	0	0	0	0	1	0	0	0	0	0	0	0	0	0	0	61	18	0	0	0	0	0	0
input/resources/observation-lab-example.xml	2519	3	0	0	0	0	0	0	0	1	0	0	0	0	0	0	0	0	0	0	21	13	0	0	0	0	0	0
input/resources/observation-negation-example.xml	1818	2	0	0	0	0	0	0	0	1	0	0	0	0	0	0	0	0	0	0	20	14	0	0	0	0	0	0
input/resources/observation-negation-with-code-example.xml	1504	2	0	0	0	0	0	0	0	1	0	0	0	0	0	0	0	0	0	0	24	14	0	0	0	0	0	0
input/resources/observation-nonpatient-hemodialysis-machine.xml	1307	2	0	0	1	0	0	0	0	0	0	0	0	0	0	0	0	0	0	0	50	10	0	0	0	0	0	0
input/resources/observation-nonpatient-hospital-bed.xml	1283	2	0	0	0	0	0	0	0	0	0	0	0	0	0	0	0	0	0	0	33	6	0	0	0	0	0	0
input/resources/observation-nonpatient-ventilator-example.xml	1154	1	0	0	0	0	0	0	0	0	0	0	0	0	0	0	0	0	0	0	21	6	0	0	0	0	0	0
input/resources/observation-survey-example.xml	1969	9	0	0	0	0	0	0	0	1	0	0	0	0	0	0	0	0	0	0	8	11	0	0	0	1	0	0
input/resources/organization-example.xml	1128	3	0	0	0	0	0	0	0	0	0	0	0	0	0	0	0	0	0	0	10	4	0	0	0	0	0	0
input/resources/organization-hospital-example.xml	1130	1	0	0	0	0	0	0	1	0	0	0	0	0	0	0	0	0	0	0	9	4	0	0	0	0	0	0
input/resources/parameters-manifest.json	444	1	0	0	0	0	0	0	0	0	0	0	0	0	0	0	0	0	0	0	4	98	0	0	0	0	0	0
input/resources/patient-example-2.xml	2550	2	0	0	0	0	0	0	0	2	0	0	0	0	0	0	0	0	0	0	42	14	0	0	0	0	0	0
input/resources/patient-example.xml	4855	4	0	0	0	0	0	0	0	38	0	0	0	0	0	0	0	1	0	0	26	10	0	0	0	0	0	0
input/resources/patient-infant-example.xml	1075	2	0	0	0	0	0	0	0	0	0	0	0	0	0	0	0	0	0	0	10	4	0	0	0	0	0	0
input/resources/practitioner-example.xml	1544	2	0	0	0	0	0	0	0	0	0	0	0	0	0	0	0	0	0	0	12	6	0	0	0	0	0	0
input/resources/practitionerrole-example.xml	1188	2	0	0	0	0	0	0	0	1	0	0	0	0	0	0	0	0	0	0	8	17	0	0	0	0	0	0
input/resources/procedure-example.xml	1858	2	0	0	0	0	0	0	0	1	0	0	0	0	0	0	0	0	0	0	22	19	0	0	0	0	0	0
input/resources/procedure-negation-example.xml	1864	2	0	0	0	0	0	0	0	2	0	0	0	0	0	0	0	0	0	0	12	16	0	0	0	0	0	0
input/resources/procedure-negation-with-code-example.xml	1790	2	0	0	0	0	0	0	0	0	0	0	0	0	0	0	0	0	0	0	10	18	0	0	0	0	0	0
input/resources/questionnaireresponse-example.xml	4557	4	0	0	0	0	0	0	0	9	0	0	0	0	0	0	0	0	0	0	48	23	0	0	0	0	0	0
input/resources/relatedperson-example.xml	1115	2	0	0	0	0	0	0	0	1	0	0	0	0	0	0	0	0	0	0	5	9	0	0	0	0	0	0
input/resources/servicerequest-appropriateness-example.xml	1075	2	0	0	0	0	0	0	0	1	0	0	0	0	0	0	0	0	0	0	6	11	0	0	0	0	0	0
input/resources/servicerequest-elective-example.xml	970	1	0	0	0	0	0	0	0	0	0	0	0	0	0	0	0	0	0	0	6	10	0	0	0	0	0	0
input/resources/servicerequest-example.xml	1541	2	0	0	0	0	0	0	1	2	0	0	0	0	0	0	0	0	0	0	9	16	0	0	0	0	0	0
input/resources/servicerequest-myringotomy-example.xml	1561	3	0	0	0	0	0	0	0	1	0	0	0	0	0	0	0	0	0	0	8	10	0	0	0	0	0	0
input/resources/servicerequest-negation-example-code.xml	1606	2	0	0	0	0	0	0	0	1	0	0	0	0	0	0	0	0	0	0	10	11	0	0	0	0	0	1
input/resources/servicerequest-negation-example.xml	1926	2	0	0	0	0	0	0	0	1	0	0	0	0	0	0	0	0	0	0	10	12	0	0	0	0	0	0
input/resources/structuredefinition-us-quality-core-notDoneValueSet.xml	2889	3	0	2	0	0	0	0	0	4	0	0	0	0	0	0	0	0	0	0	50	112	0	0	0	1	0	0
input/resources/structuredefinition-us-quality-core-servicerequest-appropriatenessscore.xml	5979	4	0	2	0	0	0	0	0	4	0	0	0	0	0	0	0	0	0	0	51	130	0	0	0	3	0	0
input/resources/substance-example.xml	658	2	0	0	0	0	0	0	0	1	0	0	0	0	0	0	0	0	0	0	5	6	0	0	0	0	0	0
input/resources/task-example.xml	1059	2	0	0	0	0	0	0	0	1	0	0	0	0	0	0	0	0	0	0	6	35	0	0	0	0	0	0
input/resources/task-negation-example.xml	1436	1	0	0	0	0	0	0	0	1	0	0	0	0	0	0	0	0	0	0	7	12	0	0	0	0	0	0
input/resources/task-negation-with-code-example.xml	1288	2	0	0	0	0	0	0	0	1	0	0	0	0	0	0	0	0	0	0	6	11	0	0	0	0	0	0
input/resources/valueset-us-quality-core-medication-dose-type.xml	1650	2	0	0	0	0	0	0	0	75	0	0	0	0	0	0	0	0	0	0	6	234	0	0	0	1	0	0
input/resources/valueset-us-quality-core-negation-reason.xml	2014	2	0	0	0	0	0	0	0	3	0	0	0	0	0	0	0	0	0	0	7	416	0	0	0	0	0	0
input/resources/valueset-us-quality-core-non-negative-event-status.json	2085	0	0	0	0	0	0	0	0	6	0	0	0	0	0	0	0	0	0	0	10	35	0	0	0	0	0	0
input/resources/valueset-us-quality-core-non-negative-immunization-status.json	1721	1	0	0	0	0	0	0	0	1	0	0	0	0	0	0	0	0	0	0	7	91	0	0	0	0	0	0
input/resources/valueset-us-quality-core-non-negative-medication-admin-status.json	2146	0	0	0	0	0	0	0	0	1	0	0	0	0	0	0	0	0	0	0	11	186	0	0	0	1	0	0
input/resources/valueset-us-quality-core-non-negative-medicationdispense-status.json	2320	0	0	0	0	0	0	0	0	1	0	0	0	0	0	0	0	0	0	0	12	35	0	0	0	0	0	0
input/resources/valueset-us-quality-core-non-negative-observation-status.json	2129	1	0	0	0	0	0	0	0	1	0	0	0	0	0	0	0	0	0	0	11	31	0	0	0	0	0	0
input/resources/valueset-us-quality-core-non-negative-task-status.json	2427	0	0	0	0	0	0	0	0	1	0	0	0	0	0	0	0	0	0	0	12	37	0	0	0	0	0	0
input/resources/valueset-us-quality-core-observation-body-position.json	2572	1	0	0	0	0	0	0	0	0	0	0	0	0	0	0	0	0	0	0	7	332	0	0	0	0	0	0
input/resources/valueset-us-quality-core-present-on-admission.xml	1796	2	0	0	0	0	0	0	1	1	0	0	0	0	0	0	0	0	0	0	10	25	0	0	0	0	0	0
/input/includes/fragment-header.html	700	-	-	-	0	0	0	0	0	0	0	0	0	0	0	0	0	0	0	0	0	1	0	0	0	0	0	0
/input/includes/img-landscape.html	474	-	-	-	0	0	0	0	0	0	0	0	0	0	0	0	0	0	0	0	0	0	0	0	0	0	0	0
/input/includes/menu.xml	2205	-	-	-	0	0	0	0	0	0	0	0	0	0	0	0	0	0	0	0	0	1	0	0	0	0	0	0
/input/includes/cql-informational-notice.md	406	-	-	-	0	0	0	0	0	0	0	0	0	0	0	0	0	0	0	0	0	0	0	0	0	0	0	0
/input/includes/uscdi-only-vs-uscore61-diff.json	66265	-	-	-	0	0	0	0	0	0	0	0	0	0	0	0	0	0	0	0	0	0	0	0	0	0	0	0
/input/includes/img-portrait.html	369	-	-	-	0	0	0	0	0	0	0	0	0	0	0	0	0	0	0	0	0	1	0	0	0	0	0	0
/input/includes/disclaimer.md	631	-	-	-	0	0	0	0	0	0	0	0	0	0	0	0	0	0	0	0	0	0	0	0	0	0	0	0
/input/includes/fragment-css.html	357	-	-	-	0	0	0	0	0	0	0	0	0	0	0	0	0	0	0	0	0	0	0	0	0	0	0	0
/input/includes/mapping-table.md	99935	-	-	-	0	0	0	0	0	0	0	0	0	0	0	0	0	0	0	0	0	3	0	0	0	0	0	0
/input/data/new_items.yml	426	-	-	-	0	0	0	0	0	0	0	0	0	0	0	0	0	0	0	0	0	1	0	0	0	0	0	0
/input/intro-notes/StructureDefinition-us-quality-core-medicationdispense-intro.md	2523	-	-	-	0	0	0	0	0	0	0	0	0	0	0	0	0	0	0	0	0	0	0	0	0	0	0	0
/input/intro-notes/StructureDefinition-us-quality-core-goal-intro.md	1153	-	-	-	0	0	0	0	0	0	0	0	0	0	0	0	0	0	0	0	0	0	0	0	0	0	0	0
/input/intro-notes/StructureDefinition-us-quality-core-medicationrequest-intro.md	4069	-	-	-	0	0	0	0	0	0	0	0	0	0	0	0	0	0	0	0	0	0	0	0	0	0	0	0
/input/intro-notes/StructureDefinition-us-quality-core-nutritionorder-intro.md	732	-	-	-	0	0	0	0	0	0	0	0	0	0	0	0	0	0	0	0	0	1	0	0	0	0	0	0
/input/intro-notes/StructureDefinition-us-quality-core-encounter-intro.md	2438	-	-	-	0	0	0	0	0	0	0	0	0	0	0	0	0	0	0	0	0	0	0	0	0	0	0	0
/input/intro-notes/StructureDefinition-us-quality-core-communicationnotdone-intro.md	1283	-	-	-	0	0	0	0	0	0	0	0	0	0	0	0	0	0	0	0	0	0	0	0	0	0	0	0
/input/intro-notes/StructureDefinition-us-quality-core-questionnaireresponse-intro.md	893	-	-	-	0	0	0	0	0	0	0	0	0	0	0	0	0	0	0	0	0	0	0	0	0	0	0	0
/input/intro-notes/StructureDefinition-us-quality-core-coverage-intro.md	2513	-	-	-	0	0	0	0	0	0	0	0	0	0	0	0	0	0	0	0	0	0	0	0	0	0	0	0
/input/intro-notes/StructureDefinition-us-quality-core-devicenotrequested-intro.md	1448	-	-	-	0	0	0	0	0	0	0	0	0	0	0	0	0	0	0	0	0	1	0	0	0	0	0	0
/input/intro-notes/StructureDefinition-us-quality-core-deviceusestatement-intro.md	732	-	-	-	0	0	0	0	0	0	0	0	0	0	0	0	0	0	0	0	0	0	0	0	0	0	0	0
/input/intro-notes/StructureDefinition-us-quality-core-observation-screening-assessment-intro.md	1754	-	-	-	0	0	0	0	0	0	0	0	0	0	0	0	0	0	0	0	0	1	0	0	0	0	0	0
/input/intro-notes/StructureDefinition-us-quality-core-organization-intro.md	1098	-	-	-	0	0	0	0	0	0	0	0	0	0	0	0	0	0	0	0	0	0	0	0	0	0	0	0
/input/intro-notes/StructureDefinition-us-quality-core-procedure-notes.md	671	-	-	-	0	0	0	0	0	0	0	0	0	0	0	0	0	0	0	0	0	0	0	0	0	0	0	0
/input/intro-notes/StructureDefinition-us-quality-core-observation-lab-intro.md	1855	-	-	-	0	0	0	0	0	0	0	0	0	0	0	0	0	0	0	0	0	0	0	0	0	0	0	0
/input/intro-notes/StructureDefinition-us-quality-core-servicerequest-approachBodySite-intro.md	548	-	-	-	0	0	0	0	0	0	0	0	0	0	0	0	0	0	0	0	0	0	0	0	0	0	0	0
/input/intro-notes/StructureDefinition-us-quality-core-encounter-procedure-intro.md	732	-	-	-	0	0	0	0	0	0	0	0	0	0	0	0	0	0	0	0	0	1	0	0	0	0	0	0
/input/intro-notes/StructureDefinition-us-quality-core-medication-notes.md	380	-	-	-	0	0	0	0	0	0	0	0	0	0	0	0	0	0	0	0	0	0	0	0	0	0	0	0
/input/intro-notes/StructureDefinition-us-quality-core-recorded-intro.md	548	-	-	-	0	0	0	0	0	0	0	0	0	0	0	0	0	0	0	0	0	0	0	0	0	0	0	0
/input/intro-notes/StructureDefinition-us-quality-core-observation-clinical-result-intro.md	1669	-	-	-	0	0	0	0	0	0	0	0	0	0	0	0	0	0	0	0	0	0	0	0	0	0	0	0
/input/intro-notes/StructureDefinition-us-quality-core-diagnosticreport-note-intro.md	1401	-	-	-	0	0	0	0	0	0	0	0	0	0	0	0	0	0	0	0	0	0	0	0	0	0	0	0
/input/intro-notes/StructureDefinition-us-quality-core-dosage-intro.md	732	-	-	-	0	0	0	0	0	0	0	0	0	0	0	0	0	0	0	0	0	1	0	0	0	0	0	0
/input/intro-notes/StructureDefinition-us-quality-core-procedurenotdone-intro.md	2232	-	-	-	0	0	0	0	0	0	0	0	0	0	0	0	0	0	0	0	0	0	0	0	0	0	0	0
/input/intro-notes/StructureDefinition-us-quality-core-devicerequest-intro.md	1399	-	-	-	0	0	0	0	0	0	0	0	0	0	0	0	0	0	0	0	0	1	0	0	0	0	0	0
/input/intro-notes/StructureDefinition-us-quality-core-taskrejected-intro.md	1596	-	-	-	0	0	0	0	0	0	0	0	0	0	0	0	0	0	0	0	0	0	0	0	0	0	0	0
/input/intro-notes/StructureDefinition-us-quality-core-condition-encounter-diagnosis-notes.md	214	-	-	-	0	0	0	0	0	0	0	0	0	0	0	0	0	0	0	0	0	0	0	0	0	0	0	0
/input/intro-notes/StructureDefinition-us-quality-core-medicationadministrationnotdone-intro.md	1625	-	-	-	0	0	0	0	0	0	0	0	0	0	0	0	0	0	0	0	0	0	0	0	0	0	0	0
/input/intro-notes/StructureDefinition-us-quality-core-flag-intro.md	732	-	-	-	0	0	0	0	0	0	0	0	0	0	0	0	0	0	0	0	0	0	0	0	0	0	0	0
/input/intro-notes/StructureDefinition-us-quality-core-simple-observation-notes.md	1020	-	-	-	0	0	0	0	0	0	0	0	0	0	0	0	0	0	0	0	0	0	0	0	0	0	0	0
/input/intro-notes/StructureDefinition-us-quality-core-location-intro.md	1484	-	-	-	0	0	0	0	0	0	0	0	0	0	0	0	0	0	0	0	0	0	0	0	0	0	0	0
/input/intro-notes/StructureDefinition-us-quality-core-allergyintolerance-intro.md	1720	-	-	-	0	0	0	0	0	0	0	0	0	0	0	0	0	0	0	0	0	0	0	0	0	0	0	0
/input/intro-notes/StructureDefinition-us-quality-core-servicerequest-intro.md	2115	-	-	-	0	0	0	0	0	0	0	0	0	0	0	0	0	0	0	0	0	1	0	0	0	0	0	0
/input/intro-notes/StructureDefinition-us-quality-core-notDone-intro.md	548	-	-	-	0	0	0	0	0	0	0	0	0	0	0	0	0	0	0	0	0	0	0	0	0	0	0	0
/input/intro-notes/StructureDefinition-us-quality-core-medicationstatement-intro.md	732	-	-	-	0	0	0	0	0	0	0	0	0	0	0	0	0	0	0	0	0	0	0	0	0	0	0	0
/input/intro-notes/StructureDefinition-us-quality-core-practitioner-intro.md	2699	-	-	-	0	0	0	0	0	0	0	0	0	0	0	0	0	0	0	0	0	0	0	0	0	0	0	0
/input/intro-notes/StructureDefinition-us-quality-core-servicenotrequested-intro.md	2014	-	-	-	0	0	0	0	0	0	0	0	0	0	0	0	0	0	0	0	0	0	0	0	0	0	0	0
/input/intro-notes/StructureDefinition-us-quality-core-observationcancelled-notes.md	939	-	-	-	0	0	0	0	0	0	0	0	0	0	0	0	0	0	0	0	0	0	0	0	0	0	0	0
/input/intro-notes/StructureDefinition-us-quality-core-condition-problems-health-concerns-notes.md	235	-	-	-	0	0	0	0	0	0	0	0	0	0	0	0	0	0	0	0	0	0	0	0	0	0	0	0
/input/intro-notes/StructureDefinition-us-quality-core-practitionerrole-intro.md	1880	-	-	-	0	0	0	0	0	0	0	0	0	0	0	0	0	0	0	0	0	1	0	0	0	0	0	0
/input/intro-notes/StructureDefinition-us-quality-core-careteam-intro.md	1216	-	-	-	0	0	0	0	0	0	0	0	0	0	0	0	0	0	0	0	0	0	0	0	0	0	0	0
/input/intro-notes/StructureDefinition-us-quality-core-isElective-intro.md	673	-	-	-	0	0	0	0	0	0	0	0	0	0	0	0	0	0	0	0	0	0	0	0	0	0	0	0
/input/intro-notes/StructureDefinition-us-quality-core-medicationadministration-notes.md	730	-	-	-	0	0	0	0	0	0	0	0	0	0	0	0	0	0	0	0	0	0	0	0	0	0	0	0
/input/intro-notes/StructureDefinition-us-quality-core-immunization-notes.md	337	-	-	-	0	0	0	0	0	0	0	0	0	0	0	0	0	0	0	0	0	0	0	0	0	0	0	0
/input/intro-notes/StructureDefinition-us-quality-core-immunizationnotdone-intro.md	1714	-	-	-	0	0	0	0	0	0	0	0	0	0	0	0	0	0	0	0	0	0	0	0	0	0	0	0
/input/intro-notes/StructureDefinition-us-quality-core-medicationdispensedeclined-intro.md	1789	-	-	-	0	0	0	0	0	0	0	0	0	0	0	0	0	0	0	0	0	0	0	0	0	0	0	0
/input/intro-notes/StructureDefinition-us-quality-core-doNotPerformReason-intro.md	791	-	-	-	0	0	0	0	0	0	0	0	0	0	0	0	0	0	0	0	0	0	0	0	0	0	0	0
/input/intro-notes/StructureDefinition-us-quality-core-medicationnotrequested-intro.md	1761	-	-	-	0	0	0	0	0	0	0	0	0	0	0	0	0	0	0	0	0	1	0	0	0	0	0	0
/input/intro-notes/StructureDefinition-us-quality-core-communication-notes.md	778	-	-	-	0	0	0	0	0	0	0	0	0	0	0	0	0	0	0	0	0	0	0	0	0	0	0	0
/input/intro-notes/StructureDefinition-us-quality-core-medicationrequest-notes.md	790	-	-	-	0	0	0	0	0	0	0	0	0	0	0	0	0	0	0	0	0	0	0	0	0	0	0	0
/input/intro-notes/StructureDefinition-us-quality-core-encounter-notes.md	369	-	-	-	0	0	0	0	0	0	0	0	0	0	0	0	0	0	0	0	0	0	0	0	0	0	0	0
/input/intro-notes/StructureDefinition-us-quality-core-communicationnotdone-notes.md	1060	-	-	-	0	0	0	0	0	0	0	0	0	0	0	0	0	0	0	0	0	0	0	0	0	0	0	0
/input/intro-notes/StructureDefinition-us-quality-core-coverage-notes.md	238	-	-	-	0	0	0	0	0	0	0	0	0	0	0	0	0	0	0	0	0	0	0	0	0	0	0	0
/input/intro-notes/StructureDefinition-us-quality-core-medicationdispense-notes.md	679	-	-	-	0	0	0	0	0	0	0	0	0	0	0	0	0	0	0	0	0	0	0	0	0	0	0	0
/input/intro-notes/StructureDefinition-us-quality-core-procedure-approachBodySite-intro.md	548	-	-	-	0	0	0	0	0	0	0	0	0	0	0	0	0	0	0	0	0	0	0	0	0	0	0	0
/input/intro-notes/StructureDefinition-us-quality-core-immunizationevaluation-intro.md	732	-	-	-	0	0	0	0	0	0	0	0	0	0	0	0	0	0	0	0	0	1	0	0	0	0	0	0
/input/intro-notes/StructureDefinition-us-quality-core-encounter-relatedCondition-intro.md	732	-	-	-	0	0	0	0	0	0	0	0	0	0	0	0	0	0	0	0	0	0	0	0	0	0	0	0
/input/intro-notes/StructureDefinition-us-quality-core-immunizationrecommendation-intro.md	732	-	-	-	0	0	0	0	0	0	0	0	0	0	0	0	0	0	0	0	0	0	0	0	0	0	0	0
/input/intro-notes/StructureDefinition-us-quality-core-notDoneReason-intro.md	548	-	-	-	0	0	0	0	0	0	0	0	0	0	0	0	0	0	0	0	0	0	0	0	0	0	0	0
/input/intro-notes/StructureDefinition-us-quality-core-devicenotrequested-notes.md	804	-	-	-	0	0	0	0	0	0	0	0	0	0	0	0	0	0	0	0	0	0	0	0	0	0	0	0
/input/intro-notes/StructureDefinition-us-quality-core-bodystructure-intro.md	732	-	-	-	0	0	0	0	0	0	0	0	0	0	0	0	0	0	0	0	0	0	0	0	0	0	0	0
/input/intro-notes/StructureDefinition-us-quality-core-familymemberhistory-intro.md	919	-	-	-	0	0	0	0	0	0	0	0	0	0	0	0	0	0	0	0	0	1	0	0	0	0	0	0
/input/intro-notes/StructureDefinition-us-quality-core-medication-intro.md	1339	-	-	-	0	0	0	0	0	0	0	0	0	0	0	0	0	0	0	0	0	0	0	0	0	0	0	0
/input/intro-notes/StructureDefinition-us-quality-core-imagingstudy-intro.md	732	-	-	-	0	0	0	0	0	0	0	0	0	0	0	0	0	0	0	0	0	0	0	0	0	0	0	0
/input/intro-notes/StructureDefinition-us-quality-core-nonpatient-observation-intro.md	732	-	-	-	0	0	0	0	0	0	0	0	0	0	0	0	0	0	0	0	0	0	0	0	0	0	0	0
/input/intro-notes/StructureDefinition-us-quality-core-procedure-intro.md	2190	-	-	-	0	0	0	0	0	0	0	0	0	0	0	0	0	0	0	0	0	0	0	0	0	0	0	0
/input/intro-notes/StructureDefinition-us-quality-core-observation-imaging-result-intro.md	732	-	-	-	0	0	0	0	0	0	0	0	0	0	0	0	0	0	0	0	1	0	0	0	0	0	0	0
/input/intro-notes/StructureDefinition-us-quality-core-claim-intro.md	732	-	-	-	0	0	0	0	0	0	0	0	0	0	0	0	0	0	0	0	0	0	0	0	0	0	0	0
/input/intro-notes/StructureDefinition-us-quality-core-patient-intro.md	3467	-	-	-	0	0	0	0	0	0	0	0	0	0	0	0	0	0	0	0	0	1	0	0	0	0	0	0
/input/intro-notes/StructureDefinition-us-quality-core-devicerequest-notes.md	1245	-	-	-	0	0	0	0	0	0	0	0	0	0	0	0	0	0	0	0	0	0	0	0	0	0	0	0
/input/intro-notes/StructureDefinition-us-quality-core-condition-encounter-diagnosis-intro.md	1598	-	-	-	0	0	0	0	0	0	0	0	0	0	0	0	0	0	0	0	0	0	0	0	0	0	0	0
/input/intro-notes/StructureDefinition-doNotPerformTiming-intro.md	434	-	-	-	0	0	0	0	0	0	0	0	0	0	0	0	0	0	0	0	0	0	0	0	0	0	0	0
/input/intro-notes/StructureDefinition-us-quality-core-procedurenotdone-notes.md	838	-	-	-	0	0	0	0	0	0	0	0	0	0	0	0	0	0	0	0	0	0	0	0	0	0	0	0
/input/intro-notes/StructureDefinition-us-quality-core-simple-observation-intro.md	2044	-	-	-	0	0	0	0	0	0	0	0	0	0	0	0	0	0	0	0	0	0	0	0	0	0	0	0
/input/intro-notes/StructureDefinition-us-quality-core-allergyintolerance-notes.md	434	-	-	-	0	0	0	0	0	0	0	0	0	0	0	0	0	0	0	0	0	0	0	0	0	0	0	0
/input/intro-notes/StructureDefinition-us-quality-core-observationpulseoximetry-intro.md	732	-	-	-	0	0	0	0	0	0	0	0	0	0	0	0	0	0	0	0	0	1	0	0	0	0	0	0
/input/intro-notes/StructureDefinition-us-quality-core-location-notes.md	578	-	-	-	0	0	0	0	0	0	0	0	0	0	0	0	0	0	0	0	0	0	0	0	0	0	0	0
/input/intro-notes/StructureDefinition-us-quality-core-medicationadministrationnotdone-notes.md	749	-	-	-	0	0	0	0	0	0	0	0	0	0	0	0	0	0	0	0	0	0	0	0	0	0	0	0
/input/intro-notes/StructureDefinition-us-quality-core-careplan-intro.md	1102	-	-	-	0	0	0	0	0	0	0	0	0	0	0	0	0	0	0	0	0	0	0	0	0	0	0	0
/input/intro-notes/StructureDefinition-us-quality-core-adverseevent-intro.md	1542	-	-	-	0	0	0	0	0	0	0	0	0	0	0	0	0	0	0	0	0	0	0	0	0	0	0	0
/input/intro-notes/StructureDefinition-us-quality-core-diagnosticreport-lab-intro.md	1485	-	-	-	0	0	0	0	0	0	0	0	0	0	0	0	0	0	0	0	0	0	0	0	0	0	0	0
/input/intro-notes/StructureDefinition-us-quality-core-substance-intro.md	732	-	-	-	0	0	0	0	0	0	0	0	0	0	0	0	0	0	0	0	0	0	0	0	0	0	0	0
/input/intro-notes/StructureDefinition-us-quality-core-task-intro.md	1572	-	-	-	0	0	0	0	0	0	0	0	0	0	0	0	0	0	0	0	0	1	0	0	0	0	0	0
/input/intro-notes/StructureDefinition-us-quality-core-claimresponse-intro.md	732	-	-	-	0	0	0	0	0	0	0	0	0	0	0	0	0	0	0	0	0	0	0	0	0	0	0	0
/input/intro-notes/StructureDefinition-us-quality-core-servicerequest-notes.md	711	-	-	-	0	0	0	0	0	0	0	0	0	0	0	0	0	0	0	0	0	0	0	0	0	0	0	0
/input/intro-notes/StructureDefinition-us-quality-core-encounter-diagnosisPresentOnAdmission-intro.md	905	-	-	-	0	0	0	0	0	0	0	0	0	0	0	0	0	0	0	0	0	0	0	0	0	0	0	0
/input/intro-notes/StructureDefinition-us-quality-core-servicenotrequested-notes.md	948	-	-	-	0	0	0	0	0	0	0	0	0	0	0	0	0	0	0	0	0	0	0	0	0	0	0	0
/input/intro-notes/StructureDefinition-us-quality-core-observationcancelled-intro.md	1822	-	-	-	0	0	0	0	0	0	0	0	0	0	0	0	0	0	0	0	0	0	0	0	0	0	0	0
/input/intro-notes/StructureDefinition-us-quality-core-condition-problems-health-concerns-intro.md	2007	-	-	-	0	0	0	0	0	0	0	0	0	0	0	0	0	0	0	0	0	1	0	0	0	0	0	0
/input/intro-notes/StructureDefinition-us-quality-core-relatedperson-intro.md	1339	-	-	-	0	0	0	0	0	0	0	0	0	0	0	0	0	0	0	0	0	0	0	0	0	0	0	0
/input/intro-notes/StructureDefinition-us-quality-core-communicationrequest-intro.md	732	-	-	-	0	0	0	0	0	0	0	0	0	0	0	0	0	0	0	0	0	0	0	0	0	0	0	0
/input/intro-notes/StructureDefinition-us-quality-core-immunizationnotdone-notes.md	819	-	-	-	0	0	0	0	0	0	0	0	0	0	0	0	0	0	0	0	0	0	0	0	0	0	0	0
/input/intro-notes/StructureDefinition-us-quality-core-medicationdispensedeclined-notes.md	691	-	-	-	0	0	0	0	0	0	0	0	0	0	0	0	0	0	0	0	0	0	0	0	0	0	0	0
/input/intro-notes/StructureDefinition-us-quality-core-servicerequest-appropriatenessScore-intro.md	548	-	-	-	0	0	0	0	0	0	0	0	0	0	0	0	0	0	0	0	0	0	0	0	0	0	0	0
/input/intro-notes/StructureDefinition-us-quality-core-communication-intro.md	1238	-	-	-	0	0	0	0	0	0	0	0	0	0	0	0	0	0	0	0	0	1	0	0	0	0	0	0
/input/intro-notes/StructureDefinition-us-quality-core-medicationnotrequested-notes.md	1067	-	-	-	0	0	0	0	0	0	0	0	0	0	0	0	0	0	0	0	0	0	0	0	0	0	0	0
/input/intro-notes/StructureDefinition-us-quality-core-device-intro.md	732	-	-	-	0	0	0	0	0	0	0	0	0	0	0	0	0	0	0	0	0	0	0	0	0	0	0	0
/input/intro-notes/StructureDefinition-us-quality-core-medicationadministration-intro.md	1798	-	-	-	0	0	0	0	0	0	0	0	0	0	0	0	0	0	0	0	0	0	0	0	0	0	0	0
/input/intro-notes/StructureDefinition-us-quality-core-immunization-intro.md	1815	-	-	-	0	0	0	0	0	0	0	0	0	0	0	0	0	0	0	0	0	0	0	0	0	0	0	0
/input/pages/examples.md	8495	-	-	-	0	0	0	0	0	0	0	0	0	0	0	0	0	0	0	0	0	0	0	0	0	0	0	0
/input/pages/relationship-with-uscore-qicore.md	2974	-	-	-	0	0	0	0	0	0	0	0	0	0	0	0	0	0	0	0	0	1	0	0	0	0	0	0
/input/pages/conformance.md	90	-	-	-	0	0	0	0	0	0	0	0	0	0	0	0	0	0	0	0	0	0	0	0	0	0	0	0
/input/pages/extensions.md	421	-	-	-	0	0	0	0	0	0	0	0	0	0	0	0	0	0	0	0	0	0	0	0	0	0	0	0
/input/pages/profiles.md	21183	-	-	-	0	0	0	0	0	0	0	0	0	0	0	0	0	0	0	0	0	0	0	0	0	0	0	0
/input/pages/guidance.md	204	-	-	-	0	0	0	0	0	0	0	0	0	0	0	0	0	0	0	0	0	0	0	0	0	0	0	0
/input/pages/provenance.md	1112	-	-	-	0	0	0	0	0	0	0	0	0	0	0	0	0	0	0	0	0	1	0	0	0	0	0	0
/input/pages/capability-statements.md	53	-	-	-	0	0	0	0	0	0	0	0	0	0	0	0	0	0	0	0	0	0	0	0	0	0	0	0
/input/pages/negation.md	15587	-	-	-	0	0	0	0	0	0	0	0	0	0	0	0	0	0	0	0	0	0	0	0	0	0	0	0
/input/pages/terminology.md	1340	-	-	-	0	0	0	0	0	0	0	0	0	0	0	0	0	0	0	0	0	0	0	0	0	0	0	0
/input/pages/patterns.md	5874	-	-	-	0	0	0	0	0	0	0	0	0	0	0	0	0	0	0	0	0	1	0	0	0	0	0	0
/input/pages/must-support.md	1639	-	-	-	0	0	0	0	0	0	0	0	0	0	0	0	0	0	0	0	0	0	0	0	0	0	0	0
/input/pages/index.md	9231	-	-	-	0	0	0	0	0	0	0	0	0	0	0	0	0	0	0	0	0	0	0	0	0	0	0	0
/input/pages/uscdiquality.md	3832	-	-	-	0	0	0	0	0	0	0	0	0	0	0	0	0	0	0	0	0	0	0	0	0	0	0	0
/input/pages/modelinfo.md	1110	-	-	-	0	0	0	0	0	0	0	0	0	0	0	0	0	0	0	0	0	1	0	0	0	0	0	0
/input/pages/changes.md	3460	-	-	-	0	0	0	0	0	0	0	0	0	0	0	0	0	0	0	0	0	0	0	0	0	0	0	0
/input/pages/qdm-to-us-quality-core.md	298610	-	-	-	0	0	0	0	0	0	0	0	0	0	0	0	0	0	0	0	0	5	0	0	0	0	0	0
/input/pages/downloads.md	1489	-	-	-	0	0	0	0	0	0	0	0	0	0	0	0	0	0	0	0	0	1	0	0	0	0	0	0
/input/pages/registry.md	675	-	-	-	0	0	0	0	0	0	0	0	0	0	0	0	0	0	0	0	0	1	0	0	0	0	0	0
/input/pages/general-requirements.md	9106	-	-	-	0	0	0	0	0	0	0	0	0	0	0	0	0	0	0	0	0	0	0	0	0	0	0	0
/input/pages/security.md	659	-	-	-	0	0	0	0	0	0	0	0	0	0	0	0	0	0	0	0	0	1	0	0	0	0	0	0
/input/pages/cql-artifacts.md	141	-	-	-	0	0	0	0	0	0	0	0	0	0	0	0	0	0	0	0	0	0	0	0	0	0	0	0
/template/config	0	-	-	-	0	0	0	0	0	0	0	0	0	0	0	0	0	0	0	0	0	0	0	0	0	0	0	0
/template/config/_config.yml	140	-	-	-	0	0	0	0	0	0	0	0	0	0	0	0	0	0	0	0	0	1	0	0	0	0	0	0
/input/images	0	-	-	-	0	0	0	0	0	0	0	0	0	0	0	0	0	0	0	0	0	0	0	0	0	0	0	0
/input/images/context-diagram.png	217314	-	-	-	0	0	0	0	0	0	0	0	0	0	0	0	0	0	0	0	0	0	0	0	0	0	0	0
/input/images/USCDI-plus-quality-flag.png	94988	-	-	-	0	0	0	0	0	0	0	0	0	0	0	0	0	0	0	0	0	0	0	0	0	0	0	0
/input/images/onc-logo.png	4362	-	-	-	0	0	0	0	0	0	0	0	0	0	0	0	0	0	0	0	0	1	0	0	0	0	0	0
/input/images/intro-uscdi-plus-quality-elements.png	212507	-	-	-	0	0	0	0	0	0	0	0	0	0	0	0	0	0	0	0	0	0	0	0	0	0	0	0
/input/images/assets	0	-	-	-	0	0	0	0	0	0	0	0	0	0	0	0	0	0	0	0	0	0	0	0	0	0	0	0
/input/images/assets/cql.js	1289	-	-	-	0	0	0	0	0	0	0	0	0	0	0	0	0	0	0	0	0	0	0	0	0	0	0	0
/input/images/assets/usqualitycore-modelinfo-0.5.0.xml	252212	-	-	-	0	0	0	0	0	0	0	0	0	0	0	0	0	0	0	0	0	3	0	0	0	0	0	0
/temp/pages/_includes/artifacts.xml	120007	-	-	-	-	-	-	-	-	-	-	-	-	-	-	-	-	-	-	-	-	2	0	0	0	0	0	0
