{
  "resourceType": "Bundle",
  "id": "uscore-ms3",
  "meta": {
    "lastUpdated": "2017-03-01T17:46:08.490-05:00"
  },
  "type": "searchset",
  "total": 1,
  "link": [
    {
      "relation": "self",
      "url": "http://fhirtest.uhn.ca/baseDstu3/MedicationStatement?_id=uscore-ms3&_include=MedicationStatement%3Amedication"
    }
  ],
  "entry": [
    {
      "fullUrl": "http://fhir3.healthintersections.com.au/open/MedicationStatement/uscore-ms3",
      "resource": {
        "resourceType": "MedicationStatement",
        "id": "uscore-ms3",
        "meta": {
          "profile": [
            "http://hl7.org/fhir/us/core/StructureDefinition/us-core-medicationstatement"
          ]
        },
        "text": {
          "status": "generated",
          "div": "<div xmlns=\"http://www.w3.org/1999/xhtml\"><p><b>Generated Narrative with Details</b></p><p><b>id</b>: uscore-ms3</p><p><b>meta</b>: </p><p><b>status</b>: active</p><p><b>medication</b>: <a href=\"Medication-uscore-med1.html\">lisinopril oral 10 mg. Generated Summary: id: uscore-med1; <span title=\"Codes: {http://www.nlm.nih.gov/research/umls/rxnorm 206765}\">Prinivil 10 MG Oral Tablet</span></a></p><p><b>effective</b>: May 1, 2010, 12:00:00 AM --&gt; (ongoing)</p><p><b>dateAsserted</b>: May 1, 2016, 4:13:03 PM</p><p><b>subject</b>: <a href=\"Patient-example.html\">Amy Shaw. Generated Summary: id: example; Medical Record Number = 1032702 (USUAL); active; Amy V. Shaw ; ph: 555-555-5555(HOME), amy.shaw@example.com; gender: female; birthDate: Feb 20, 2007</a></p><p><b>taken</b>: y</p></div>"
        },
        "status": "active",
        "medicationReference": {
          "reference": "Medication/uscore-med1",
          "display": "lisinopril oral 10 mg"
        },
        "effectivePeriod": {
          "start": "2010-05-01"
        },
        "dateAsserted": "2016-05-01T16:13:03Z",
        "subject": {
          "reference": "Patient/example",
          "display": "Amy Shaw"
        },
        "taken": "y"
      },
      "search": {
        "mode": "match"
      }
    },
    {
      "fullUrl": "/Medication/uscore-med2",
      "resource": {
        "resourceType": "Medication",
        "id": "uscore-med2",
        "meta": {
          "profile": [
            "http://hl7.org/fhir/us/core/StructureDefinition/us-core-medication"
          ]
        },
        "text": {
          "status": "generated",
          "div": "<div xmlns=\"http://www.w3.org/1999/xhtml\"><p><b>Generated Narrative with Details</b></p><p><b>id</b>: uscore-med2</p><p><b>meta</b>: </p><p><b>code</b>: Nizatidine 15 MG/ML Oral Solution [Axid] <span style=\"background: LightGoldenRodYellow\">(Details : {RxNorm code '582620' = '582620', given as 'Nizatidine 15 MG/ML Oral Solution [Axid]'})</span></p></div>"
        },
        "code": {
          "coding": [
            {
              "system": "http://www.nlm.nih.gov/research/umls/rxnorm",
              "code": "582620",
              "display": "Nizatidine 15 MG/ML Oral Solution [Axid]"
            }
          ],
          "text": "Nizatidine 15 MG/ML Oral Solution [Axid]"
        }
      },
      "search": {
        "mode": "include"
      }
    }
  ]
}