{
  "resourceType": "SearchParameter",
  "id": "searchparameter-name",
  "text": {
    "status": "generated",
    "div": "<div xmlns=\"http://www.w3.org/1999/xhtml\"><p><b>Generated Narrative with Details</b></p><p><b>url</b>: <a href=\"http://hl7.org/fhir/ig/vhdir/SearchParameter/searchparameter-name\">http://hl7.org/fhir/ig/vhdir/SearchParameter/searchparameter-name</a></p><p><b>version</b>: 0.0.0</p><p><b>name</b>: VHDir Name Search Parameter</p><p><b>status</b>: DRAFT</p><p><b>date</b>: May 23, 2018</p><p><b>publisher</b>: HL7 Patient Administration Committee</p><p><b>contact</b>: </p><p><b>description</b>: Select care teams with the specified name</p><p><b>url</b>: <a href=\"http://hl7.org/fhir/ig/vhdir/SearchParameter/searchparameter-name\">http://hl7.org/fhir/ig/vhdir/SearchParameter/searchparameter-name</a></p><p><b>version</b>: 0.0.0</p><p><b>name</b>: VHDir Name Search Parameter</p><p><b>status</b>: DRAFT</p><p><b>date</b>: May 23, 2018</p><p><b>publisher</b>: HL7 Patient Administration Committee</p><p><b>contact</b>: </p><p><b>description</b>: Select care teams with the specified name</p><p><b>code</b>: name</p><p><b>base</b>: CareTeam</p><p><b>type</b>: STRING</p><p><b>expression</b>: CareTeam.name</p></div>"
  },
  "url": "http://hl7.org/fhir/ig/vhdir/SearchParameter/searchparameter-name",
  "version": "0.0.0",
  "name": "VHDir Name Search Parameter",
  "status": "draft",
  "date": "2018-05-23",
  "publisher": "HL7 Patient Administration Committee",
  "contact": [
    {
      "telecom": [
        {
          "system": "url",
          "value": "http://www.hl7.org/Special/committees/pafm/index.cfm"
        }
      ]
    }
  ],
  "description": "Select care teams with the specified name",
  "code": "name",
  "base": [
    "CareTeam"
  ],
  "type": "string",
  "expression": "CareTeam.name"
}