{
  "resourceType": "SearchParameter",
  "id": "searchparameter-attestation-method",
  "text": {
    "status": "generated",
    "div": "<div xmlns=\"http://www.w3.org/1999/xhtml\"><p><b>Generated Narrative with Details</b></p><p><b>url</b>: <a href=\"http://hl7.org/fhir/ig/vhdir/SearchParameter/searchparameter-attestation-method\">http://hl7.org/fhir/ig/vhdir/SearchParameter/searchparameter-attestation-method</a></p><p><b>version</b>: 0.0.0</p><p><b>name</b>: VHDir Attestation Method Search Parameter</p><p><b>status</b>: DRAFT</p><p><b>date</b>: May 23, 2018</p><p><b>publisher</b>: HL7 Patient Administration Committee</p><p><b>contact</b>: </p><p><b>description</b>: Select validation information for data that was attested to using the specified method</p><p><b>url</b>: <a href=\"http://hl7.org/fhir/ig/vhdir/SearchParameter/searchparameter-attestation-method\">http://hl7.org/fhir/ig/vhdir/SearchParameter/searchparameter-attestation-method</a></p><p><b>version</b>: 0.0.0</p><p><b>name</b>: VHDir Attestation Method Search Parameter</p><p><b>status</b>: DRAFT</p><p><b>date</b>: May 23, 2018</p><p><b>publisher</b>: HL7 Patient Administration Committee</p><p><b>contact</b>: </p><p><b>description</b>: Select validation information for data that was attested to using the specified method</p><p><b>code</b>: attestation-method</p><p><b>base</b>: VerificationResult</p><p><b>type</b>: TOKEN</p><p><b>expression</b>: VerificationResult.attestation.method</p></div>"
  },
  "url": "http://hl7.org/fhir/ig/vhdir/SearchParameter/searchparameter-attestation-method",
  "version": "0.0.0",
  "name": "VHDir Attestation Method Search Parameter",
  "status": "draft",
  "date": "2018-05-23",
  "publisher": "HL7 Patient Administration Committee",
  "contact": [
    {
      "telecom": [
        {
          "system": "url",
          "value": "http://www.hl7.org/Special/committees/pafm/index.cfm"
        }
      ]
    }
  ],
  "description": "Select validation information for data that was attested to using the specified method",
  "code": "attestation-method",
  "base": [
    "VerificationResult"
  ],
  "type": "token",
  "expression": "VerificationResult.attestation.method"
}