{
  "resourceType": "SearchParameter",
  "id": "searchparameter-plan-coveragearea",
  "text": {
    "status": "generated",
    "div": "<div xmlns=\"http://www.w3.org/1999/xhtml\"><p><b>Generated Narrative with Details</b></p><p><b>url</b>: <a href=\"http://hl7.org/fhir/ig/vhdir/SearchParameter/searchparameter-plan-coveragearea\">http://hl7.org/fhir/ig/vhdir/SearchParameter/searchparameter-plan-coveragearea</a></p><p><b>version</b>: 0.0.0</p><p><b>name</b>: VHDir Plan Coveragearea Search Parameter</p><p><b>status</b>: DRAFT</p><p><b>date</b>: May 23, 2018</p><p><b>publisher</b>: HL7 Patient Administration Committee</p><p><b>contact</b>: </p><p><b>description</b>: ****TODO****</p><p><b>url</b>: <a href=\"http://hl7.org/fhir/ig/vhdir/SearchParameter/searchparameter-plan-coveragearea\">http://hl7.org/fhir/ig/vhdir/SearchParameter/searchparameter-plan-coveragearea</a></p><p><b>version</b>: 0.0.0</p><p><b>name</b>: VHDir Plan Coveragearea Search Parameter</p><p><b>status</b>: DRAFT</p><p><b>date</b>: May 23, 2018</p><p><b>publisher</b>: HL7 Patient Administration Committee</p><p><b>contact</b>: </p><p><b>description</b>: ****TODO****</p><p><b>code</b>: plan-coveragearea</p><p><b>base</b>: ProductPlan</p><p><b>type</b>: REFERENCE</p><p><b>expression</b>: ProductPlan.plan.coverageArea</p></div>"
  },
  "url": "http://hl7.org/fhir/ig/vhdir/SearchParameter/searchparameter-plan-coveragearea",
  "version": "0.0.0",
  "name": "VHDir Plan Coveragearea Search Parameter",
  "status": "draft",
  "date": "2018-05-23",
  "publisher": "HL7 Patient Administration Committee",
  "contact": [
    {
      "telecom": [
        {
          "system": "url",
          "value": "http://www.hl7.org/Special/committees/pafm/index.cfm"
        }
      ]
    }
  ],
  "description": "****TODO****",
  "code": "plan-coveragearea",
  "base": [
    "ProductPlan"
  ],
  "type": "reference",
  "expression": "ProductPlan.plan.coverageArea"
}