{
  "resourceType": "ValueSet",
  "id": "valueset-coverage-type",
  "text": {
    "status": "generated",
    "div": "<div xmlns=\"http://www.w3.org/1999/xhtml\"><h2>VhDir Coverage Type</h2><div><p>This value set defines a set of codes that indicate the type of coverage of a plan.</p>\n</div><p>This value set includes codes from the following code systems:</p><ul><li>Include these codes as defined in <a href=\"CodeSystem-codesystem-payercharacteristics.html\"><code>http://hl7.org/fhir/ig/vhdir/CodeSystem/codesystem-payercharacteristics</code></a><table class=\"none\"><tr><td style=\"white-space:nowrap\"><b>Code</b></td><td><b>Display</b></td></tr><tr><td><a href=\"CodeSystem-codesystem-payercharacteristics.html#codesystem-payercharacteristics-medical\">medical</a></td><td>Medical</td><td>Type of insurance plan that covers medical services.</td></tr><tr><td><a href=\"CodeSystem-codesystem-payercharacteristics.html#codesystem-payercharacteristics-dental\">dental</a></td><td>Dental</td><td>Type of insurance plan that covers dental services.</td></tr><tr><td><a href=\"CodeSystem-codesystem-payercharacteristics.html#codesystem-payercharacteristics-mentHlth\">mentHlth</a></td><td>Mental Health</td><td>Mental health insurance coverage.</td></tr><tr><td><a href=\"CodeSystem-codesystem-payercharacteristics.html#codesystem-payercharacteristics-substanceabuse\">substanceabuse</a></td><td>Substance Abuse</td><td>Type of insurance plan that covers substance abuse services.</td></tr><tr><td><a href=\"CodeSystem-codesystem-payercharacteristics.html#codesystem-payercharacteristics-vision\">vision</a></td><td>Vision</td><td>Type of insurance plan that covers vision services.</td></tr><tr><td><a href=\"CodeSystem-codesystem-payercharacteristics.html#codesystem-payercharacteristics-drug\">drug</a></td><td>Drug</td><td>Type of insurance plan that covers prescription drugs.</td></tr><tr><td><a href=\"CodeSystem-codesystem-payercharacteristics.html#codesystem-payercharacteristics-stc\">stc</a></td><td>Short Term Care</td><td>Type of insurance plan that covers short term care.</td></tr><tr><td><a href=\"CodeSystem-codesystem-payercharacteristics.html#codesystem-payercharacteristics-ltc\">ltc</a></td><td>Long Term Care</td><td>Type of insurance plan that covers long term care.</td></tr><tr><td><a href=\"CodeSystem-codesystem-payercharacteristics.html#codesystem-payercharacteristics-hospice\">hospice</a></td><td>Hospice</td><td>Type of insurance plan that covers hospice services.</td></tr><tr><td><a href=\"CodeSystem-codesystem-payercharacteristics.html#codesystem-payercharacteristics-homehealth\">homehealth</a></td><td>Home Health</td><td>Type of insurance plan that covers home health services.</td></tr><tr><td><a href=\"CodeSystem-codesystem-payercharacteristics.html#codesystem-payercharacteristics-dmepos\">dmepos</a></td><td>DMEPOS</td><td>Durable Medical Equipment, Prosthetics/Orthotics and Supplies.</td></tr><tr><td><a href=\"CodeSystem-codesystem-payercharacteristics.html#codesystem-payercharacteristics-imagingadv\">imagingadv</a></td><td>Advanced Imaging (CT/PET Scans, MRIs)</td><td>Advances imaging techniques services (CT/PET Scans, MRIs) coverage.</td></tr><tr><td><a href=\"CodeSystem-codesystem-payercharacteristics.html#codesystem-payercharacteristics-prev\">prev</a></td><td>Preventive Care/Screening/Immunization</td><td>Preventive Care/Screening/Immunization.</td></tr><tr><td><a href=\"CodeSystem-codesystem-payercharacteristics.html#codesystem-payercharacteristics-rehab\">rehab</a></td><td>Rehabilitation</td><td>Rehabilitation.</td></tr></table></li></ul></div>"
  },
  "url": "http://hl7.org/fhir/ig/vhdir/ValueSet/valueset-coverage-type",
  "version": "0.2.0",
  "name": "VhDir Coverage Type",
  "title": "VhDir Coverage Type",
  "status": "active",
  "date": "2018-02-21",
  "publisher": "HL7 - TBD",
  "contact": [
    {
      "telecom": [
        {
          "system": "other",
          "value": "http://hl7.org/fhir"
        }
      ]
    }
  ],
  "description": "This value set defines a set of codes that indicate the type of coverage of a plan.",
  "compose": {
    "include": [
      {
        "system": "http://hl7.org/fhir/ig/vhdir/CodeSystem/codesystem-payercharacteristics",
        "concept": [
          {
            "code": "medical"
          },
          {
            "code": "dental"
          },
          {
            "code": "mentHlth"
          },
          {
            "code": "substanceabuse"
          },
          {
            "code": "vision"
          },
          {
            "code": "drug"
          },
          {
            "code": "stc"
          },
          {
            "code": "ltc"
          },
          {
            "code": "hospice"
          },
          {
            "code": "homehealth"
          },
          {
            "code": "dmepos"
          },
          {
            "code": "imagingadv"
          },
          {
            "code": "prev"
          },
          {
            "code": "rehab"
          }
        ]
      }
    ]
  }
}