{
  "resourceType": "ValueSet",
  "id": "valueset-network-type",
  "text": {
    "status": "generated",
    "div": "<div xmlns=\"http://www.w3.org/1999/xhtml\"><h2>VhDir Network Type Value Set</h2><div><p>Codes for documenting network type.</p>\n</div><p>This value set includes codes from the following code systems:</p><ul><li>Include all codes defined in <a href=\"CodeSystem-codesystem-network-type.html\"><code>http://hl7.org/fhir/ig/vhdir/CodeSystem/codesystem-network-type</code></a></li></ul></div>"
  },
  "url": "http://hl7.org/fhir/ig/vhdir/ValueSet/valueset-network-type",
  "version": "0.2.0",
  "name": "VhDir Network Type Value Set",
  "title": "VhDir Network Type Value Set",
  "status": "active",
  "date": "2018-02-21",
  "publisher": "HL7 - TBD",
  "contact": [
    {
      "telecom": [
        {
          "system": "other",
          "value": "http://hl7.org/fhir"
        }
      ]
    }
  ],
  "description": "Codes for documenting network type.",
  "compose": {
    "include": [
      {
        "system": "http://hl7.org/fhir/ig/vhdir/CodeSystem/codesystem-network-type"
      }
    ]
  }
}