{
  "resourceType": "ValueSet",
  "id": "valueset-plan-type",
  "text": {
    "status": "generated",
    "div": "<div xmlns=\"http://www.w3.org/1999/xhtml\"><h2>VhDir Plan Type</h2><div><p>This value set defines a set of codes that indicate the type of a plan.</p>\n</div><p>This value set includes codes from the following code systems:</p><ul><li>Include these codes as defined in <code>http://hl7.org/fhir/ig/vhdir/CodeSystem/codesystem-payorcharacteristics</code><table class=\"none\"><tr><td style=\"white-space:nowrap\"><b>Code</b></td><td><b>Display</b></td></tr><tr><td>cat</td><td/><td/></tr><tr><td>bronze</td><td/><td/></tr><tr><td>bronzeexp</td><td/><td/></tr><tr><td>silver</td><td/><td/></tr><tr><td>gold</td><td/><td/></tr><tr><td>platinum</td><td/><td/></tr><tr><td>lowded</td><td/><td/></tr><tr><td>highded</td><td/><td/></tr></table></li></ul></div>"
  },
  "url": "http://hl7.org/fhir/ig/vhdir/ValueSet/valueset-plan-type",
  "version": "0.2.0",
  "name": "VhDir Plan Type",
  "title": "VhDir Plan Type",
  "status": "active",
  "date": "2018-02-21",
  "publisher": "HL7 - TBD",
  "contact": [
    {
      "telecom": [
        {
          "system": "other",
          "value": "http://hl7.org/fhir"
        }
      ]
    }
  ],
  "description": "This value set defines a set of codes that indicate the type of a plan.",
  "compose": {
    "include": [
      {
        "system": "http://hl7.org/fhir/ig/vhdir/CodeSystem/codesystem-payorcharacteristics",
        "concept": [
          {
            "code": "cat"
          },
          {
            "code": "bronze"
          },
          {
            "code": "bronzeexp"
          },
          {
            "code": "silver"
          },
          {
            "code": "gold"
          },
          {
            "code": "platinum"
          },
          {
            "code": "lowded"
          },
          {
            "code": "highded"
          }
        ]
      }
    ]
  }
}